{"type":"FeatureCollection","name":"LFLL AVISO","bbox":[5.074392778,45.696254722,5.099089444,45.752823333],"metadata":{"schema":"vSMR AVISO","schema_version":2,"geometry_mode":"shared","airport":"LFLL","coordinate_reference_system":"WGS84","coordinate_order":"longitude, latitude","default_color_palette":"dark","color_palettes":["dark","light","real"],"background_colors":{"dark":"#434A4F","light":"#434A4F","real":"#50595F"},"runways":[{"ends":["17R","35L"],"headings":[173,353],"thresholds":[[5.085938889,45.746588889],[5.0903,45.710746944]]},{"ends":["17L","35R"],"headings":[173,353],"thresholds":[[5.091868889,45.734941944],[5.094780833,45.711005833]]}],"saved_active_runways":[],"saved_active_airport_modes":[],"airport_reference":[5.081110833,45.725555833],"feature_count":420,"style_count":21,"layer_counts":{"Airfield surfaces":35,"Buildings and structures":35,"Guidance lines":6,"Labels":165,"Operational restrictions":4,"Surface markings":173,"Terrain":2},"category_counts":{"Blue taxiway guidance lines":1,"Buildings":35,"Closure areas":4,"Gates":99,"Grass":1,"Hard Surface 2":8,"Hard Surface 3":13,"Hard Surface 4":12,"Orange taxiway guidance lines":1,"Red taxiway guidance lines":1,"Red taxiway markings":4,"Runway 17 TORA labels":4,"Runway 35 TORA labels":5,"Runways":2,"Stand entry lines":1,"Stopbars":17,"Surface marking lines":1,"Surface markings":152,"Taxiways":58,"Terrain 1":1},"geometry_source":"local GNG","geometry_source_url":"","geometry_license":"GPL-3.0"},"styles":{"polygon.grassurface.00512f":{"name":"Grass","layer":"Terrain","object_type":"Area","paint":{"fill":"#010D19","fill-opacity":1,"palette-overrides":{"light":{"fill":"#00512F"},"real":{"fill":"#50595F"}}},"feature_count":1},"polygon.terrain1.574242":{"name":"Terrain 1","layer":"Terrain","object_type":"Area","paint":{"fill":"#574242","fill-opacity":1,"palette-overrides":{"light":{"fill":"#574242"},"real":{"fill":"#50595F"}}},"feature_count":1},"polygon.hardsurface3.8a807f":{"name":"Hard Surface 3","layer":"Airfield surfaces","object_type":"Area","paint":{"fill":"#222D3C","fill-opacity":1,"palette-overrides":{"light":{"fill":"#8A807F"},"real":{"fill":"#50595F","stroke":"#7C8386","polygon-outline":true}},"stroke-width":0.75,"stroke-opacity":1},"feature_count":13},"polygon.hardsurface2.595e5b":{"name":"Hard Surface 2","layer":"Airfield surfaces","object_type":"Area","paint":{"fill":"#2F3949","fill-opacity":1,"palette-overrides":{"light":{"fill":"#595E5B"},"real":{"fill":"#50595F","stroke":"#7C8386","polygon-outline":true}},"stroke-width":0.75,"stroke-opacity":1},"feature_count":8},"polygon.hardsurface4.969393":{"name":"Hard Surface 4","layer":"Airfield surfaces","object_type":"Area","paint":{"fill":"#152841","fill-opacity":1,"palette-overrides":{"light":{"fill":"#969393"},"real":{"fill":"#50595F","stroke":"#7C8386","polygon-outline":true}},"stroke-width":0.75,"stroke-opacity":1},"feature_count":12},"polygon.runwayconcrete.555555":{"name":"Runways","layer":"Airfield surfaces","object_type":"Area","paint":{"fill":"#111318","fill-opacity":1,"palette-overrides":{"light":{"fill":"#555555"},"real":{"fill":"#818C92","stroke":"#949DA2","polygon-outline":true}},"stroke-width":0.75,"stroke-opacity":1},"feature_count":2},"polygon.building.394446":{"name":"Buildings","layer":"Buildings and structures","object_type":"Area","paint":{"fill":"#475570","fill-opacity":1,"palette-overrides":{"light":{"fill":"#394446"},"real":{"fill":"#7F8B91"}}},"feature_count":35},"polygon.stopbar.7e0000":{"name":"Stopbars","layer":"Surface markings","object_type":"Area","paint":{"fill":"#7E0000","fill-opacity":1,"palette-overrides":{"light":{"fill":"#7E0000"},"real":{"fill":"#CDCA79"}}},"feature_count":17},"polygon.closurearea.ff0000":{"name":"Closure areas","layer":"Operational restrictions","object_type":"Area","paint":{"fill":"#FF0000","fill-opacity":1,"palette-overrides":{"light":{"fill":"#FF0000"},"real":{"fill":"#FF0000"}}},"feature_count":4},"line.taxiway.c0b631":{"name":"Taxiways","layer":"Guidance lines","object_type":"Line","paint":{"stroke":"#4E5A69","stroke-opacity":1,"stroke-width":1,"palette-overrides":{"light":{"stroke":"#C0B631"},"real":{"stroke":"#89816E"}}},"feature_count":1},"label.gates":{"name":"Gates","layer":"Labels","object_type":"Label","paint":{"text-color":"#CCCCCC","text-font":"Arial","text-size":12,"text-halo-color":"#000000","text-halo-width":1,"text-anchor":"center","zoomLevel":9,"palette-overrides":{"real":{"text-color":"#64CDD0","text-halo-color":"#50595F"}}},"feature_count":99},"label.taxiways":{"name":"Taxiways","layer":"Labels","object_type":"Label","paint":{"text-color":"#CCCCCC","text-font":"Arial","text-size":12,"text-halo-color":"#000000","text-halo-width":1,"text-anchor":"center","zoomLevel":7,"palette-overrides":{"real":{"text-color":"#BCC3C5","text-halo-color":"#50595F"}}},"feature_count":57},"line.standentry":{"name":"Stand entry lines","layer":"Guidance lines","object_type":"Line","paint":{"stroke":"#1E5A6E","stroke-opacity":1,"stroke-width":0.75,"palette-overrides":{"light":{},"real":{"stroke":"#928877"}}},"feature_count":1},"line.surfacemarking":{"name":"Surface marking lines","layer":"Guidance lines","object_type":"Line","paint":{"stroke":"#666666","stroke-opacity":1,"stroke-width":0.75,"palette-overrides":{"light":{},"real":{"stroke":"#9CA7AD"}}},"feature_count":1},"line.taxiwayblue.004080":{"name":"Blue taxiway guidance lines","layer":"Guidance lines","object_type":"Line","paint":{"stroke":"#3B5296","stroke-opacity":1,"stroke-width":0.75,"palette-overrides":{"light":{},"real":{"stroke":"#979BCC"}}},"feature_count":1},"line.taxiwayorange.cc6d00":{"name":"Orange taxiway guidance lines","layer":"Guidance lines","object_type":"Line","paint":{"stroke":"#CC8B00","stroke-opacity":1,"stroke-width":0.75,"palette-overrides":{"light":{},"real":{"stroke":"#C69A82"}}},"feature_count":1},"line.taxiwayred":{"name":"Red taxiway guidance lines","layer":"Guidance lines","object_type":"Line","paint":{"stroke":"#E60000","stroke-opacity":1,"stroke-width":0.75,"palette-overrides":{"light":{},"real":{"stroke":"#C98592"}}},"feature_count":1},"polygon.surfacemarking":{"name":"Surface markings","layer":"Surface markings","object_type":"Area","paint":{"fill":"#666666","fill-opacity":1,"stroke":"#666666","stroke-opacity":1,"stroke-width":0.5,"palette-overrides":{"light":{},"real":{"fill":"#9CA7AD","stroke":"#9CA7AD"}}},"feature_count":152},"polygon.taxiwayred":{"name":"Red taxiway markings","layer":"Surface markings","object_type":"Area","paint":{"fill":"#E60000","fill-opacity":1,"stroke":"#E60000","stroke-opacity":1,"stroke-width":0.5,"palette-overrides":{"light":{},"real":{"fill":"#C98592","stroke":"#C98592"}}},"feature_count":4},"label.tora.rwy17":{"name":"Runway 17 TORA labels","layer":"Labels","object_type":"Label","paint":{"text-anchor":"center","text-color":"#CCCCCC","text-font":"Arial","text-halo-color":"#000000","text-halo-width":1,"text-size":10,"zoomLevel":9,"palette-overrides":{"light":{},"real":{"text-color":"#CCD0D0","text-halo-color":"#50595F"}}},"feature_count":4},"label.tora.rwy35":{"name":"Runway 35 TORA labels","layer":"Labels","object_type":"Label","paint":{"text-anchor":"center","text-color":"#CCCCCC","text-font":"Arial","text-halo-color":"#000000","text-halo-width":1,"text-size":10,"zoomLevel":9,"palette-overrides":{"light":{},"real":{"text-color":"#CCD0D0","text-halo-color":"#50595F"}}},"feature_count":5}},"vsmr_groups":[{"id":"lfll-distance-labels","name":"Runway distance labels","visible":true}],"features":[{"type":"Feature","id":"LFLL-9a1c567a7b34ee95f9ac","properties":{"airport":"LFLL","name":"LFLL AVISO","layer":"Terrain","category":"Terrain 1","object_type":"Area","style_id":"polygon.terrain1.574242","source_group":"LFLL AVISO","vsmr_group_ids":[],"geometry_role":"filled_region"},"geometry":{"type":"Polygon","coordinates":[[[5.081578056,45.725204444],[5.081511111,45.725198056],[5.081452222,45.725214722],[5.081404444,45.725235],[5.081374722,45.725260556],[5.081363611,45.725279722],[5.081344722,45.725294167],[5.081318056,45.725305556],[5.081285556,45.725305278],[5.081249167,45.725299167],[5.080945833,45.725243611],[5.080868056,45.725229722],[5.080815278,45.725225278],[5.0807625,45.725221944],[5.080698611,45.725223056],[5.080638611,45.725226667],[5.080591667,45.725233056],[5.080526944,45.725245278],[5.078858889,45.725666111],[5.078768056,45.725683056],[5.078625833,45.725699722],[5.078484722,45.725705278],[5.078357222,45.725706667],[5.078250556,45.725700833],[5.078135278,45.725679167],[5.078055278,45.7256575],[5.07792,45.725611944],[5.077837222,45.725580833],[5.077750556,45.725534444],[5.077666111,45.725477778],[5.077595556,45.725424444],[5.077539167,45.725370556],[5.077492778,45.725316667],[5.077451944,45.725265556],[5.077420833,45.725216111],[5.077395,45.725168333],[5.077372222,45.725105556],[5.077354722,45.725050556],[5.077341944,45.724986667],[5.077286944,45.724285556],[5.077284444,45.724228889],[5.077302778,45.724070833],[5.077315833,45.72401],[5.077333611,45.723952778],[5.077364722,45.723893056],[5.077408611,45.723828333],[5.077458611,45.723760833],[5.07751,45.723698611],[5.077545833,45.723665833],[5.077672222,45.723581111],[5.077803611,45.723506944],[5.0779125,45.723457778],[5.078006111,45.7234275],[5.078934722,45.723188611],[5.079078333,45.723151111],[5.079089722,45.723145278],[5.079097778,45.723135278],[5.079104167,45.723116389],[5.079105278,45.723099722],[5.079098333,45.723081944],[5.079073333,45.723031944],[5.079071111,45.723020556],[5.079075556,45.723005278],[5.079085833,45.722988889],[5.079104167,45.722975556],[5.079290556,45.722858889],[5.079316944,45.722843889],[5.079339444,45.722833611],[5.079365278,45.7228275],[5.079419167,45.722816944],[5.079718056,45.722770833],[5.079765278,45.722764722],[5.079808611,45.722764167],[5.079844167,45.722770278],[5.0798875,45.722784167],[5.080380833,45.723026944],[5.080423611,45.723051111],[5.080471111,45.723056667],[5.080551667,45.723066944],[5.080727222,45.723054167],[5.080916944,45.723745],[5.083137222,45.724159722],[5.083415,45.7241975],[5.083209167,45.725501667],[5.081578056,45.725204444]]]}},{"type":"Feature","id":"LFLL-094f7804f13a0dcb26b1","properties":{"airport":"LFLL","name":"LFLL AVISO","layer":"Terrain","category":"Grass","object_type":"Area","style_id":"polygon.grassurface.00512f","source_group":"LFLL AVISO","vsmr_group_ids":[],"geometry_role":"filled_region"},"geometry":{"type":"Polygon","coordinates":[[[5.074983611,45.7132625],[5.075015,45.713121944],[5.075130556,45.712975278],[5.075392778,45.712775],[5.076435,45.712371667],[5.076723611,45.712292778],[5.077894722,45.712005833],[5.081194444,45.711367778],[5.081441944,45.711315],[5.081579167,45.711233056],[5.081729444,45.711131111],[5.081838333,45.710997222],[5.081903889,45.710858056],[5.081898611,45.710737222],[5.081834444,45.710363333],[5.081813889,45.710206667],[5.081805278,45.709806667],[5.081820833,45.708950556],[5.081824444,45.708728056],[5.081818333,45.708475833],[5.0818425,45.708323333],[5.081901667,45.708147222],[5.081963611,45.708048333],[5.082028889,45.708009444],[5.082082222,45.70799],[5.082142778,45.707972778],[5.082210278,45.707931389],[5.082260556,45.707876111],[5.082284167,45.707818056],[5.082283056,45.707765833],[5.082263611,45.707716389],[5.082225556,45.707670556],[5.082172222,45.707631944],[5.082112778,45.707603333],[5.0820575,45.707574722],[5.082003056,45.707529722],[5.081965,45.707480278],[5.081915278,45.707375833],[5.081891389,45.706764722],[5.081802778,45.704297778],[5.081701667,45.701827778],[5.081621111,45.699698889],[5.081534167,45.697573056],[5.081826389,45.697279722],[5.083446111,45.696733889],[5.084088056,45.696527222],[5.084501389,45.696422778],[5.084778056,45.696358889],[5.085058889,45.696317778],[5.085370556,45.696282222],[5.085831944,45.696254722],[5.086370556,45.6962575],[5.0868175,45.696305556],[5.087256667,45.696367778],[5.087681111,45.696450833],[5.088170556,45.696564167],[5.089111111,45.6968025],[5.090288056,45.697096111],[5.090608333,45.697183056],[5.091256944,45.697423611],[5.091660278,45.697638056],[5.092235,45.698084167],[5.093919444,45.699489167],[5.095786667,45.701085556],[5.096481944,45.701661389],[5.096771111,45.701938056],[5.0971825,45.702380833],[5.097484722,45.702815833],[5.0978225,45.703544444],[5.098014444,45.704279444],[5.09856,45.70644],[5.098837778,45.707432222],[5.098926944,45.707757778],[5.099051944,45.708093333],[5.099089444,45.708380833],[5.098992778,45.709297222],[5.098506389,45.712926667],[5.098319167,45.713206667],[5.097888611,45.714512222],[5.097414722,45.716078056],[5.097074444,45.717262778],[5.096483611,45.719240833],[5.096466111,45.719398333],[5.096463889,45.719848056],[5.096447222,45.720032778],[5.096176111,45.722183333],[5.096010556,45.723570833],[5.095540278,45.727525278],[5.095424722,45.728518611],[5.095353333,45.729226111],[5.09533,45.729650833],[5.095233611,45.731867222],[5.095253333,45.732224444],[5.095240556,45.732382222],[5.095177778,45.732648333],[5.095173333,45.732963333],[5.095188056,45.734456111],[5.095355,45.734964722],[5.095417222,45.737658333],[5.094227222,45.7380725],[5.093649167,45.742142222],[5.0936025,45.742289444],[5.093514722,45.742525],[5.093431667,45.742666389],[5.0933475,45.742781389],[5.093225556,45.742912222],[5.092199167,45.744062222],[5.091978056,45.744310278],[5.091813611,45.746015556],[5.091265278,45.7461],[5.0912975,45.746280556],[5.089545833,45.747054722],[5.088748889,45.747956944],[5.089463611,45.751640278],[5.087047222,45.752228611],[5.085849722,45.752481389],[5.085453889,45.752569167],[5.084545,45.752823333],[5.083209444,45.75216],[5.083205833,45.748299167],[5.080941389,45.741656111],[5.080980278,45.741325833],[5.082241111,45.730959444],[5.078036389,45.730717778],[5.077585278,45.727471111],[5.0774825,45.727404167],[5.077337222,45.727030556],[5.076785833,45.725778333],[5.076618889,45.724697778],[5.074983611,45.7132625]]]}},{"type":"Feature","id":"LFLL-6177b3a445380cb7cae9","properties":{"airport":"LFLL","name":"LFLL AVISO","layer":"Airfield surfaces","category":"Hard Surface 4","object_type":"Area","style_id":"polygon.hardsurface4.969393","source_group":"LFLL AVISO","vsmr_group_ids":[],"geometry_role":"filled_region"},"geometry":{"type":"Polygon","coordinates":[[[5.080665,45.722881944],[5.080841111,45.723445278],[5.080505278,45.723501111],[5.079872222,45.722798889],[5.080063333,45.722603333],[5.080665,45.722881944]]]}},{"type":"Feature","id":"LFLL-a95e4d9954b54947e3bc","properties":{"airport":"LFLL","name":"LFLL AVISO","layer":"Airfield surfaces","category":"Hard Surface 2","object_type":"Area","style_id":"polygon.hardsurface2.595e5b","source_group":"LFLL AVISO","vsmr_group_ids":[],"geometry_role":"filled_region"},"geometry":{"type":"Polygon","coordinates":[[[5.091923611,45.71878],[5.091929444,45.718893056],[5.091968889,45.719079722],[5.092051944,45.719266667],[5.092092778,45.719357222],[5.092158889,45.719473889],[5.092574167,45.720079167],[5.092046389,45.720257222],[5.092015833,45.720225],[5.09197,45.720187778],[5.091913056,45.720150278],[5.091843056,45.720124167],[5.090600278,45.719953611],[5.090549722,45.719928611],[5.090331944,45.719911944],[5.090390278,45.719530833],[5.091515833,45.719597222],[5.091556111,45.7195825],[5.091577778,45.719555556],[5.091570556,45.719516389],[5.091503889,45.719426111],[5.091421111,45.719284167],[5.091371389,45.719156667],[5.091310556,45.7189625],[5.091298889,45.718815556],[5.091302222,45.718643056],[5.091508611,45.716890556],[5.091459444,45.716795556],[5.091403056,45.716728056],[5.091325,45.716664444],[5.091235833,45.716621111],[5.091128333,45.716589444],[5.09074,45.716541111],[5.090804167,45.716105833],[5.0921725,45.716179167],[5.092290833,45.716193333],[5.092375278,45.716214444],[5.092481111,45.716236111],[5.092560556,45.716267778],[5.092666667,45.716315556],[5.092735,45.716363333],[5.092808611,45.716419722],[5.092873333,45.71648],[5.092936944,45.716558889],[5.092965,45.716608889],[5.092411944,45.716795278],[5.092355,45.716774444],[5.092280833,45.716771111],[5.092215278,45.716791111],[5.092160556,45.71682],[5.092116944,45.716849722],[5.092091944,45.716885],[5.092075556,45.716966111],[5.091923611,45.718676944],[5.091923611,45.71878]]]}},{"type":"Feature","id":"LFLL-153ec847d2d111ab6435","properties":{"airport":"LFLL","name":"LFLL AVISO","layer":"Airfield surfaces","category":"Hard Surface 2","object_type":"Area","style_id":"polygon.hardsurface2.595e5b","source_group":"LFLL AVISO","vsmr_group_ids":[],"geometry_role":"filled_region"},"geometry":{"type":"Polygon","coordinates":[[[5.093469444,45.711238333],[5.091391389,45.711098611],[5.091443889,45.710720556],[5.093693333,45.710851944],[5.093619722,45.711252222],[5.093469444,45.711238333]]]}},{"type":"Feature","id":"LFLL-b6e1431e00e7fc84dda6","properties":{"airport":"LFLL","name":"LFLL AVISO","layer":"Airfield surfaces","category":"Hard Surface 2","object_type":"Area","style_id":"polygon.hardsurface2.595e5b","source_group":"LFLL AVISO","vsmr_group_ids":[],"geometry_role":"filled_region"},"geometry":{"type":"Polygon","coordinates":[[[5.091581944,45.726391111],[5.091149444,45.7268375],[5.091016944,45.726973611],[5.090928333,45.727136667],[5.090857778,45.727298611],[5.090813611,45.727439722],[5.090631944,45.729033056],[5.090634167,45.729145278],[5.090646944,45.729205],[5.090663056,45.729268333],[5.090716944,45.729281111],[5.090947778,45.729048333],[5.091429444,45.72928],[5.091161111,45.7295675],[5.091261111,45.729560833],[5.091388611,45.729570833],[5.091360833,45.729966667],[5.089059722,45.729829444],[5.089118056,45.729441944],[5.089303333,45.729446667],[5.089427778,45.729445556],[5.089539722,45.729431944],[5.089656111,45.729408611],[5.089759167,45.729376944],[5.08985,45.729329722],[5.089917222,45.729268611],[5.089978611,45.729190833],[5.090005833,45.7291125],[5.090038889,45.729035833],[5.090056667,45.728906667],[5.090121111,45.728516111],[5.0902625,45.727395833],[5.090326667,45.727164167],[5.090391389,45.727036389],[5.090468611,45.726886667],[5.090544722,45.726769722],[5.090661389,45.726619444],[5.091326389,45.725944167],[5.091801389,45.726157778],[5.091581944,45.726391111]]]}},{"type":"Feature","id":"LFLL-d28e32d3676bafb92db0","properties":{"airport":"LFLL","name":"LFLL AVISO","layer":"Airfield surfaces","category":"Hard Surface 2","object_type":"Area","style_id":"polygon.hardsurface2.595e5b","source_group":"LFLL AVISO","vsmr_group_ids":[],"geometry_role":"filled_region"},"geometry":{"type":"Polygon","coordinates":[[[5.088532222,45.736302778],[5.088247778,45.73597],[5.090556667,45.735018056],[5.090843333,45.735352778],[5.088532222,45.736302778]]]}},{"type":"Feature","id":"LFLL-ec1903c2bdb04bd607df","properties":{"airport":"LFLL","name":"LFLL AVISO","layer":"Airfield surfaces","category":"Hard Surface 2","object_type":"Area","style_id":"polygon.hardsurface2.595e5b","source_group":"LFLL AVISO","vsmr_group_ids":[],"geometry_role":"filled_region"},"geometry":{"type":"Polygon","coordinates":[[[5.084592778,45.746559444],[5.084411389,45.746501667],[5.084197222,45.746403611],[5.084086389,45.746323611],[5.0840025,45.746245556],[5.083929444,45.746156389],[5.083848889,45.746053333],[5.083800556,45.745953889],[5.083748333,45.745797778],[5.083082778,45.743809444],[5.082624444,45.742447222],[5.082151111,45.741023611],[5.081896389,45.740223333],[5.081881667,45.740103889],[5.081869722,45.739965],[5.081873611,45.739814167],[5.082388056,45.735714722],[5.082949167,45.731094167],[5.083423889,45.731123889],[5.082811667,45.736251667],[5.082818611,45.736344444],[5.082836111,45.736488056],[5.082885,45.736616667],[5.082948889,45.736706111],[5.083032778,45.736793889],[5.08314,45.736865833],[5.083280556,45.736946667],[5.083404722,45.737001667],[5.083537222,45.737037222],[5.083611667,45.737048611],[5.083710556,45.737064444],[5.083835833,45.737068889],[5.083955,45.737060556],[5.084251111,45.737023056],[5.085997222,45.736701389],[5.085949722,45.737156667],[5.085845278,45.737141667],[5.085737222,45.737134722],[5.085641944,45.737134722],[5.085258611,45.737187778],[5.084396667,45.737343889],[5.083475833,45.737518889],[5.083090278,45.737610278],[5.0828675,45.737671389],[5.082808889,45.737696667],[5.0827625,45.737719722],[5.082720833,45.737745556],[5.082683889,45.737800278],[5.082651389,45.737875],[5.082598056,45.738042778],[5.0825625,45.738172222],[5.082433056,45.739249722],[5.082383056,45.739656389],[5.082372778,45.739769444],[5.082368333,45.739879444],[5.082372222,45.739979167],[5.082380278,45.740064722],[5.082393333,45.740181389],[5.082404722,45.740258333],[5.082418889,45.740336111],[5.082679722,45.740713333],[5.082686111,45.740801667],[5.082665,45.740816111],[5.082741389,45.741041389],[5.082687778,45.741178889],[5.082987778,45.742064722],[5.0832325,45.742749167],[5.083290556,45.742871944],[5.083380278,45.742999167],[5.083474167,45.743087778],[5.083607778,45.743178056],[5.083756667,45.743246667],[5.083881667,45.743295278],[5.084008889,45.743316111],[5.084144167,45.743331944],[5.084294167,45.743349444],[5.084430278,45.743361111],[5.0846075,45.743375833],[5.084801667,45.743378611],[5.085055278,45.743386667],[5.085168333,45.743390556],[5.085146389,45.743741944],[5.084535833,45.743707778],[5.084021944,45.743708056],[5.083914444,45.743717778],[5.083848889,45.743745833],[5.083798333,45.74377],[5.083751667,45.743807222],[5.083702778,45.743853889],[5.083691111,45.743900833],[5.08368,45.743954722],[5.083723333,45.744255833],[5.084268333,45.745830278],[5.084308056,45.745902222],[5.084355833,45.745970833],[5.0843825,45.7460325],[5.08448,45.746105278],[5.084608056,45.746178611],[5.084714722,45.746212222],[5.084838889,45.746245],[5.084815833,45.746603056],[5.084592778,45.746559444]]]}},{"type":"Feature","id":"LFLL-88f3f0fa4f966ece48b8","properties":{"airport":"LFLL","name":"LFLL AVISO","layer":"Airfield surfaces","category":"Hard Surface 2","object_type":"Area","style_id":"polygon.hardsurface2.595e5b","source_group":"LFLL AVISO","vsmr_group_ids":[],"geometry_role":"filled_region"},"geometry":{"type":"Polygon","coordinates":[[[5.089012222,45.711024167],[5.088878611,45.711018056],[5.088720556,45.711029167],[5.088469444,45.711052778],[5.088124722,45.711103333],[5.087050278,45.711306667],[5.086433056,45.71144],[5.086376111,45.711410278],[5.086286667,45.711437222],[5.086215556,45.711471944],[5.086156944,45.711497222],[5.086114167,45.711523333],[5.086084444,45.711544722],[5.0860275,45.711587778],[5.085983056,45.711628611],[5.085935278,45.711662778],[5.085896111,45.711714722],[5.085852778,45.711773056],[5.085814444,45.711849722],[5.085776944,45.711952778],[5.085721111,45.712211389],[5.085435278,45.714582222],[5.085435278,45.714648611],[5.085479167,45.715515278],[5.085502778,45.715577778],[5.085563889,45.715641111],[5.085657222,45.715695556],[5.085839444,45.715731111],[5.085790278,45.716261944],[5.085640278,45.716268056],[5.085522778,45.716307222],[5.085445556,45.716349167],[5.085388333,45.71641],[5.0851625,45.717119444],[5.085127778,45.717123056],[5.084963056,45.718559722],[5.084971111,45.718643611],[5.084990833,45.718884722],[5.085048056,45.718999444],[5.0851075,45.719060833],[5.085184722,45.719115],[5.085253333,45.719150556],[5.0853425,45.719178056],[5.085465278,45.719205833],[5.085400556,45.719656667],[5.085330556,45.719659444],[5.085265833,45.719667778],[5.085204167,45.719680278],[5.085115278,45.719704722],[5.085047222,45.719731389],[5.084988056,45.719773333],[5.084928611,45.719834444],[5.084881667,45.719892222],[5.0848475,45.7199575],[5.084792222,45.720139722],[5.084705833,45.720576944],[5.084470278,45.7225275],[5.084346389,45.723549722],[5.084346389,45.7236125],[5.084355833,45.723874722],[5.084362222,45.723941667],[5.084376111,45.723978889],[5.0844,45.724023889],[5.084428056,45.724061667],[5.084471111,45.724094722],[5.084540278,45.724126389],[5.084611389,45.724146111],[5.084695278,45.724153056],[5.0848025,45.724148056],[5.085115556,45.724110833],[5.085260556,45.724091111],[5.085393611,45.72407],[5.087596667,45.723651667],[5.087534167,45.724104444],[5.087436667,45.724096667],[5.087334722,45.724090278],[5.087217222,45.724092778],[5.086861111,45.724137222],[5.085220278,45.7244475],[5.084979722,45.724503056],[5.084731667,45.724568056],[5.084623056,45.724606667],[5.084527222,45.724663889],[5.084457222,45.724708056],[5.084398611,45.724759444],[5.084336667,45.724822222],[5.084273889,45.724893333],[5.084219444,45.724982222],[5.084171667,45.725123889],[5.0841325,45.725311667],[5.083807222,45.727962778],[5.083789444,45.728126944],[5.08378,45.728253333],[5.083772222,45.728350556],[5.0837775,45.728485278],[5.083777778,45.728564444],[5.083793889,45.728629444],[5.083827222,45.728712222],[5.083866111,45.728774167],[5.083931944,45.728860833],[5.084013333,45.728941389],[5.084103889,45.729010278],[5.084206111,45.729058611],[5.084303889,45.729108611],[5.084416944,45.729148056],[5.084561667,45.729175],[5.084753333,45.729193333],[5.085463611,45.729251389],[5.086287222,45.729304167],[5.086485556,45.729316111],[5.086608611,45.729319167],[5.086741389,45.7293175],[5.086941667,45.72931],[5.086886667,45.729690556],[5.086776389,45.729674722],[5.0866225,45.729654722],[5.086358333,45.729635556],[5.085328056,45.729574167],[5.084729167,45.729550833],[5.084563611,45.729548889],[5.084420833,45.729554722],[5.0843175,45.729569444],[5.084209167,45.729592778],[5.084075833,45.729633889],[5.083991111,45.729676389],[5.083898056,45.729726111],[5.083812222,45.729795],[5.083739167,45.729857222],[5.0836725,45.729915278],[5.083618333,45.730010833],[5.083585,45.730098056],[5.083545833,45.730235],[5.083433889,45.731135],[5.082941667,45.731098056],[5.083007222,45.730516944],[5.082404444,45.730474167],[5.080451667,45.730352222],[5.080529444,45.7296825],[5.080753056,45.727812222],[5.083096111,45.727959444],[5.083322778,45.727968056],[5.083486111,45.726696111],[5.083455556,45.726678056],[5.083408333,45.726666111],[5.083349722,45.726669167],[5.083274444,45.726678056],[5.0828025,45.726767778],[5.082765556,45.726778333],[5.082743611,45.726795],[5.082725,45.72681],[5.082723611,45.726833611],[5.082759722,45.726923889],[5.082768889,45.726947222],[5.082767778,45.726964722],[5.082760833,45.726979167],[5.082749722,45.726996389],[5.082729722,45.727008056],[5.082643333,45.727026111],[5.081377778,45.727261667],[5.081350833,45.727265278],[5.081320556,45.727261389],[5.081296389,45.727251667],[5.081279722,45.727236111],[5.081264167,45.727212778],[5.081247222,45.727146111],[5.081124444,45.726826944],[5.081124722,45.726803889],[5.081131389,45.726791389],[5.081140278,45.726778611],[5.081153333,45.726768056],[5.081167222,45.726758611],[5.081186111,45.726750833],[5.082530833,45.726498333],[5.082556667,45.726498333],[5.082575278,45.726501389],[5.082589722,45.726507222],[5.0826,45.726514722],[5.082636111,45.726602778],[5.082650833,45.726634167],[5.082675,45.726648889],[5.082704167,45.726652778],[5.082744444,45.726646389],[5.082775278,45.726630278],[5.082804167,45.726531944],[5.082810833,45.726513056],[5.0828175,45.726495556],[5.082834722,45.7264825],[5.082870833,45.726473889],[5.083126944,45.726428056],[5.083159722,45.726424722],[5.083191389,45.726426667],[5.083210556,45.726438889],[5.083318056,45.726538611],[5.0833325,45.7265525],[5.083353889,45.72656],[5.083380833,45.726565],[5.083427222,45.726558611],[5.083477222,45.726546111],[5.083505833,45.726532222],[5.083509722,45.726498611],[5.083568056,45.725951111],[5.083573611,45.725821389],[5.083565278,45.725790833],[5.083524722,45.725716111],[5.083471667,45.7256475],[5.083393889,45.725578333],[5.0833175,45.725538611],[5.083243056,45.725515278],[5.081569167,45.725196667],[5.081511111,45.725198056],[5.081452222,45.725214722],[5.081404444,45.725235],[5.081374722,45.725260556],[5.081363611,45.725279722],[5.081344722,45.725294167],[5.081318056,45.725305556],[5.081285556,45.725305278],[5.081249167,45.725299167],[5.080945833,45.725243611],[5.080868056,45.725229722],[5.080815278,45.725225278],[5.0807625,45.725221944],[5.080698611,45.725223056],[5.080638611,45.725226667],[5.080591667,45.725233056],[5.080526944,45.725245278],[5.078858889,45.725666111],[5.078768056,45.725683056],[5.078625833,45.725699722],[5.078484722,45.725705278],[5.078357222,45.725706667],[5.078250556,45.725700833],[5.078135278,45.725679167],[5.078055278,45.7256575],[5.07792,45.725611944],[5.077837222,45.725580833],[5.077750556,45.725534444],[5.077666111,45.725477778],[5.077595556,45.725424444],[5.077539167,45.725370556],[5.077492778,45.725316667],[5.077451944,45.725265556],[5.077420833,45.725216111],[5.077395,45.725168333],[5.077372222,45.725105556],[5.077354722,45.725050556],[5.077341944,45.724986667],[5.077286944,45.724285556],[5.077284444,45.724228889],[5.077302778,45.724070833],[5.077315833,45.72401],[5.077333611,45.723952778],[5.077364722,45.723893056],[5.077408611,45.723828333],[5.077458611,45.723760833],[5.07751,45.723698611],[5.077545833,45.723665833],[5.077672222,45.723581111],[5.077803611,45.723506944],[5.0779125,45.723457778],[5.078006111,45.7234275],[5.078934722,45.723188611],[5.079078333,45.723151111],[5.079089722,45.723145278],[5.079097778,45.723135278],[5.079104167,45.723116389],[5.079105278,45.723099722],[5.079098333,45.723081944],[5.079073333,45.723031944],[5.079071111,45.723020556],[5.079075556,45.723005278],[5.079085833,45.722988889],[5.079104167,45.722975556],[5.079290556,45.722858889],[5.079316944,45.722843889],[5.079339444,45.722833611],[5.079365278,45.7228275],[5.079419167,45.722816944],[5.079718056,45.722770833],[5.079765278,45.722764722],[5.079808611,45.722764167],[5.079844167,45.722770278],[5.0798875,45.722784167],[5.0804525,45.723056389],[5.080667222,45.722953889],[5.083428889,45.724106111],[5.083394444,45.724331944],[5.083426667,45.724357222],[5.083478333,45.7243775],[5.083531111,45.72434],[5.083613611,45.724278611],[5.083671389,45.724223611],[5.083716389,45.724163056],[5.083755556,45.724096389],[5.083792778,45.723964444],[5.083819722,45.723796667],[5.083808056,45.723646667],[5.083756389,45.723594167],[5.083675278,45.723546389],[5.083604167,45.723519444],[5.083501389,45.723498889],[5.083539444,45.723097778],[5.083653611,45.723123889],[5.083751389,45.723119167],[5.083829444,45.723094444],[5.083841667,45.723065556],[5.083829167,45.723025278],[5.083796111,45.722993611],[5.083729167,45.722939722],[5.083673889,45.722905],[5.083567778,45.722859722],[5.083624444,45.722396944],[5.083627778,45.7223425],[5.083671667,45.722351111],[5.083731111,45.7223625],[5.083781389,45.722358333],[5.083834167,45.722341667],[5.083898056,45.722305833],[5.083946389,45.722258056],[5.083986111,45.722209167],[5.084022778,45.722155278],[5.084040278,45.722090278],[5.084232222,45.720533056],[5.084233611,45.720443333],[5.084230833,45.720327778],[5.084225833,45.720230556],[5.084208333,45.720146389],[5.084178611,45.720088889],[5.084146389,45.720041667],[5.084101667,45.719996944],[5.084054444,45.719958611],[5.084000278,45.719920833],[5.083925833,45.719883056],[5.0838725,45.71985],[5.083765556,45.7198225],[5.083709722,45.719808611],[5.083745,45.719353889],[5.083890833,45.719329444],[5.083973889,45.719305],[5.084053333,45.719279722],[5.084131389,45.719244722],[5.084195833,45.719204444],[5.0842575,45.719154722],[5.0843025,45.719109444],[5.084352778,45.719038611],[5.084343056,45.719021944],[5.084324722,45.71901],[5.084303333,45.718997222],[5.084213333,45.718987222],[5.084166389,45.718981667],[5.084106944,45.7189975],[5.084106111,45.719008889],[5.084032222,45.7190475],[5.084218333,45.717641111],[5.084313333,45.716976944],[5.084348889,45.716703611],[5.084654444,45.714554167],[5.080344444,45.71529],[5.079931389,45.715389722],[5.078060833,45.716223611],[5.077177222,45.716226944],[5.076809722,45.715288333],[5.076793333,45.715269167],[5.076773056,45.715264167],[5.076533611,45.715306667],[5.076496667,45.715194167],[5.0762225,45.715247222],[5.076148056,45.715025278],[5.076409167,45.714973611],[5.076315278,45.714741944],[5.077134722,45.714576667],[5.077193056,45.714536667],[5.077215,45.714505556],[5.077225833,45.714446667],[5.0772375,45.714393056],[5.077262778,45.714341111],[5.077296944,45.714311944],[5.077341667,45.714286389],[5.077439722,45.714267222],[5.077849444,45.714192222],[5.078783889,45.714013056],[5.079009722,45.713952222],[5.080291111,45.713650556],[5.082536111,45.713239722],[5.082709444,45.713250556],[5.0828975,45.713340556],[5.083069722,45.713724722],[5.083135278,45.713788889],[5.083209722,45.713824722],[5.083361389,45.713855],[5.084505833,45.713933056],[5.084588333,45.713933889],[5.084665556,45.713921944],[5.084748056,45.713893056],[5.084822222,45.713851389],[5.084890833,45.713805278],[5.084948333,45.713754722],[5.084999722,45.713691111],[5.085024722,45.713648611],[5.085044444,45.713581667],[5.085046667,45.713518333],[5.085045833,45.713423056],[5.085036944,45.713343611],[5.085016389,45.713292778],[5.084986389,45.713264167],[5.084942222,45.713240833],[5.084884722,45.713224722],[5.084810556,45.713207778],[5.0847325,45.713197222],[5.084651389,45.713177778],[5.084565833,45.713151111],[5.084490556,45.713113611],[5.084431389,45.713073333],[5.084384722,45.713029167],[5.084361944,45.712991389],[5.084347222,45.712949444],[5.084339722,45.712898056],[5.084335278,45.712852778],[5.084332778,45.712800556],[5.084312222,45.712800278],[5.084163611,45.712778056],[5.084267222,45.711938611],[5.084326944,45.711487222],[5.084459167,45.711351667],[5.084601389,45.711231389],[5.08465,45.711166944],[5.084145,45.705693333],[5.085644167,45.705603611],[5.085641944,45.705382778],[5.08566,45.705361667],[5.085699444,45.705357778],[5.086379722,45.705306389],[5.086390556,45.705323333],[5.086430833,45.705329722],[5.086920556,45.710500278],[5.0869575,45.710573611],[5.087015,45.7106375],[5.087068889,45.710685833],[5.087130278,45.710726389],[5.087215278,45.7107625],[5.087319722,45.710795833],[5.087423333,45.710810278],[5.0875,45.710813611],[5.0875725,45.710811667],[5.087977222,45.710734722],[5.088345556,45.710663889],[5.088609444,45.710619722],[5.088763889,45.710603333],[5.088949722,45.710597778],[5.089172778,45.710613333],[5.089078333,45.711034722],[5.089012222,45.711024167]]]}},{"type":"Feature","id":"LFLL-9a4fa082cd82a9e08095","properties":{"airport":"LFLL","name":"LFLL AVISO","layer":"Airfield surfaces","category":"Hard Surface 2","object_type":"Area","style_id":"polygon.hardsurface2.595e5b","source_group":"LFLL AVISO","vsmr_group_ids":[],"geometry_role":"filled_region"},"geometry":{"type":"Polygon","coordinates":[[[5.0854125,45.719206389],[5.085567778,45.719209444],[5.086161111,45.719193333],[5.086265833,45.719174444],[5.086337778,45.7191325],[5.086416389,45.719081389],[5.086474444,45.718977222],[5.0865225,45.71883],[5.086619444,45.718536389],[5.086641944,45.718407778],[5.086793333,45.717181944],[5.086768611,45.716714167],[5.086744167,45.716506667],[5.086708889,45.716428056],[5.086661389,45.716382778],[5.086605833,45.716349722],[5.086503611,45.716318889],[5.086123056,45.716255],[5.085753611,45.716259722],[5.08581,45.715725833],[5.086516389,45.715830556],[5.087944722,45.71592],[5.088041389,45.715920556],[5.0885375,45.715911667],[5.088465833,45.716395278],[5.08832,45.716384722],[5.087884167,45.716390833],[5.087791667,45.716403056],[5.087696389,45.716431667],[5.087610833,45.716477222],[5.087550278,45.716556944],[5.0873475,45.717260278],[5.087204722,45.718416667],[5.0872525,45.719073333],[5.087275556,45.7191425],[5.087346389,45.719208889],[5.087450556,45.719264167],[5.087626667,45.719298611],[5.087955,45.719346389],[5.088103611,45.719377222],[5.088036944,45.719787222],[5.086327222,45.719675278],[5.085851944,45.719654167],[5.085336944,45.719647222],[5.0854125,45.719206389]]]}},{"type":"Feature","id":"LFLL-20e65ff8106caa60d662","properties":{"airport":"LFLL","name":"LFLL AVISO","layer":"Airfield surfaces","category":"Hard Surface 2","object_type":"Area","style_id":"polygon.hardsurface2.595e5b","source_group":"LFLL AVISO","vsmr_group_ids":[],"geometry_role":"filled_region"},"geometry":{"type":"Polygon","coordinates":[[[5.080616389,45.715225],[5.0846725,45.714536111],[5.084365833,45.716980556],[5.084034722,45.7190475],[5.083971944,45.719073333],[5.083924722,45.719094444],[5.083848611,45.719126667],[5.083772778,45.719148889],[5.082830556,45.719333333],[5.082811944,45.719309444],[5.082643333,45.719334167],[5.082591944,45.719416111],[5.082641111,45.719442778],[5.082691944,45.719461944],[5.082764722,45.719477778],[5.082838611,45.7194875],[5.0829,45.719490278],[5.082969444,45.7194875],[5.083088611,45.719472778],[5.083599167,45.7193775],[5.083759167,45.7193525],[5.083745833,45.719815556],[5.083645,45.719803056],[5.083568889,45.719796111],[5.083497222,45.719793056],[5.083438056,45.7198],[5.083334167,45.719812222],[5.083250556,45.719834444],[5.083144722,45.719872778],[5.083066944,45.719913611],[5.083001389,45.719961111],[5.082954444,45.7200025],[5.082899722,45.720075556],[5.082858056,45.720150278],[5.082835278,45.720211111],[5.082828889,45.720263889],[5.082837222,45.720321111],[5.082853611,45.720400556],[5.082949167,45.720579722],[5.083113333,45.7209275],[5.083304444,45.721303889],[5.083399444,45.721547222],[5.083436944,45.721717778],[5.083454444,45.721928889],[5.083471111,45.722108889],[5.083517778,45.722268611],[5.083554722,45.722306667],[5.083646667,45.722352222],[5.083576667,45.722860833],[5.083439444,45.722809444],[5.083334722,45.722785556],[5.083163611,45.722774444],[5.083091944,45.722794722],[5.083047222,45.722840278],[5.083020278,45.722880833],[5.083014167,45.722945556],[5.083026944,45.722995],[5.083105556,45.723033611],[5.083421389,45.723079722],[5.083550278,45.723109167],[5.083513889,45.723396667],[5.083421944,45.724113889],[5.083162222,45.724063611],[5.081008056,45.723728611],[5.080734444,45.722891667],[5.081171389,45.722481111],[5.081376389,45.721988333],[5.080513056,45.720954167],[5.07905,45.720467222],[5.08001,45.719506389],[5.0800275,45.718779167],[5.0788725,45.717896111],[5.078396389,45.717493611],[5.078014722,45.716221389],[5.079921111,45.7153575],[5.080327778,45.715289167],[5.080616389,45.715225]]]}},{"type":"Feature","id":"LFLL-c8f37973fd067018494e","properties":{"airport":"LFLL","name":"LFLL AVISO","layer":"Airfield surfaces","category":"Hard Surface 4","object_type":"Area","style_id":"polygon.hardsurface4.969393","source_group":"LFLL AVISO","vsmr_group_ids":[],"geometry_role":"filled_region"},"geometry":{"type":"Polygon","coordinates":[[[5.084629167,45.705530556],[5.084660556,45.705363333],[5.084709722,45.705215556],[5.084882778,45.705110278],[5.085013889,45.705139167],[5.085308333,45.705145556],[5.085675,45.705153889],[5.086118889,45.705138333],[5.086397778,45.7051125],[5.086572778,45.705100833],[5.086704722,45.705127778],[5.086825,45.705177222],[5.086893889,45.705253889],[5.086900833,45.705376944],[5.087180556,45.708503333],[5.087204722,45.708695556],[5.087248889,45.708761667],[5.087328056,45.708806389],[5.087513889,45.708818333],[5.087820833,45.708825],[5.0880975,45.708816111],[5.088209167,45.70878],[5.0882925,45.708720833],[5.088407222,45.708623333],[5.088529167,45.708515833],[5.088910278,45.708227778],[5.089514167,45.707708333],[5.08975,45.707572778],[5.089893611,45.707544444],[5.089997222,45.707553333],[5.090106944,45.707558611],[5.090199167,45.707540833],[5.090263333,45.707428889],[5.090706111,45.703821389],[5.0907675,45.703424444],[5.090842222,45.703445833],[5.090849444,45.703498333],[5.090420556,45.70693],[5.090339167,45.707524167],[5.090391111,45.70756],[5.090478333,45.7075675],[5.091205833,45.707604167],[5.091437778,45.707628611],[5.091575278,45.707656667],[5.091706111,45.707664444],[5.091885278,45.707625278],[5.092411667,45.707398333],[5.094451111,45.706545556],[5.094756389,45.706424167],[5.094838333,45.706375556],[5.094902778,45.706454722],[5.094752222,45.706466111],[5.091885,45.707680556],[5.091754444,45.707724167],[5.091700278,45.707798611],[5.09173,45.707896667],[5.091828056,45.708099167],[5.092088611,45.708734722],[5.092532778,45.709808333],[5.092476667,45.709790278],[5.091789444,45.708206111],[5.091640278,45.707872778],[5.091584444,45.707768611],[5.091385833,45.707690556],[5.091331667,45.707691389],[5.091312778,45.707766389],[5.091310556,45.708029444],[5.091353611,45.708239722],[5.091558611,45.708815556],[5.091784167,45.709159167],[5.091956667,45.709360556],[5.092156667,45.709557778],[5.092379722,45.709736111],[5.092553333,45.709829722],[5.092621389,45.709886944],[5.092780556,45.709985833],[5.092980278,45.710088333],[5.093198611,45.710185278],[5.093515556,45.710311944],[5.093748611,45.710381667],[5.094063889,45.710447222],[5.094400278,45.710512222],[5.094438611,45.710518889],[5.094469167,45.710508889],[5.094704722,45.708637222],[5.094685,45.708632778],[5.094698333,45.708530556],[5.094724167,45.708523611],[5.094790833,45.708003056],[5.094901667,45.706979722],[5.094922222,45.706659444],[5.094928611,45.706516389],[5.094891944,45.706486111],[5.094839167,45.706462778],[5.094801944,45.706393889],[5.094837778,45.706369167],[5.094856944,45.706339722],[5.094865833,45.706290556],[5.094851389,45.706255278],[5.09483,45.706185833],[5.094959167,45.706289444],[5.095316667,45.706548056],[5.095290278,45.706575556],[5.0952425,45.706541667],[5.0951625,45.706486389],[5.095079722,45.706453611],[5.095026944,45.70645],[5.094998056,45.706485556],[5.0949925,45.706525833],[5.095005,45.706588056],[5.095,45.7066625],[5.094986667,45.706791111],[5.094890833,45.707655833],[5.094877778,45.707778611],[5.094888056,45.70779],[5.095120278,45.7077975],[5.095139722,45.707792778],[5.095215278,45.707799444],[5.095236111,45.707814167],[5.095221389,45.707857222],[5.095351111,45.707872778],[5.095347222,45.707892222],[5.0949725,45.707868056],[5.094969167,45.707836111],[5.095124722,45.707843333],[5.095125556,45.707824444],[5.094871667,45.707815],[5.094527222,45.710530556],[5.094779167,45.710548056],[5.095219444,45.710563056],[5.095858611,45.7105225],[5.096243056,45.710453333],[5.0966425,45.710363889],[5.096984444,45.710230833],[5.097074722,45.710208611],[5.097215,45.710146667],[5.097614167,45.709948889],[5.097954444,45.709740556],[5.097980833,45.70975],[5.097737222,45.709906389],[5.097498056,45.710045556],[5.097094167,45.710235833],[5.096995,45.710285556],[5.097441111,45.711116111],[5.098486111,45.711189167],[5.098524167,45.711183333],[5.098536389,45.711160833],[5.098816944,45.708931667],[5.098796944,45.7088975],[5.098766111,45.7089325],[5.098733611,45.708897778],[5.098774444,45.708831111],[5.098855556,45.708703889],[5.098836389,45.708538333],[5.098774722,45.708390833],[5.098677222,45.708274444],[5.098484167,45.708172222],[5.097825556,45.70791],[5.097231111,45.707671667],[5.096605556,45.707349167],[5.095981667,45.706995278],[5.095678333,45.706839444],[5.095340833,45.706614444],[5.0950225,45.706361667],[5.094751111,45.706112778],[5.094424167,45.705855278],[5.093783056,45.705554167],[5.093778333,45.705553889],[5.093459444,45.705429444],[5.0931775,45.705319722],[5.092888333,45.705122778],[5.092518889,45.704848611],[5.092131389,45.704521389],[5.091743611,45.70417],[5.091661111,45.703994167],[5.091407778,45.703655],[5.091356389,45.70358],[5.091246944,45.703473611],[5.091148333,45.703395278],[5.091023333,45.703348611],[5.090929444,45.703332778],[5.090972778,45.703382222],[5.090956944,45.703450556],[5.090883889,45.703461389],[5.090723333,45.703405833],[5.090645833,45.703344722],[5.090671667,45.703262222],[5.0907375,45.703226667],[5.090826389,45.703125556],[5.09083,45.703030278],[5.090896944,45.702345833],[5.090879167,45.702121667],[5.090521667,45.700884167],[5.090313611,45.700104444],[5.09025,45.699818056],[5.09025,45.699583889],[5.090591667,45.6984725],[5.090843889,45.697629444],[5.090821667,45.697510556],[5.090815833,45.697346944],[5.090855833,45.697278611],[5.091038056,45.6973625],[5.0910275,45.697393056],[5.091075833,45.697403889],[5.091071111,45.697436944],[5.090978611,45.6974875],[5.090970556,45.697494167],[5.090888889,45.697583889],[5.090886944,45.697590833],[5.090868056,45.697725556],[5.090535833,45.698833333],[5.090535,45.698836111],[5.0903175,45.699564444],[5.090334167,45.699958333],[5.090663611,45.701140833],[5.090718611,45.701346667],[5.090942222,45.702150556],[5.090958056,45.702047778],[5.090974444,45.701813333],[5.091003611,45.701590833],[5.09108,45.701454167],[5.091085556,45.701446389],[5.091159167,45.701366667],[5.091268333,45.701264444],[5.091273611,45.701256944],[5.091413333,45.701130556],[5.091418889,45.701120833],[5.091506944,45.701029167],[5.091508056,45.701024444],[5.091510833,45.701012222],[5.091521389,45.700914722],[5.091600556,45.700891111],[5.091604167,45.700888889],[5.091681944,45.7008975],[5.091646389,45.700944722],[5.091644167,45.700954167],[5.091527778,45.701064722],[5.091526667,45.701069444],[5.091348611,45.70124],[5.091201667,45.701363056],[5.091126389,45.701450833],[5.091058056,45.701573611],[5.091010278,45.701879444],[5.090886944,45.703219722],[5.090886111,45.703258333],[5.091015556,45.703294722],[5.091116944,45.703342222],[5.091231667,45.703395556],[5.091168333,45.703364722],[5.091352778,45.703473056],[5.091526111,45.703708611],[5.091736667,45.704021667],[5.0918125,45.704019167],[5.092224444,45.703951111],[5.093225833,45.703783611],[5.093239444,45.703796389],[5.093217778,45.703807222],[5.093084722,45.703824444],[5.092839444,45.703864722],[5.091797778,45.704049167],[5.091765556,45.7040675],[5.091775833,45.704113611],[5.091898333,45.704258611],[5.092273611,45.704578056],[5.09281,45.705003889],[5.093301944,45.705306389],[5.093833056,45.705522778],[5.094203056,45.705684444],[5.094456111,45.705831667],[5.094753333,45.7060425],[5.094850556,45.706159444],[5.094885556,45.706125278],[5.095047222,45.704881667],[5.09516,45.703829167],[5.095236111,45.703022222],[5.095269722,45.702968056],[5.095436111,45.702960556],[5.095420278,45.703112778],[5.095302778,45.703115278],[5.094953889,45.7060675],[5.094958889,45.706207222],[5.094987222,45.706258056],[5.095578333,45.706723611],[5.096458333,45.7072075],[5.097213889,45.707615],[5.097791389,45.707841389],[5.098593611,45.7081625],[5.098750556,45.708249444],[5.098875,45.708363611],[5.098912778,45.708492778],[5.098927222,45.708658889],[5.098586944,45.711188333],[5.098531667,45.711665556],[5.098514444,45.711988611],[5.098483611,45.712096389],[5.098424444,45.712439444],[5.098421389,45.712540278],[5.098391667,45.712672222],[5.098326667,45.7128125],[5.098261111,45.712983611],[5.097872222,45.714197222],[5.097678333,45.714803889],[5.097631944,45.714916389],[5.097574167,45.714989444],[5.097500278,45.715035],[5.097396389,45.715069722],[5.097260833,45.715080556],[5.097139167,45.715096667],[5.097031944,45.715115278],[5.096884167,45.715239722],[5.096907778,45.715038056],[5.096991667,45.71506],[5.097069722,45.715052222],[5.097325278,45.715033611],[5.097475,45.714995556],[5.097568611,45.714929444],[5.097627222,45.71482],[5.097797222,45.714245556],[5.097957222,45.713738611],[5.098213333,45.712979444],[5.098151667,45.712988333],[5.097526111,45.713108889],[5.097496389,45.713071111],[5.098217778,45.712925278],[5.098278889,45.712749444],[5.098419722,45.712111111],[5.098535833,45.711229722],[5.098501111,45.711205833],[5.098346389,45.711204444],[5.098335278,45.711206667],[5.098037222,45.711186667],[5.097480556,45.711176944],[5.097476389,45.711220278],[5.097437778,45.711686389],[5.097398333,45.711968889],[5.097445556,45.711956389],[5.097459444,45.711918611],[5.097475,45.711888333],[5.097495,45.711891389],[5.097500278,45.711941667],[5.097498889,45.711948889],[5.097466389,45.712015556],[5.097468333,45.712064722],[5.097551944,45.712110556],[5.097546111,45.712145556],[5.097519722,45.712154722],[5.097519444,45.7121775],[5.097538056,45.712214444],[5.097532778,45.712247778],[5.097453611,45.712291389],[5.097420278,45.712358611],[5.097419444,45.712363889],[5.097418333,45.712431111],[5.097475,45.712443889],[5.097464167,45.712486944],[5.097462222,45.712497778],[5.097457778,45.712503333],[5.097435278,45.712593333],[5.097432778,45.7126075],[5.097397222,45.712686389],[5.0973925,45.712691944],[5.0973675,45.712817778],[5.097370278,45.712823611],[5.097321944,45.713084444],[5.097266111,45.7132825],[5.097160833,45.71397],[5.09711,45.714183056],[5.097051389,45.714336667],[5.097006667,45.714433056],[5.097005556,45.714438611],[5.096973889,45.714545833],[5.096963889,45.714775833],[5.096911667,45.715199167],[5.096765,45.716280556],[5.096705278,45.716771944],[5.096505556,45.718320556],[5.096471944,45.718578889],[5.096403333,45.719146389],[5.096441667,45.719203333],[5.096489444,45.719270556],[5.096448611,45.719386389],[5.096397778,45.719421667],[5.096093889,45.721925833],[5.095935833,45.723230278],[5.095717778,45.724941667],[5.095518611,45.726682222],[5.095413611,45.727569722],[5.095315833,45.728242222],[5.095305556,45.728292222],[5.095271389,45.728534167],[5.095004722,45.730815833],[5.094809167,45.7324825],[5.094532222,45.734747778],[5.094411667,45.735707222],[5.094288056,45.736683056],[5.094176944,45.737704444],[5.094152222,45.7379425],[5.094067778,45.737925833],[5.094057222,45.737874444],[5.094017778,45.737841111],[5.093918333,45.737825833],[5.093368611,45.737787778],[5.092830278,45.737770833],[5.092508056,45.737813889],[5.092343333,45.737856667],[5.092336111,45.737858889],[5.092214167,45.737876944],[5.092046944,45.737871944],[5.091841667,45.737857778],[5.091628889,45.737851389],[5.091528889,45.737851389],[5.091494167,45.737890278],[5.091455556,45.7379775],[5.091428333,45.738345556],[5.091352222,45.739064722],[5.091241111,45.739925278],[5.091120833,45.740831389],[5.091110278,45.741051667],[5.091056111,45.741034167],[5.091437222,45.737844722],[5.091357222,45.737830278],[5.090999444,45.737816944],[5.090805556,45.73781],[5.090725833,45.737775278],[5.090678056,45.7376975],[5.090642778,45.737578333],[5.090676389,45.737475],[5.09069,45.737388333],[5.090689722,45.737378611],[5.090683611,45.737308611],[5.090610833,45.737206389],[5.090473333,45.737125556],[5.090096111,45.736916389],[5.089791667,45.736746944],[5.089343611,45.736515833],[5.089089167,45.736378889],[5.089002222,45.736352778],[5.08893,45.736347778],[5.088842222,45.736915833],[5.088686389,45.738148889],[5.0887025,45.738181111],[5.088755,45.738173333],[5.088770556,45.73819],[5.088755278,45.738215556],[5.088677778,45.738216667],[5.088668056,45.7382725],[5.088528333,45.739358056],[5.088470278,45.739980278],[5.0883975,45.740579444],[5.088359722,45.741009167],[5.088342222,45.741161944],[5.088369167,45.741233889],[5.088430833,45.7412575],[5.088528611,45.741251944],[5.08891,45.741205278],[5.089494167,45.741120556],[5.090632222,45.741046944],[5.091101111,45.741024722],[5.091338056,45.741023611],[5.091629444,45.741001389],[5.0920975,45.740975833],[5.092486944,45.740899722],[5.092758889,45.740826944],[5.09288,45.740740556],[5.093133889,45.740670833],[5.093625833,45.740513056],[5.093752778,45.740407222],[5.094072222,45.737909722],[5.094153056,45.737932778],[5.093729722,45.741227778],[5.093638889,45.741908333],[5.093546389,45.742288889],[5.093481944,45.742500556],[5.093351111,45.742678611],[5.093118056,45.742965278],[5.092838611,45.743289444],[5.092266389,45.743961944],[5.092064444,45.744197222],[5.091983611,45.744138333],[5.092205278,45.743935278],[5.092649722,45.743417778],[5.093139722,45.742875278],[5.093383889,45.742533333],[5.093570278,45.742014722],[5.093728333,45.740612778],[5.093572222,45.740589722],[5.093384722,45.740620833],[5.093065833,45.740736667],[5.092675,45.740901944],[5.092270833,45.740973889],[5.091797222,45.741033333],[5.091093333,45.7410775],[5.091006944,45.741739722],[5.091015278,45.741789722],[5.090865,45.742807222],[5.090858333,45.742949167],[5.090848056,45.743038333],[5.090829167,45.7431],[5.090748056,45.743135833],[5.090678611,45.743090556],[5.090724167,45.743045],[5.090769444,45.743003889],[5.090814722,45.742939444],[5.091059167,45.741075556],[5.090775833,45.741071944],[5.090345833,45.741101667],[5.089776944,45.741136389],[5.089244444,45.741193333],[5.089181389,45.741223056],[5.089215278,45.7414775],[5.0890025,45.741481111],[5.088993333,45.741246667],[5.088833056,45.7412575],[5.088610556,45.741275556],[5.088455,45.741298611],[5.088373056,45.741343611],[5.088359167,45.741388611],[5.088339167,45.741583056],[5.088307222,45.741768889],[5.088244444,45.741923611],[5.088171944,45.742326111],[5.088084722,45.742978611],[5.088145,45.743093611],[5.088248889,45.743195833],[5.088438889,45.743355556],[5.088593333,45.743479167],[5.0887275,45.743567222],[5.08886,45.743596111],[5.0890325,45.743619167],[5.089176667,45.743665],[5.089273611,45.743750278],[5.089322222,45.743811111],[5.089343889,45.743905],[5.089304444,45.744290278],[5.089238056,45.744648056],[5.089226667,45.744770278],[5.089306111,45.744800556],[5.092000833,45.744120833],[5.092075556,45.744171389],[5.091948056,45.744327222],[5.091184167,45.745146111],[5.091128611,45.745114722],[5.091900556,45.744295278],[5.091934167,45.744253333],[5.091857778,45.744227778],[5.089286111,45.7448725],[5.08921,45.744947778],[5.089156667,45.745415],[5.089171389,45.745473333],[5.0892425,45.745495833],[5.089293611,45.745509722],[5.090397778,45.745501944],[5.09041,45.745475833],[5.09043,45.745439444],[5.090467222,45.7454175],[5.09054,45.745395278],[5.090622222,45.745395],[5.090689444,45.745415833],[5.090738889,45.745448611],[5.09077,45.745485278],[5.090786944,45.745558889],[5.090754444,45.745610833],[5.090659167,45.745652778],[5.090591111,45.745667222],[5.090509444,45.745663056],[5.090457222,45.745633333],[5.090414722,45.745595556],[5.090408611,45.745544444],[5.089304444,45.745539167],[5.089231667,45.745551111],[5.089176667,45.745579722],[5.089140278,45.745625556],[5.089043889,45.746347778],[5.089005833,45.746720278],[5.089050833,45.746795],[5.089171944,45.746885556],[5.08933,45.746998056],[5.089421389,45.747014167],[5.089461667,45.747018889],[5.089584722,45.746883611],[5.089804722,45.7466225],[5.090027778,45.746389722],[5.090158611,45.746223611],[5.090348889,45.745993333],[5.090536944,45.7457925],[5.090678889,45.745733333],[5.090590278,45.7458],[5.09053,45.745914444],[5.090403611,45.746032222],[5.090279444,45.746146944],[5.090021111,45.746441944],[5.0897225,45.746785833],[5.089446667,45.747105278],[5.088806944,45.747826111],[5.088763611,45.747783333],[5.089336944,45.747144167],[5.089343056,45.747100556],[5.089316389,45.747043611],[5.088960833,45.746781111],[5.088926667,45.747176389],[5.088879444,45.747623056],[5.088926667,45.747663056],[5.088866944,45.747765],[5.088806111,45.747704722],[5.0888025,45.747536111],[5.088842778,45.747231111],[5.088929167,45.746726667],[5.088559444,45.746483611],[5.088144167,45.746254444],[5.087714722,45.746085],[5.087245,45.745931111],[5.086413889,45.745779444],[5.086421667,45.745753333],[5.086844444,45.745820556],[5.087158611,45.7458875],[5.087901944,45.746128056],[5.088460833,45.746387778],[5.088943056,45.746694722],[5.089000833,45.746083611],[5.088965833,45.746026111],[5.088988333,45.745667778],[5.089050278,45.745621667],[5.089264444,45.744047222],[5.089268611,45.743925833],[5.089245556,45.743815833],[5.089195556,45.7437525],[5.08913,45.743698889],[5.08899,45.743646389],[5.088763889,45.743614722],[5.088633333,45.743566111],[5.088456111,45.743422778],[5.088174722,45.743170278],[5.088061944,45.743042222],[5.088047222,45.742862778],[5.088075833,45.7426675],[5.088121389,45.742373056],[5.088222778,45.741892222],[5.088295278,45.741575556],[5.088292778,45.741329444],[5.088300833,45.740845833],[5.088471389,45.739440556],[5.088756389,45.737240833],[5.088807222,45.736705],[5.088891667,45.736261667],[5.089068889,45.735649444],[5.089081944,45.735529167],[5.089058333,45.735531389],[5.089005,45.735565],[5.088916111,45.735620833],[5.088914444,45.735620556],[5.088821667,45.735679167],[5.088689444,45.73582],[5.088525278,45.735865],[5.089095278,45.735467222],[5.089190556,45.735044167],[5.089176389,45.734903611],[5.089101389,45.734678889],[5.089065,45.734631389],[5.089034444,45.734608056],[5.087794444,45.734550833],[5.0877925,45.734511944],[5.088833056,45.734570278],[5.089021667,45.734575],[5.089067778,45.734563611],[5.089134444,45.734073333],[5.089243611,45.733213333],[5.089321111,45.732486389],[5.089466944,45.731435278],[5.089532778,45.730782222],[5.089616111,45.729865],[5.089655556,45.729394444],[5.089715556,45.729228056],[5.089798611,45.7288125],[5.089794722,45.728595833],[5.089906944,45.727705833],[5.090166389,45.725547778],[5.090175278,45.725391111],[5.0902725,45.725272222],[5.090488611,45.725189167],[5.0906675,45.725107778],[5.090799444,45.724954444],[5.090860556,45.724831111],[5.0908625,45.724653611],[5.090818889,45.724529444],[5.090723056,45.724425278],[5.090552778,45.724287222],[5.090420278,45.724196111],[5.090340556,45.724068611],[5.0903475,45.723699167],[5.090362778,45.723610278],[5.090316667,45.723565556],[5.089126389,45.723584167],[5.089130278,45.723549444],[5.090283333,45.723525556],[5.090336667,45.723526111],[5.090376389,45.723525556],[5.090498333,45.722908611],[5.090523333,45.7226025],[5.090585278,45.722038889],[5.090747778,45.720676111],[5.090875556,45.719561111],[5.09122,45.716814444],[5.091383889,45.715519167],[5.091425278,45.715186389],[5.091449444,45.715030833],[5.09157,45.714886667],[5.091791667,45.714796667],[5.092033056,45.714733056],[5.092233333,45.714681389],[5.092005556,45.714646111],[5.091874167,45.714635278],[5.091741944,45.7146275],[5.091668611,45.714624167],[5.091608611,45.714628056],[5.091541389,45.714663333],[5.091518056,45.714723056],[5.091504444,45.714918889],[5.091488333,45.714933333],[5.091469167,45.714949722],[5.091483056,45.714777222],[5.0914875,45.714671389],[5.091536111,45.714610278],[5.091605833,45.714596389],[5.091693611,45.714599167],[5.091749167,45.714585],[5.091950556,45.712975556],[5.091985833,45.712971389],[5.091886944,45.713813056],[5.091978056,45.713834722],[5.091958056,45.713982778],[5.091869722,45.714018333],[5.091838056,45.714213056],[5.091797778,45.714536667],[5.091841667,45.714590278],[5.091915,45.714623056],[5.092229722,45.714649444],[5.092315,45.714646667],[5.092368611,45.714634722],[5.092489722,45.714551111],[5.092534167,45.714468611],[5.0925625,45.714298333],[5.092821111,45.712155],[5.092885833,45.711199167],[5.092955278,45.711223889],[5.092914167,45.711732778],[5.092653333,45.714183333],[5.093347222,45.713953611],[5.094083333,45.713721389],[5.094067222,45.713756389],[5.0938375,45.713825833],[5.092760833,45.714179167],[5.092619444,45.714265278],[5.092601667,45.714453333],[5.092563611,45.714553611],[5.092478889,45.714626667],[5.092256111,45.714715833],[5.091821111,45.714819722],[5.091581667,45.714929167],[5.091494167,45.715048056],[5.091359444,45.715979444],[5.090942222,45.719305278],[5.090811944,45.7204475],[5.090573611,45.722546389],[5.090443611,45.723516667],[5.092670556,45.723473611],[5.094846389,45.723441111],[5.095543056,45.723413611],[5.095748056,45.723382778],[5.095841111,45.723267222],[5.095818333,45.723486111],[5.095744444,45.723436944],[5.092847222,45.723507222],[5.0904325,45.723562222],[5.090376944,45.724018333],[5.090412222,45.724136389],[5.090508889,45.724223611],[5.090591667,45.724268056],[5.090790556,45.724448333],[5.090886111,45.724563056],[5.0909175,45.72478],[5.090856944,45.724946944],[5.090714167,45.725118056],[5.090556944,45.725205556],[5.090459444,45.725252222],[5.090333056,45.725297778],[5.090258889,45.725346667],[5.090214167,45.725435556],[5.090135278,45.726193333],[5.090063889,45.726759444],[5.089956667,45.727671389],[5.089855833,45.728554722],[5.089838889,45.728638611],[5.089838333,45.72878],[5.089748611,45.729364444],[5.089666389,45.729870833],[5.089215,45.733776944],[5.089131667,45.734531389],[5.089136389,45.734635556],[5.089166389,45.734762778],[5.089220556,45.734896389],[5.089238611,45.735073056],[5.089153056,45.735422778],[5.089485556,45.7352825],[5.089816389,45.735138611],[5.090527778,45.734951111],[5.090635833,45.734943056],[5.090576944,45.734991944],[5.090483889,45.735000833],[5.090168611,45.735069167],[5.0896325,45.735250556],[5.089155278,45.735481667],[5.088971389,45.736123056],[5.088959167,45.736250833],[5.090559167,45.737107222],[5.090685556,45.737188056],[5.090743889,45.73727],[5.090766944,45.737386667],[5.090766111,45.737390833],[5.090744444,45.737505278],[5.090743333,45.737509444],[5.090704444,45.737604444],[5.090751944,45.737709722],[5.090838333,45.73776],[5.090933611,45.737774722],[5.091241389,45.737760556],[5.091262222,45.737648889],[5.091242778,45.737531944],[5.091306667,45.736803611],[5.091435278,45.735713889],[5.091453889,45.735541667],[5.091434167,45.735413056],[5.091368333,45.735308056],[5.091360278,45.735255278],[5.09136,45.735250556],[5.091359167,45.735248611],[5.091369444,45.735188056],[5.091354167,45.735135278],[5.091423333,45.735110278],[5.091418333,45.7351325],[5.091403611,45.735168611],[5.091420833,45.735298611],[5.091459722,45.735351111],[5.0914925,45.735411111],[5.091522222,45.735490556],[5.091285833,45.737503889],[5.091299444,45.737520556],[5.091333889,45.737531389],[5.091325,45.737563333],[5.091290556,45.737607222],[5.091296111,45.737764722],[5.091360278,45.737778056],[5.091363056,45.737778333],[5.091368611,45.737780833],[5.091429167,45.737790556],[5.091431944,45.737791667],[5.091490556,45.737778611],[5.091506111,45.737725278],[5.091510556,45.737696389],[5.091341389,45.737679167],[5.091339444,45.737657778],[5.091501111,45.737663056],[5.091509444,45.737618333],[5.0913675,45.737601944],[5.091364722,45.737578056],[5.091736667,45.737601667],[5.09173,45.737621944],[5.091585556,45.737616111],[5.091575556,45.737666667],[5.091758889,45.737674167],[5.091753611,45.737711111],[5.091566111,45.737702222],[5.091563333,45.737723611],[5.091607778,45.737728056],[5.091609722,45.737781389],[5.091949722,45.737828333],[5.091971944,45.737813611],[5.092005278,45.737799444],[5.092046111,45.737779444],[5.092335278,45.737799444],[5.092857222,45.737723333],[5.0939725,45.737788056],[5.094023889,45.737769167],[5.094065,45.737753889],[5.094317778,45.735749722],[5.094304444,45.735701389],[5.093976944,45.735491111],[5.093968889,45.735490833],[5.093719167,45.735353611],[5.093535556,45.735273889],[5.093219722,45.735156944],[5.092895,45.735063056],[5.092260278,45.734943056],[5.092250556,45.734898333],[5.092636389,45.734978889],[5.093223611,45.735130833],[5.093701944,45.735315556],[5.0941,45.735534722],[5.094232778,45.735606111],[5.094275833,45.735608611],[5.094313333,45.735608333],[5.094343889,45.735574444],[5.094722222,45.732476389],[5.092572222,45.732338056],[5.092575556,45.732313611],[5.094645,45.732436111],[5.094733611,45.732423889],[5.094769444,45.732028889],[5.096080278,45.721373889],[5.096691667,45.7163],[5.096819722,45.715296389],[5.096853611,45.715071944],[5.096923889,45.714493333],[5.096898611,45.714404722],[5.096840278,45.714358611],[5.096756944,45.714318889],[5.096641389,45.714293889],[5.096566667,45.7142925],[5.096473333,45.714303611],[5.096315556,45.714311389],[5.096162222,45.714309167],[5.096182222,45.714203333],[5.096353889,45.714217222],[5.096438056,45.714221944],[5.096679444,45.7142525],[5.096865,45.714283333],[5.097003056,45.71437],[5.097120833,45.713906111],[5.097420556,45.711514444],[5.097434167,45.7112975],[5.097403056,45.711146111],[5.0951725,45.711021944],[5.095165556,45.710985833],[5.097384444,45.711114167],[5.096958056,45.710288611],[5.096722778,45.710367778],[5.096197222,45.710493611],[5.095725278,45.710561389],[5.095193056,45.710585833],[5.094535833,45.7105575],[5.094539722,45.710823056],[5.094440833,45.710824444],[5.094461111,45.710549444],[5.094323611,45.710525278],[5.093946944,45.71046],[5.093559722,45.710363333],[5.093120556,45.710180833],[5.092593056,45.709924444],[5.092841667,45.710425],[5.092935278,45.710657778],[5.093003611,45.710817222],[5.092911111,45.710817778],[5.092917222,45.710789444],[5.092896667,45.710673611],[5.092801389,45.710453889],[5.092503056,45.709857778],[5.09219,45.709634444],[5.0919325,45.709385278],[5.091706944,45.709113056],[5.091522222,45.708830278],[5.091374167,45.708503333],[5.091297222,45.708195278],[5.091261667,45.707937222],[5.091276944,45.707736389],[5.091251389,45.707667222],[5.090396111,45.707619167],[5.090353056,45.707616944],[5.090327222,45.707634722],[5.090323611,45.7077175],[5.090310556,45.708345556],[5.090281389,45.709354722],[5.090160556,45.710201389],[5.090123333,45.710192778],[5.090213611,45.709380833],[5.090236667,45.708561389],[5.090241389,45.707906389],[5.090240556,45.707716667],[5.090170833,45.707659722],[5.090046944,45.707621667],[5.089931667,45.707617778],[5.089828889,45.707626389],[5.089683889,45.707693889],[5.088261944,45.708864722],[5.088221667,45.708906667],[5.088201944,45.70898],[5.088182778,45.709082778],[5.088175,45.709170278],[5.088175,45.709171944],[5.088203611,45.709231944],[5.088262222,45.709287778],[5.088491389,45.709645833],[5.088688611,45.709976667],[5.088881944,45.710287778],[5.088959444,45.710427222],[5.088993611,45.710523056],[5.088976667,45.710608889],[5.088880556,45.710612222],[5.088883889,45.71058],[5.088886944,45.710540278],[5.088880833,45.710451389],[5.088771667,45.710227222],[5.088279167,45.709423611],[5.088194167,45.709328889],[5.088112778,45.709221111],[5.088101389,45.709136111],[5.088110556,45.709058889],[5.088116111,45.709001667],[5.088114444,45.708956111],[5.0881025,45.708920833],[5.088061944,45.708897222],[5.087598889,45.708884444],[5.087454722,45.708878056],[5.087376111,45.708876389],[5.0873725,45.7088775],[5.087280556,45.708901667],[5.087235833,45.708944722],[5.087228611,45.709014167],[5.08721,45.709085556],[5.087188333,45.709134722],[5.087135,45.7091775],[5.087055556,45.709203889],[5.086934167,45.709214444],[5.086791667,45.709231944],[5.086789444,45.709165],[5.08685,45.709164167],[5.086937778,45.709161111],[5.087030556,45.7091525],[5.087067222,45.709147222],[5.087107778,45.709128056],[5.087128889,45.709112222],[5.087151111,45.709074444],[5.087167222,45.7090425],[5.086841389,45.705364444],[5.0868175,45.705295278],[5.086786667,45.705250556],[5.086716389,45.705196111],[5.086645833,45.705173611],[5.086370556,45.705164167],[5.085956944,45.705187778],[5.085497222,45.705206667],[5.085051944,45.705188889],[5.084983333,45.705191944],[5.084913611,45.705199722],[5.084832778,45.705236667],[5.084784167,45.705280556],[5.084765,45.7053225],[5.084742222,45.705561667],[5.084745833,45.705596944],[5.084771667,45.705619444],[5.084797778,45.705632778],[5.084821667,45.705647222],[5.084832222,45.705658611],[5.084497778,45.705702778],[5.084613889,45.705604167],[5.084629167,45.705530556]]]}},{"type":"Feature","id":"LFLL-85ec8624a6d5bf085538","properties":{"airport":"LFLL","name":"LFLL AVISO","layer":"Airfield surfaces","category":"Hard Surface 4","object_type":"Area","style_id":"polygon.hardsurface4.969393","source_group":"LFLL AVISO","vsmr_group_ids":[],"geometry_role":"filled_region"},"geometry":{"type":"Polygon","coordinates":[[[5.080511389,45.712743889],[5.080414722,45.712658889],[5.080283056,45.712590833],[5.081336111,45.713238611],[5.081598333,45.713198056],[5.081276944,45.712389444],[5.081528889,45.712338889],[5.082165556,45.712186667],[5.082791389,45.712077222],[5.082929722,45.712088056],[5.083274444,45.712265556],[5.083414167,45.712705833],[5.083344444,45.712717778],[5.083345,45.7127725],[5.083299167,45.71285],[5.0833,45.712912222],[5.083218889,45.713160278],[5.083180833,45.7131875],[5.082896667,45.713240556],[5.082791389,45.7132425],[5.081396667,45.713482222],[5.081162222,45.713388611],[5.080511389,45.712743889]]]}},{"type":"Feature","id":"LFLL-0fe263630fbe6c4b096a","properties":{"airport":"LFLL","name":"LFLL AVISO","layer":"Airfield surfaces","category":"Hard Surface 4","object_type":"Area","style_id":"polygon.hardsurface4.969393","source_group":"LFLL AVISO","vsmr_group_ids":[],"geometry_role":"filled_region"},"geometry":{"type":"Polygon","coordinates":[[[5.084678056,45.705250556],[5.084869444,45.703691389],[5.084803889,45.703155833],[5.084671667,45.702093056],[5.084551111,45.700545],[5.084513889,45.699713889],[5.084501389,45.699130278],[5.084462778,45.699003056],[5.084341389,45.698874444],[5.083995278,45.698693611],[5.082524167,45.697737222],[5.082413333,45.697658611],[5.082444444,45.697626667],[5.0824825,45.697639167],[5.082488056,45.697553333],[5.0825425,45.697258056],[5.082609444,45.697063611],[5.082671667,45.6970025],[5.083688333,45.696667778],[5.083836111,45.696626944],[5.083892778,45.6966275],[5.083934167,45.6966475],[5.083981389,45.696680833],[5.084189444,45.697051944],[5.084258611,45.697188056],[5.084295,45.697909167],[5.084311667,45.698040278],[5.084318333,45.698146389],[5.0843375,45.698488611],[5.084398333,45.698737222],[5.084553889,45.698885556],[5.084701389,45.6989475],[5.085539722,45.698944167],[5.086576667,45.698891389],[5.086656111,45.698862222],[5.086708056,45.698798611],[5.086654722,45.698366389],[5.086505833,45.696821944],[5.086451111,45.696386944],[5.086525833,45.6963125],[5.086602778,45.696288889],[5.086662222,45.696287222],[5.087188611,45.696346389],[5.087756389,45.696475278],[5.088390556,45.696620278],[5.089648333,45.696933056],[5.090549167,45.697171667],[5.090756667,45.697243889],[5.090873611,45.697288611],[5.0908325,45.697320278],[5.090783333,45.697296111],[5.090683056,45.697263611],[5.090406389,45.697166111],[5.089565556,45.696958611],[5.088662778,45.696721389],[5.088161944,45.696607222],[5.087622778,45.696468889],[5.0871925,45.696375278],[5.086733611,45.696328056],[5.086635,45.696348611],[5.086569722,45.696365556],[5.086545,45.696406111],[5.086546111,45.696481389],[5.086745,45.698797222],[5.086739722,45.698863889],[5.086693056,45.698905],[5.086621667,45.698928333],[5.086550278,45.698928611],[5.084814444,45.699013333],[5.084746111,45.69906],[5.084747778,45.699094167],[5.085270278,45.699451667],[5.08758,45.700936667],[5.088395556,45.701447222],[5.090410833,45.702893056],[5.090768889,45.703191111],[5.090913333,45.703421667],[5.090879444,45.703459167],[5.090836667,45.703472222],[5.090771389,45.703476667],[5.090745556,45.703427778],[5.090724167,45.703390833],[5.090671111,45.703335278],[5.090654444,45.703296111],[5.090668611,45.703253056],[5.090707222,45.703199167],[5.090549722,45.70308],[5.089950556,45.702651389],[5.088928889,45.701889167],[5.088451389,45.701555556],[5.086716111,45.700466667],[5.085648056,45.6997625],[5.085111111,45.699402222],[5.085014722,45.699356667],[5.084715278,45.699133611],[5.084619444,45.699054167],[5.084538333,45.698962778],[5.0843125,45.698727778],[5.084248611,45.698525278],[5.084211111,45.69822],[5.084237222,45.698116389],[5.084258611,45.698062778],[5.084246389,45.697478889],[5.084198056,45.697189722],[5.084120833,45.697023889],[5.084006389,45.696819167],[5.083898056,45.696748333],[5.083781389,45.696711111],[5.083621667,45.696728611],[5.08313,45.696893889],[5.082823611,45.696986389],[5.082716389,45.697031111],[5.082655278,45.697076111],[5.082624444,45.697165556],[5.082545278,45.697451667],[5.082549444,45.6975625],[5.082601111,45.697682778],[5.082664167,45.697781389],[5.083426944,45.69829],[5.0839575,45.698608056],[5.084053611,45.698593333],[5.084013056,45.698510556],[5.084067778,45.698506667],[5.084118889,45.698593889],[5.08419,45.6986475],[5.084259167,45.698665278],[5.084236667,45.6985875],[5.084259722,45.698557222],[5.084354167,45.698553333],[5.084418056,45.698844444],[5.084577222,45.698948889],[5.084656667,45.699031667],[5.084600556,45.699095556],[5.084573056,45.699154722],[5.084568333,45.699318056],[5.084586111,45.700389167],[5.084682222,45.701461667],[5.084795278,45.702552778],[5.084916389,45.703624167],[5.084844167,45.704571944],[5.084806667,45.704983056],[5.08484,45.705057778],[5.084929444,45.705104167],[5.084985833,45.705142778],[5.084754167,45.705250833],[5.084678056,45.705250556]]]}},{"type":"Feature","id":"LFLL-9f4c4d33fa561518c895","properties":{"airport":"LFLL","name":"LFLL AVISO","layer":"Airfield surfaces","category":"Hard Surface 4","object_type":"Area","style_id":"polygon.hardsurface4.969393","source_group":"LFLL AVISO","vsmr_group_ids":[],"geometry_role":"filled_region"},"geometry":{"type":"Polygon","coordinates":[[[5.084293056,45.709176944],[5.084266111,45.709286111],[5.084289167,45.70967],[5.084523611,45.709666944],[5.084542778,45.709866111],[5.083405556,45.709919167],[5.083317778,45.7091475],[5.083215278,45.70914],[5.083217222,45.709211111],[5.083191389,45.709230556],[5.083251944,45.709929167],[5.083035556,45.709925],[5.0829475,45.709096111],[5.081911389,45.709138333],[5.081834444,45.709167778],[5.081816389,45.709203056],[5.081819167,45.709016111],[5.081874444,45.709051944],[5.081933333,45.709057222],[5.084180278,45.708929167],[5.084247222,45.708936944],[5.084334444,45.708938056],[5.084441389,45.7089375],[5.084458611,45.709160278],[5.084293056,45.709176944]]]}},{"type":"Feature","id":"LFLL-b2a935f851856e834391","properties":{"airport":"LFLL","name":"LFLL AVISO","layer":"Airfield surfaces","category":"Hard Surface 4","object_type":"Area","style_id":"polygon.hardsurface4.969393","source_group":"LFLL AVISO","vsmr_group_ids":[],"geometry_role":"filled_region"},"geometry":{"type":"Polygon","coordinates":[[[5.078517222,45.730018611],[5.078378889,45.729141389],[5.079553611,45.728935556],[5.079568611,45.728985833],[5.079555556,45.729018889],[5.079556111,45.729088889],[5.07953,45.7291075],[5.0795525,45.729606667],[5.080555556,45.729676111],[5.080498056,45.730134167],[5.078517222,45.730018611]]]}},{"type":"Feature","id":"LFLL-8a4becc9649d21962e78","properties":{"airport":"LFLL","name":"LFLL AVISO","layer":"Airfield surfaces","category":"Hard Surface 4","object_type":"Area","style_id":"polygon.hardsurface4.969393","source_group":"LFLL AVISO","vsmr_group_ids":[],"geometry_role":"filled_region"},"geometry":{"type":"Polygon","coordinates":[[[5.080776667,45.727686944],[5.080809444,45.727630278],[5.080894722,45.727568333],[5.080981111,45.727437778],[5.081002222,45.727353889],[5.0810025,45.727348333],[5.080991111,45.727180556],[5.080961111,45.727081667],[5.080927778,45.727065],[5.08061,45.727145556],[5.080220556,45.727233333],[5.080221944,45.727254722],[5.08026,45.7272525],[5.080318333,45.727246944],[5.0803325,45.727270278],[5.080279444,45.727288333],[5.080187778,45.727292778],[5.080091111,45.727268333],[5.080023611,45.727280833],[5.079978611,45.727286389],[5.079959722,45.727263056],[5.080040833,45.726864444],[5.080049444,45.726825278],[5.080068611,45.726814444],[5.080098889,45.726815833],[5.080085278,45.726948333],[5.080081667,45.726984167],[5.080196111,45.727006111],[5.08028,45.727030833],[5.080414722,45.727039167],[5.0803975,45.727136944],[5.080518889,45.727113056],[5.080545278,45.727104444],[5.080863611,45.727023889],[5.080909722,45.726976389],[5.080932222,45.726926944],[5.080945278,45.7268825],[5.080945278,45.726881667],[5.080959722,45.7268375],[5.081016667,45.726776944],[5.081088333,45.726731944],[5.081185833,45.726705833],[5.08192,45.726558889],[5.081947222,45.726539444],[5.081956944,45.726521111],[5.081948889,45.726469167],[5.081923333,45.726429167],[5.081711667,45.726440556],[5.081394444,45.726506944],[5.081351111,45.726355],[5.080936944,45.726430556],[5.080425556,45.726530833],[5.080462222,45.726699722],[5.079996667,45.726780833],[5.079821944,45.726368333],[5.0803325,45.726276944],[5.080836389,45.726163333],[5.0808375,45.726133056],[5.081023056,45.726088611],[5.080970278,45.725999444],[5.080315278,45.7261025],[5.0798325,45.726171111],[5.0798225,45.726126667],[5.079766389,45.726134722],[5.079648056,45.725875278],[5.079694444,45.725872778],[5.079700278,45.725836111],[5.079926667,45.725774167],[5.079904722,45.725741111],[5.080063056,45.725691944],[5.080107222,45.725650278],[5.080217778,45.725573889],[5.080311111,45.725540278],[5.080400278,45.725528889],[5.080553889,45.725511389],[5.080688889,45.725480278],[5.081008611,45.725427778],[5.08117,45.725408889],[5.081466667,45.7254525],[5.081613333,45.725488333],[5.081994167,45.726398333],[5.082050278,45.726581111],[5.081667222,45.727198889],[5.081292222,45.727273333],[5.081209722,45.727290556],[5.081106944,45.727322778],[5.081096944,45.727486944],[5.080997222,45.727581944],[5.080900556,45.727651389],[5.080872778,45.72771],[5.080885833,45.727744722],[5.080915833,45.727748889],[5.080997222,45.727726389],[5.082743611,45.727416944],[5.082744167,45.727474167],[5.082769444,45.727407778],[5.082805,45.727407778],[5.082873056,45.726755556],[5.082963889,45.7260925],[5.082062222,45.726266111],[5.081986944,45.726290556],[5.081964444,45.726319167],[5.081894722,45.726218056],[5.082000556,45.726204444],[5.082937778,45.726019444],[5.082948056,45.725996111],[5.082980556,45.725975556],[5.083036944,45.725468889],[5.083453889,45.723105278],[5.083488611,45.722833889],[5.083709167,45.720803889],[5.083678333,45.720733056],[5.083677778,45.720663056],[5.08371,45.7201675],[5.083728611,45.720136389],[5.083741944,45.720086667],[5.083741944,45.719825556],[5.083794444,45.719356111],[5.083761944,45.719269167],[5.083715833,45.71923],[5.083648611,45.7192025],[5.083550278,45.719188889],[5.083943333,45.719067778],[5.083906667,45.719127778],[5.083903611,45.71913],[5.083892222,45.7192575],[5.083815278,45.719830556],[5.083831944,45.720048333],[5.083809167,45.720644722],[5.083762222,45.721254444],[5.083693889,45.721894167],[5.083639444,45.722371111],[5.083470278,45.723643056],[5.083117778,45.725496389],[5.083064722,45.725994722],[5.083477222,45.725917222],[5.0835825,45.725856667],[5.083572778,45.726028611],[5.083508889,45.725988889],[5.083053611,45.726071389],[5.083011944,45.726465833],[5.082891667,45.727364444],[5.082824444,45.727977222],[5.080748333,45.727832222],[5.080776667,45.727686944]]]}},{"type":"Feature","id":"LFLL-aa946603fd52bc6ccd04","properties":{"airport":"LFLL","name":"LFLL AVISO","layer":"Airfield surfaces","category":"Hard Surface 4","object_type":"Area","style_id":"polygon.hardsurface4.969393","source_group":"LFLL AVISO","vsmr_group_ids":[],"geometry_role":"filled_region"},"geometry":{"type":"Polygon","coordinates":[[[5.076167222,45.714799722],[5.076106389,45.714804722],[5.076060556,45.714788611],[5.076010833,45.714761111],[5.075981111,45.714683611],[5.075774444,45.714725],[5.075672222,45.714482778],[5.075673333,45.714476389],[5.075625833,45.714285556],[5.075629444,45.714221389],[5.075655278,45.714143333],[5.075624167,45.714041667],[5.075555278,45.713904444],[5.075484444,45.713695278],[5.075485,45.71356],[5.075508889,45.713500278],[5.075512778,45.713494722],[5.075568333,45.713453889],[5.075763611,45.713383611],[5.076747778,45.713198333],[5.079204722,45.7127475],[5.079656111,45.712681389],[5.079685556,45.712745556],[5.079753056,45.712958611],[5.079926389,45.712943333],[5.079993056,45.713124722],[5.080049444,45.712941389],[5.080082778,45.712858056],[5.080069444,45.712789722],[5.080069444,45.7127875],[5.080039722,45.712732778],[5.080036667,45.712730833],[5.080038611,45.712678889],[5.079657778,45.712716667],[5.079641667,45.712689722],[5.080068333,45.712616667],[5.080115556,45.712602222],[5.080129444,45.712634722],[5.080123889,45.712683056],[5.080114444,45.712754167],[5.080138611,45.712791944],[5.080168333,45.712815278],[5.080176944,45.7128175],[5.0802175,45.712819722],[5.080280278,45.712804722],[5.080292222,45.712762222],[5.080292222,45.712757778],[5.080273611,45.712728611],[5.0802675,45.7127225],[5.080234722,45.712691111],[5.080231667,45.712686944],[5.080208056,45.712668333],[5.080131389,45.712653889],[5.080110278,45.712604444],[5.080641111,45.712509444],[5.080649167,45.712561389],[5.080335833,45.712620556],[5.080287778,45.712626667],[5.080288333,45.712636944],[5.080315556,45.712716111],[5.08036,45.712748611],[5.080456389,45.712783056],[5.080526944,45.712773611],[5.080529167,45.712740556],[5.080469444,45.7127],[5.080351944,45.712618333],[5.080324167,45.712583056],[5.08091,45.712459167],[5.080906111,45.712487222],[5.080911667,45.712551667],[5.08099,45.712603333],[5.081114722,45.712707222],[5.081160278,45.712738889],[5.081376389,45.713219722],[5.081427222,45.713475833],[5.076344722,45.714765833],[5.076167222,45.714799722]]]}},{"type":"Feature","id":"LFLL-7723cd1875cd83cb5e23","properties":{"airport":"LFLL","name":"LFLL AVISO","layer":"Airfield surfaces","category":"Hard Surface 4","object_type":"Area","style_id":"polygon.hardsurface4.969393","source_group":"LFLL AVISO","vsmr_group_ids":[],"geometry_role":"filled_region"},"geometry":{"type":"Polygon","coordinates":[[[5.082801389,45.713244444],[5.082860278,45.713274722],[5.083003889,45.713266944],[5.083219167,45.713218056],[5.083296111,45.713176389],[5.083325556,45.713136667],[5.083347778,45.713108333],[5.083376111,45.713038889],[5.0833975,45.712901389],[5.083464167,45.712905556],[5.083493056,45.712892222],[5.083653333,45.712919722],[5.083698056,45.712919167],[5.083770833,45.712896389],[5.08392,45.712812222],[5.084033889,45.712766389],[5.084270278,45.712766389],[5.084264167,45.712795278],[5.084188611,45.712813889],[5.084093333,45.712834722],[5.083984167,45.712869444],[5.083798056,45.712981667],[5.083631111,45.713084167],[5.083469722,45.713193333],[5.083323056,45.713269167],[5.083140278,45.713316667],[5.083073889,45.713324167],[5.083016111,45.713358611],[5.083012778,45.713361111],[5.082976111,45.71341],[5.083071389,45.713446389],[5.083094722,45.713543611],[5.083030278,45.713596111],[5.083004722,45.713627778],[5.082715556,45.713247778],[5.082801389,45.713244444]]]}},{"type":"Feature","id":"LFLL-4961e06b990bd5ff364e","properties":{"airport":"LFLL","name":"LFLL AVISO","layer":"Airfield surfaces","category":"Hard Surface 4","object_type":"Area","style_id":"polygon.hardsurface4.969393","source_group":"LFLL AVISO","vsmr_group_ids":[],"geometry_role":"filled_region"},"geometry":{"type":"Polygon","coordinates":[[[5.085157222,45.748402778],[5.084854722,45.7475525],[5.084516389,45.746683333],[5.084441944,45.746508333],[5.084514444,45.7465375],[5.084807778,45.747321111],[5.084900556,45.7475575],[5.085121667,45.748169444],[5.085202778,45.748405833],[5.085228333,45.748326667],[5.085402222,45.746766667],[5.085381389,45.746694722],[5.085366944,45.746659167],[5.085355833,45.746643333],[5.085413056,45.746680556],[5.085443333,45.746703611],[5.085446111,45.746703611],[5.08545,45.746743056],[5.085429167,45.746761111],[5.085435833,45.746801111],[5.085444722,45.746823333],[5.085448333,45.746843611],[5.085443611,45.746864167],[5.085436389,45.746892222],[5.085366389,45.747505],[5.0853125,45.748131389],[5.085245556,45.748438056],[5.085219722,45.748486944],[5.0853975,45.749283056],[5.085446667,45.749371667],[5.085513333,45.749408333],[5.085655833,45.749434167],[5.085797778,45.749438333],[5.086044167,45.749425278],[5.086335556,45.749392222],[5.086394444,45.749369167],[5.086363889,45.7492925],[5.086343611,45.749273611],[5.086235278,45.749258056],[5.086175833,45.749238611],[5.086166944,45.749170833],[5.086185278,45.74915],[5.086108056,45.749101389],[5.085741111,45.748951389],[5.085694722,45.748934444],[5.085418889,45.748920556],[5.085408333,45.7488975],[5.085631389,45.748911667],[5.085629722,45.748861389],[5.085653056,45.748852222],[5.085662222,45.74884],[5.085310833,45.748814444],[5.085317778,45.748783889],[5.086029444,45.748834444],[5.086023889,45.748857222],[5.085681111,45.74884],[5.085677222,45.748856944],[5.0857,45.748858056],[5.085700833,45.748913611],[5.085882778,45.748987222],[5.085969444,45.749029444],[5.086099444,45.749084167],[5.0861925,45.749131389],[5.086248611,45.749130278],[5.086296111,45.749122222],[5.086331944,45.749125278],[5.086353056,45.749129444],[5.086388333,45.749114444],[5.0864,45.749105],[5.086445278,45.749109444],[5.086441389,45.749167778],[5.086377222,45.749166389],[5.0863825,45.749230833],[5.086386389,45.749271389],[5.086421389,45.749308889],[5.086433611,45.749358333],[5.086466944,45.749366389],[5.086499167,45.749355278],[5.086723611,45.749305278],[5.087031944,45.749223056],[5.0873025,45.749103056],[5.087465278,45.74901],[5.087543056,45.748923889],[5.087658056,45.748852222],[5.087763056,45.748792222],[5.087801111,45.748786667],[5.087970278,45.748678889],[5.0882025,45.748403056],[5.088696944,45.747861667],[5.088772222,45.747774167],[5.088809167,45.747827222],[5.088731389,45.747919722],[5.088729444,45.747953611],[5.088767778,45.748221389],[5.088943333,45.749084167],[5.089175833,45.750245833],[5.089410833,45.751515833],[5.089426667,45.751583889],[5.089418333,45.751615556],[5.089406667,45.751639444],[5.089358333,45.751661389],[5.089285278,45.751673611],[5.087345278,45.7521525],[5.085362778,45.752582778],[5.085293889,45.7525925],[5.085236667,45.752539167],[5.085233056,45.752449722],[5.085398333,45.751326944],[5.085537778,45.750098333],[5.085386389,45.749526667],[5.085343333,45.749468611],[5.085323056,45.749444722],[5.085394167,45.749453333],[5.085438889,45.749473889],[5.085463889,45.749528056],[5.085463889,45.749535],[5.085474722,45.749594722],[5.085494444,45.749720833],[5.085533333,45.749808333],[5.085566111,45.749851944],[5.085581944,45.749736389],[5.085601944,45.749569444],[5.085592222,45.749504722],[5.085565833,45.749484167],[5.085601944,45.749472222],[5.0857025,45.749476944],[5.085733889,45.749485278],[5.085703056,45.749503056],[5.085686667,45.7495325],[5.085556944,45.750427778],[5.085556389,45.750487222],[5.0855525,45.750600278],[5.085549167,45.750682222],[5.085519167,45.750707778],[5.0853825,45.751816944],[5.085389167,45.751904167],[5.085456389,45.751948889],[5.085546389,45.751963611],[5.085670833,45.751967222],[5.087002222,45.751918056],[5.087010833,45.751917778],[5.087499167,45.751910833],[5.087579167,45.751893611],[5.087646111,45.751893611],[5.087688333,45.751898611],[5.087659167,45.751928333],[5.087626389,45.751915833],[5.087564167,45.751923333],[5.087463333,45.751940556],[5.087376944,45.751940556],[5.085715,45.751994444],[5.085615278,45.751999722],[5.085556667,45.752008333],[5.085488056,45.752027222],[5.085439444,45.752041389],[5.085388333,45.752061389],[5.085361111,45.752124444],[5.085323889,45.752352222],[5.085342222,45.752425833],[5.085425,45.752528333],[5.085691667,45.752465556],[5.087103889,45.752166944],[5.087833611,45.751988611],[5.088271389,45.751878889],[5.0892675,45.751637222],[5.089336667,45.751620278],[5.089369167,45.751586667],[5.089386111,45.751555278],[5.089380833,45.75151],[5.089380556,45.751508056],[5.089182778,45.750449167],[5.088973333,45.749460556],[5.088815556,45.748626667],[5.088693056,45.748017222],[5.088671944,45.747996111],[5.088591944,45.748083333],[5.088057222,45.748685556],[5.087936111,45.748798333],[5.087762222,45.7489175],[5.087488056,45.749073056],[5.086856111,45.749335],[5.086378611,45.749431111],[5.085783333,45.749487778],[5.085605278,45.74949],[5.085455556,45.749471111],[5.085273056,45.749439444],[5.085330556,45.749312778],[5.085157222,45.748402778]]]}},{"type":"Feature","id":"LFLL-0f8112d5d8f79dd3123d","properties":{"airport":"LFLL","name":"LFLL AVISO","layer":"Airfield surfaces","category":"Hard Surface 4","object_type":"Area","style_id":"polygon.hardsurface4.969393","source_group":"LFLL AVISO","vsmr_group_ids":[],"geometry_role":"filled_region"},"geometry":{"type":"Polygon","coordinates":[[[5.085071111,45.749411389],[5.084841667,45.749355833],[5.0846725,45.749293611],[5.084358056,45.749187778],[5.084099167,45.749048889],[5.083849444,45.748901667],[5.083636389,45.748743611],[5.083459444,45.7485675],[5.083346389,45.748441111],[5.083341111,45.748436944],[5.083298056,45.748383889],[5.083268611,45.748410556],[5.0832575,45.750376944],[5.083264722,45.751879444],[5.083261667,45.7519875],[5.083272222,45.752075278],[5.0832975,45.752124722],[5.083366389,45.752179722],[5.083598611,45.752296944],[5.084371944,45.752694167],[5.084465556,45.752737222],[5.084543611,45.752750833],[5.084613889,45.752753611],[5.084715278,45.752736944],[5.085029722,45.752645833],[5.085182222,45.752599722],[5.085233889,45.752580556],[5.085248611,45.752540556],[5.085333333,45.752590278],[5.084683889,45.752778611],[5.084562778,45.752803889],[5.084483889,45.7527875],[5.0842575,45.752670556],[5.083271667,45.752190278],[5.083236944,45.752146667],[5.083218611,45.752078889],[5.083214444,45.750928611],[5.083224167,45.748435278],[5.0832225,45.748288056],[5.083099722,45.747936944],[5.082642222,45.746587222],[5.082169722,45.745214722],[5.081889722,45.744385556],[5.081564167,45.743367778],[5.081078611,45.741979444],[5.081011667,45.741774722],[5.080963889,45.741595278],[5.080968889,45.741512222],[5.080985833,45.741423889],[5.080993333,45.741306389],[5.081168056,45.739969444],[5.081393889,45.738061944],[5.081639167,45.736041667],[5.082231667,45.731014444],[5.082274167,45.730855],[5.082319167,45.730761389],[5.082414444,45.730571111],[5.082435833,45.730515556],[5.082401389,45.730470278],[5.082555833,45.730484444],[5.082526389,45.7305025],[5.082475,45.73053],[5.082428056,45.730614444],[5.082427778,45.730620278],[5.082365278,45.730767778],[5.082298056,45.730914444],[5.082113333,45.732480833],[5.0818925,45.734394722],[5.081491389,45.737596667],[5.081281667,45.7393375],[5.08122,45.739994722],[5.081226944,45.740042222],[5.081247222,45.740074167],[5.081304167,45.740071389],[5.081436389,45.740001944],[5.081734167,45.739842222],[5.081764722,45.739858889],[5.081637222,45.739911944],[5.081294722,45.740100833],[5.081244167,45.740139167],[5.081186667,45.7401775],[5.081033333,45.741324722],[5.081026111,45.741506667],[5.081051111,45.741624722],[5.081089722,45.741684444],[5.081143056,45.741848056],[5.081209444,45.741882778],[5.081271111,45.741921944],[5.081414444,45.741947222],[5.081703056,45.741938611],[5.081912778,45.741933889],[5.082123333,45.741923056],[5.082131389,45.741923056],[5.082267222,45.741913611],[5.082353611,45.741901944],[5.082428611,45.741909722],[5.082461389,45.7419925],[5.082275556,45.741966667],[5.082094444,45.741974722],[5.0819125,45.741985556],[5.081659444,45.741988611],[5.081528056,45.741995],[5.081385556,45.741985278],[5.081296111,45.741985278],[5.081285,45.741987222],[5.081196389,45.742025],[5.0811975,45.742053333],[5.0813025,45.742423889],[5.082198611,45.745080278],[5.082578889,45.746222778],[5.082651944,45.746461667],[5.082673333,45.746484722],[5.082703333,45.746482222],[5.082780556,45.746448889],[5.082882778,45.746372778],[5.083061389,45.746283611],[5.083684444,45.746033333],[5.083733333,45.746011111],[5.08377,45.745993333],[5.083799444,45.745951389],[5.084381944,45.745848333],[5.0845975,45.745805],[5.084904444,45.745766389],[5.085411389,45.745730278],[5.085697778,45.745723889],[5.085715278,45.745741944],[5.085511944,45.745740556],[5.085197778,45.745756667],[5.084841111,45.745788889],[5.084442222,45.745855833],[5.083815833,45.746011389],[5.083756667,45.746035833],[5.083552222,45.746116111],[5.083356667,45.746196389],[5.083077778,45.746304444],[5.082738611,45.746508889],[5.082704444,45.746564444],[5.082714444,45.74661],[5.082850278,45.747004167],[5.083112778,45.747795278],[5.083356944,45.748346667],[5.0835825,45.748608889],[5.083827222,45.748817222],[5.084153889,45.749019722],[5.08454,45.749208889],[5.084923889,45.749333056],[5.085206111,45.749382778],[5.085248056,45.749378056],[5.0852925,45.749353889],[5.085334444,45.749334444],[5.085299722,45.749441111],[5.085183056,45.749435556],[5.085071111,45.749411389]]]}},{"type":"Feature","id":"LFLL-809c4c946ae14f12c37f","properties":{"airport":"LFLL","name":"LFLL AVISO","layer":"Airfield surfaces","category":"Hard Surface 4","object_type":"Area","style_id":"polygon.hardsurface4.969393","source_group":"LFLL AVISO","vsmr_group_ids":[],"geometry_role":"filled_region"},"geometry":{"type":"Polygon","coordinates":[[[5.084509167,45.745269722],[5.084641389,45.745044722],[5.084740278,45.744846111],[5.084816667,45.744643611],[5.084889722,45.744390556],[5.084926111,45.744118056],[5.085016667,45.743356111],[5.085038611,45.743230278],[5.085177778,45.742089444],[5.085188333,45.741991667],[5.085290278,45.741098611],[5.085381111,45.740290556],[5.08556,45.738909722],[5.085710833,45.73769],[5.085743333,45.7374525],[5.085762222,45.737204722],[5.085809444,45.736737222],[5.085888333,45.736083889],[5.086015,45.735103333],[5.086118611,45.734198611],[5.086218611,45.733387778],[5.086310278,45.732645],[5.086369722,45.732241111],[5.086471667,45.731297222],[5.086596389,45.730117778],[5.086623056,45.729857222],[5.086658611,45.729296389],[5.086804167,45.72848],[5.086902222,45.727785278],[5.086994444,45.726988611],[5.087174444,45.725454167],[5.087261111,45.724695833],[5.087326111,45.724114444],[5.087360556,45.72369],[5.087488056,45.722951667],[5.087660556,45.721720556],[5.087749167,45.720879722],[5.087886111,45.719815],[5.087984167,45.719357222],[5.087995833,45.719282778],[5.088008056,45.719165556],[5.088032222,45.718561667],[5.088067222,45.718225278],[5.088002222,45.718240833],[5.087999444,45.718240556],[5.08788,45.718276667],[5.087774722,45.718336944],[5.087716944,45.718408056],[5.087691667,45.718478611],[5.087665833,45.718471944],[5.087656667,45.718438611],[5.087663333,45.718426389],[5.0877275,45.718343333],[5.087727778,45.718339167],[5.0878825,45.718240556],[5.088089167,45.71818],[5.088158056,45.717745],[5.088284722,45.716811111],[5.088344722,45.716506944],[5.088411389,45.715900556],[5.088426389,45.715648889],[5.088420278,45.715602222],[5.088409722,45.715534167],[5.088431389,45.715331389],[5.088459167,45.715210556],[5.088502222,45.714843611],[5.088568611,45.714263889],[5.088646944,45.713591389],[5.088785278,45.712471944],[5.088860556,45.711971111],[5.088898333,45.711726389],[5.088942222,45.711301111],[5.088953333,45.7111575],[5.088987778,45.711159444],[5.088918889,45.711786667],[5.088858889,45.712113056],[5.088784444,45.712649444],[5.088675278,45.713625556],[5.0885625,45.714498333],[5.088501389,45.715104722],[5.088448333,45.715394167],[5.088448056,45.715561667],[5.088442222,45.715738611],[5.088435,45.715917778],[5.088379444,45.716493889],[5.0883,45.716943056],[5.088131111,45.718070556],[5.088070556,45.718618056],[5.088029167,45.719288611],[5.088000833,45.719376944],[5.087914722,45.719796944],[5.087793056,45.7207375],[5.087698333,45.721687778],[5.087553611,45.722662222],[5.087432222,45.723489167],[5.087394444,45.723670833],[5.087347222,45.724097222],[5.087281389,45.724809167],[5.087146111,45.7258825],[5.086939722,45.727702222],[5.086845,45.728483333],[5.086703056,45.729227222],[5.086666944,45.729589722],[5.086644444,45.730061111],[5.086599167,45.730344167],[5.086493333,45.731366389],[5.086421667,45.732145278],[5.086329444,45.732706111],[5.086205278,45.733805833],[5.086044167,45.735170833],[5.085874444,45.736488611],[5.085801667,45.737148889],[5.085794722,45.737372222],[5.085739722,45.737744444],[5.085480556,45.739823056],[5.085322222,45.741085278],[5.085191944,45.742269444],[5.085003056,45.743723611],[5.084980278,45.743901389],[5.0848925,45.744534722],[5.084746944,45.744907778],[5.084573889,45.745221944],[5.084323889,45.745546389],[5.084404444,45.745409167],[5.084509167,45.745269722]]]}},{"type":"Feature","id":"LFLL-22487b31cd3de2a4f5db","properties":{"airport":"LFLL","name":"LFLL AVISO","layer":"Airfield surfaces","category":"Hard Surface 3","object_type":"Area","style_id":"polygon.hardsurface3.8a807f","source_group":"LFLL AVISO","vsmr_group_ids":[],"geometry_role":"filled_region"},"geometry":{"type":"Polygon","coordinates":[[[5.081155556,45.716083056],[5.081161944,45.716059444],[5.081193333,45.716033889],[5.081235833,45.716021667],[5.081275278,45.716012222],[5.083808889,45.715530556],[5.084217222,45.715551667],[5.084256389,45.715565],[5.084288611,45.715584444],[5.084304444,45.715609722],[5.084308889,45.715633333],[5.08424,45.71622],[5.084230278,45.716250278],[5.084215833,45.7162725],[5.084193056,45.716289167],[5.084173889,45.716303889],[5.084138889,45.716308056],[5.0841,45.716309722],[5.082805278,45.716231389],[5.082686111,45.716225556],[5.082555833,45.716228611],[5.082421111,45.716238889],[5.081510556,45.716409444],[5.081455833,45.716416111],[5.081395833,45.716410278],[5.081341944,45.716395833],[5.081292778,45.716375],[5.081232778,45.716333056],[5.081155556,45.716083056]]]}},{"type":"Feature","id":"LFLL-a0bbd898c1c7e4d20f71","properties":{"airport":"LFLL","name":"LFLL AVISO","layer":"Airfield surfaces","category":"Hard Surface 3","object_type":"Area","style_id":"polygon.hardsurface3.8a807f","source_group":"LFLL AVISO","vsmr_group_ids":[],"geometry_role":"filled_region"},"geometry":{"type":"Polygon","coordinates":[[[5.080749444,45.728612778],[5.080769444,45.728572222],[5.080798333,45.728548889],[5.080826111,45.728529444],[5.080861944,45.728515],[5.080900278,45.7285025],[5.080952222,45.728497222],[5.082472778,45.728594444],[5.082520278,45.728601111],[5.082563889,45.728613889],[5.082591944,45.728633889],[5.08262,45.728656111],[5.082629722,45.728681389],[5.0826425,45.728707222],[5.082643611,45.728728056],[5.082611111,45.729003889],[5.080717222,45.728887222],[5.080749444,45.728612778]]]}},{"type":"Feature","id":"LFLL-d610c2f20675956a3658","properties":{"airport":"LFLL","name":"LFLL AVISO","layer":"Airfield surfaces","category":"Hard Surface 3","object_type":"Area","style_id":"polygon.hardsurface3.8a807f","source_group":"LFLL AVISO","vsmr_group_ids":[],"geometry_role":"filled_region"},"geometry":{"type":"Polygon","coordinates":[[[5.081113611,45.726815278],[5.081128333,45.726788056],[5.081154722,45.726765833],[5.081187222,45.726754722],[5.081231667,45.726741111],[5.082482778,45.726501944],[5.082527222,45.726495278],[5.082564167,45.726494167],[5.082585278,45.726499444],[5.082604444,45.726507222],[5.082611389,45.726521944],[5.082627222,45.726559722],[5.0826525,45.726634444],[5.081151944,45.726914722],[5.081113611,45.726815278]]]}},{"type":"Feature","id":"LFLL-32ad0c771ad9ffde4349","properties":{"airport":"LFLL","name":"LFLL AVISO","layer":"Airfield surfaces","category":"Hard Surface 3","object_type":"Area","style_id":"polygon.hardsurface3.8a807f","source_group":"LFLL AVISO","vsmr_group_ids":[],"geometry_role":"filled_region"},"geometry":{"type":"Polygon","coordinates":[[[5.081013611,45.723688056],[5.081168333,45.723729167],[5.083324722,45.724162778],[5.083291111,45.724516944],[5.083263889,45.724564444],[5.08323,45.724596111],[5.083189722,45.724620556],[5.083128056,45.724632222],[5.083075833,45.724630556],[5.082953889,45.7246075],[5.081471944,45.724335],[5.081373056,45.724314444],[5.081309444,45.724316944],[5.081196111,45.724340833],[5.081150833,45.724353056],[5.081086667,45.72436],[5.081067222,45.72431],[5.081072778,45.724274722],[5.081097222,45.724213056],[5.081119722,45.724138611],[5.081161944,45.723940278],[5.081154167,45.723817222],[5.081143611,45.723786389],[5.081001111,45.723791389],[5.080730278,45.724013611],[5.0807675,45.724159444],[5.080946944,45.724334444],[5.080918611,45.724399167],[5.080880556,45.724436944],[5.080725556,45.724495278],[5.079693333,45.724754167],[5.078670278,45.72501],[5.078523056,45.725031944],[5.078455278,45.725034722],[5.078410556,45.725029444],[5.078375,45.725020278],[5.078342222,45.725005],[5.078313611,45.724977222],[5.078299444,45.724955278],[5.078281389,45.724927222],[5.078275833,45.7248875],[5.078229444,45.724293889],[5.078231111,45.724226389],[5.078249444,45.724169444],[5.078288333,45.724105],[5.078334722,45.724062222],[5.078398611,45.724027778],[5.078519167,45.723999167],[5.078734167,45.723944167],[5.080062778,45.723607222],[5.080394444,45.723521389],[5.080473056,45.723481944],[5.080535278,45.723431944],[5.080568889,45.7233875],[5.080595833,45.723323056],[5.080601111,45.72324],[5.080616389,45.723199167],[5.08065,45.723146389],[5.080680556,45.723123056],[5.080725278,45.723119167],[5.080771389,45.723115833],[5.080841944,45.723159444],[5.081013611,45.723688056]]]}},{"type":"Feature","id":"LFLL-315544865febe49a6bbc","properties":{"airport":"LFLL","name":"LFLL AVISO","layer":"Airfield surfaces","category":"Hard Surface 3","object_type":"Area","style_id":"polygon.hardsurface3.8a807f","source_group":"LFLL AVISO","vsmr_group_ids":[],"geometry_role":"filled_region"},"geometry":{"type":"Polygon","coordinates":[[[5.083124444,45.724146944],[5.080981389,45.723731944],[5.080719444,45.722886944],[5.081159722,45.7224275],[5.081505556,45.721947222],[5.0814575,45.721474722],[5.079736667,45.720718611],[5.080046389,45.720241944],[5.079488611,45.719986944],[5.080156111,45.719090556],[5.0796775,45.7181825],[5.078847222,45.717918611],[5.07895,45.717711111],[5.078468333,45.717375556],[5.077281389,45.716271667],[5.077204167,45.716045],[5.076946111,45.7153925],[5.076948333,45.715355278],[5.076975,45.715307778],[5.077010833,45.715278056],[5.0770525,45.715259167],[5.078139167,45.715047222],[5.079009444,45.714883889],[5.07905,45.714879722],[5.079093333,45.714885833],[5.079126667,45.714894722],[5.079156389,45.714906111],[5.079188056,45.714921944],[5.079218611,45.714956667],[5.079858333,45.716593333],[5.079851111,45.716658333],[5.079824167,45.716700556],[5.079786111,45.716723889],[5.079739444,45.716749167],[5.079008333,45.716878333],[5.078955278,45.716876667],[5.078901944,45.716859722],[5.078855,45.716816667],[5.078813611,45.716780833],[5.078821389,45.717080556],[5.078900278,45.716994722],[5.078942778,45.716966111],[5.079027778,45.716946667],[5.079758333,45.716811389],[5.079830278,45.716806111],[5.079887778,45.716828333],[5.079948056,45.716867778],[5.0799825,45.716914167],[5.080035833,45.717090833],[5.080125556,45.717248889],[5.080284444,45.71744],[5.080303611,45.717510278],[5.08028,45.717549167],[5.080243889,45.717601667],[5.080141111,45.717691667],[5.079839444,45.717967222],[5.079777222,45.718036111],[5.079748889,45.718081389],[5.079753056,45.718160833],[5.079908333,45.718317778],[5.079963611,45.718356667],[5.079995278,45.718321944],[5.079865556,45.718184722],[5.0798325,45.71813],[5.079836944,45.718077778],[5.079854722,45.718036944],[5.079915833,45.717991389],[5.0802375,45.717690278],[5.080293611,45.717653611],[5.080396944,45.717618611],[5.080464444,45.717632222],[5.080549167,45.717663611],[5.080651389,45.717744167],[5.0808725,45.717957778],[5.081030278,45.718169167],[5.081173056,45.718429722],[5.081260278,45.718654444],[5.0813075,45.718787222],[5.081396944,45.719003333],[5.081613056,45.719537778],[5.0816175,45.719618889],[5.081586944,45.719670556],[5.081489722,45.719728056],[5.080755278,45.720183611],[5.080533611,45.720320556],[5.080468611,45.7203225],[5.080434722,45.720316389],[5.080401111,45.720296944],[5.080338056,45.720245556],[5.080445,45.720496667],[5.080475,45.720473611],[5.080500556,45.720437778],[5.080549722,45.720389167],[5.081492222,45.719797222],[5.081549167,45.719765278],[5.081599722,45.719746111],[5.081648333,45.719749167],[5.081686667,45.719769444],[5.081707222,45.719801667],[5.082053333,45.720701667],[5.082371389,45.721353889],[5.082500556,45.7216325],[5.082551111,45.721833889],[5.082557222,45.722021389],[5.082523056,45.722190278],[5.082483889,45.7223975],[5.082446667,45.722567222],[5.082388611,45.722696111],[5.082168333,45.723081389],[5.0820825,45.723228056],[5.0820425,45.723260556],[5.081980278,45.723271111],[5.0818825,45.723271389],[5.081443611,45.723188611],[5.081326944,45.723166944],[5.081203889,45.723124444],[5.081124722,45.723095833],[5.081053333,45.723052222],[5.080770278,45.722887222],[5.080831111,45.723113333],[5.080900833,45.723110278],[5.080956667,45.723311111],[5.081004722,45.723298056],[5.080959167,45.72317],[5.080963889,45.723143889],[5.08099,45.723122222],[5.081025,45.723118333],[5.081090278,45.723143056],[5.081231111,45.723199167],[5.081366667,45.723234167],[5.081623333,45.723286389],[5.083053611,45.723540278],[5.083248056,45.723579167],[5.083303056,45.723593333],[5.083341667,45.723614722],[5.083372222,45.723648056],[5.083383333,45.723688611],[5.083326944,45.724199444],[5.083124444,45.724146944]]]}},{"type":"Feature","id":"LFLL-fa4eb5dcda969d7920e2","properties":{"airport":"LFLL","name":"LFLL AVISO","layer":"Airfield surfaces","category":"Hard Surface 3","object_type":"Area","style_id":"polygon.hardsurface3.8a807f","source_group":"LFLL AVISO","vsmr_group_ids":[],"geometry_role":"filled_region"},"geometry":{"type":"Polygon","coordinates":[[[5.0819325,45.717479722],[5.08196,45.717431944],[5.082017222,45.7173875],[5.082150556,45.717359444],[5.082546944,45.717285278],[5.082601111,45.717288611],[5.082656944,45.717300278],[5.082700833,45.717320278],[5.082729722,45.717349167],[5.082763056,45.717395],[5.082871111,45.717567778],[5.082709722,45.717665],[5.082698889,45.717726111],[5.082753056,45.717800556],[5.083028056,45.717825833],[5.083053333,45.717854722],[5.083135278,45.717860833],[5.082839722,45.717381111],[5.082825,45.717342222],[5.0828425,45.717310833],[5.0828775,45.717292778],[5.082913889,45.717280833],[5.082983333,45.71728],[5.084005278,45.717344722],[5.084046667,45.717355833],[5.084086111,45.717373889],[5.084113611,45.717399722],[5.084138056,45.717444722],[5.0841475,45.717476944],[5.084089444,45.717916111],[5.084038611,45.718335278],[5.083591389,45.718306944],[5.0835575,45.718309167],[5.083535,45.718320556],[5.083515278,45.718333333],[5.083383056,45.718458333],[5.083422222,45.718564167],[5.083519444,45.718557778],[5.083993333,45.718588611],[5.083970278,45.71888],[5.08396,45.718942778],[5.083925,45.7189925],[5.083881389,45.719029444],[5.083823056,45.719061667],[5.083739444,45.719090556],[5.083001667,45.719228889],[5.0829,45.719236944],[5.082830833,45.719231667],[5.082743889,45.719189722],[5.082696389,45.719108056],[5.082463611,45.718505278],[5.082324167,45.718158056],[5.082198056,45.7179225],[5.082041944,45.717688333],[5.081955278,45.717574444],[5.081929722,45.717530278],[5.0819325,45.717479722]]]}},{"type":"Feature","id":"LFLL-d331dae3ca1597ca6ec6","properties":{"airport":"LFLL","name":"LFLL AVISO","layer":"Airfield surfaces","category":"Hard Surface 3","object_type":"Area","style_id":"polygon.hardsurface3.8a807f","source_group":"LFLL AVISO","vsmr_group_ids":[],"geometry_role":"filled_region"},"geometry":{"type":"Polygon","coordinates":[[[5.080997778,45.715488611],[5.080965556,45.715481389],[5.080936667,45.715469444],[5.080916944,45.715453889],[5.080896667,45.715426667],[5.080775,45.715117778],[5.080765278,45.715089444],[5.080766389,45.715068056],[5.080774722,45.715046944],[5.080796667,45.715026389],[5.080830833,45.715005833],[5.080874167,45.714989444],[5.080967222,45.714968889],[5.083080278,45.714566389],[5.083131667,45.714558611],[5.083213611,45.714554167],[5.083385556,45.714562778],[5.084257778,45.714616944],[5.084290556,45.714623056],[5.084319444,45.714633889],[5.084351111,45.714650556],[5.084379167,45.714666944],[5.084406111,45.714693889],[5.084418889,45.714723056],[5.0843875,45.715011389],[5.084370556,45.715075833],[5.084352222,45.715103333],[5.084333333,45.715125833],[5.084308333,45.715131667],[5.084263611,45.715125833],[5.083555833,45.715061111],[5.083419722,45.715050278],[5.083323889,45.715053333],[5.083173889,45.715080278],[5.081065833,45.715478056],[5.081035556,45.715487222],[5.080997778,45.715488611]]]}},{"type":"Feature","id":"LFLL-5431ec8c446acb4ef4de","properties":{"airport":"LFLL","name":"LFLL AVISO","layer":"Airfield surfaces","category":"Hard Surface 3","object_type":"Area","style_id":"polygon.hardsurface3.8a807f","source_group":"LFLL AVISO","vsmr_group_ids":[],"geometry_role":"filled_region"},"geometry":{"type":"Polygon","coordinates":[[[5.085705278,45.710866944],[5.085493889,45.710980833],[5.085312778,45.711095556],[5.085163056,45.711222778],[5.085029167,45.711369444],[5.084925278,45.711511389],[5.084859722,45.711633056],[5.084813611,45.711758333],[5.084790556,45.711858611],[5.084433333,45.711979444],[5.084330833,45.7127475],[5.084277222,45.712754722],[5.084232222,45.712763333],[5.084150833,45.712778889],[5.083976111,45.712772778],[5.083715833,45.712750833],[5.083766667,45.712417222],[5.084097222,45.712268889],[5.083306111,45.711861111],[5.084463611,45.711483611],[5.08456,45.711396111],[5.084653333,45.711311944],[5.084714167,45.711243889],[5.084746667,45.711189722],[5.084753611,45.711127778],[5.084603611,45.709466111],[5.084613333,45.709403611],[5.08465,45.709369722],[5.084697778,45.709338889],[5.084758889,45.70932],[5.0848525,45.709324722],[5.085755556,45.709281944],[5.085901944,45.71079],[5.085705278,45.710866944]]]}},{"type":"Feature","id":"LFLL-0c66519e2fbdce1f594d","properties":{"airport":"LFLL","name":"LFLL AVISO","layer":"Airfield surfaces","category":"Hard Surface 3","object_type":"Area","style_id":"polygon.hardsurface3.8a807f","source_group":"LFLL AVISO","vsmr_group_ids":[],"geometry_role":"filled_region"},"geometry":{"type":"Polygon","coordinates":[[[5.080023333,45.713774167],[5.080068333,45.7137525],[5.080169722,45.713703611],[5.080194167,45.713693056],[5.080701944,45.713594722],[5.08252,45.713251389],[5.082563889,45.713246111],[5.082616111,45.713246111],[5.082668056,45.713253333],[5.082725556,45.713274167],[5.082770278,45.713306111],[5.082808056,45.713344444],[5.082824167,45.713378333],[5.082926944,45.71365],[5.079094444,45.714396389],[5.078969167,45.714070556],[5.078982222,45.714033889],[5.079001944,45.714001944],[5.079035556,45.713973333],[5.079113611,45.713956389],[5.079702222,45.713856944],[5.079749444,45.713996944],[5.079903333,45.713967222],[5.080010556,45.713849167],[5.079984444,45.713788333],[5.080023333,45.713774167]]]}},{"type":"Feature","id":"LFLL-0c40b618511ebf1b03e0","properties":{"airport":"LFLL","name":"LFLL AVISO","layer":"Airfield surfaces","category":"Hard Surface 3","object_type":"Area","style_id":"polygon.hardsurface3.8a807f","source_group":"LFLL AVISO","vsmr_group_ids":[],"geometry_role":"filled_region"},"geometry":{"type":"Polygon","coordinates":[[[5.082769444,45.726938333],[5.082775,45.726966667],[5.082765,45.726988056],[5.082741389,45.727004444],[5.082708056,45.727016111],[5.081363056,45.727263056],[5.081333056,45.727264444],[5.081306111,45.727256944],[5.081281944,45.727244444],[5.081270833,45.727224722],[5.081236111,45.727138333],[5.082738056,45.726855833],[5.082769444,45.726938333]]]}},{"type":"Feature","id":"LFLL-cacd263578fb130dde56","properties":{"airport":"LFLL","name":"LFLL AVISO","layer":"Airfield surfaces","category":"Hard Surface 3","object_type":"Area","style_id":"polygon.hardsurface3.8a807f","source_group":"LFLL AVISO","vsmr_group_ids":[],"geometry_role":"filled_region"},"geometry":{"type":"Polygon","coordinates":[[[5.084743333,45.709257222],[5.084681667,45.709242222],[5.084631111,45.709219167],[5.084594722,45.709188056],[5.084582222,45.709151944],[5.084566944,45.7090475],[5.084283333,45.705944167],[5.084288611,45.7058525],[5.084319444,45.705811944],[5.084369444,45.705781667],[5.084436389,45.705761667],[5.084561389,45.705756944],[5.085209722,45.705733333],[5.085252222,45.705746667],[5.085293333,45.705764444],[5.085323611,45.705783611],[5.085346389,45.705814167],[5.085359444,45.705870278],[5.085657778,45.709085833],[5.085647222,45.709129722],[5.08563,45.709164167],[5.085605278,45.709189722],[5.085556111,45.709208056],[5.085504444,45.709221111],[5.084743333,45.709257222]]]}},{"type":"Feature","id":"LFLL-8c46aa4fa2f288739c91","properties":{"airport":"LFLL","name":"LFLL AVISO","layer":"Airfield surfaces","category":"Hard Surface 3","object_type":"Area","style_id":"polygon.hardsurface3.8a807f","source_group":"LFLL AVISO","vsmr_group_ids":[],"geometry_role":"filled_region"},"geometry":{"type":"Polygon","coordinates":[[[5.083831944,45.715395278],[5.083746111,45.7151475],[5.084254722,45.715193333],[5.084212222,45.715503889],[5.083963056,45.715491944],[5.083921389,45.715479722],[5.0838925,45.715461944],[5.083861944,45.715437222],[5.083832778,45.715399444],[5.083831944,45.715395278]]]}},{"type":"Feature","id":"LFLL-794baf86501819df7c63","properties":{"airport":"LFLL","name":"LFLL AVISO","layer":"Airfield surfaces","category":"Hard Surface 3","object_type":"Area","style_id":"polygon.hardsurface3.8a807f","source_group":"LFLL AVISO","vsmr_group_ids":[],"geometry_role":"filled_region"},"geometry":{"type":"Polygon","coordinates":[[[5.080663611,45.729287778],[5.082557778,45.729404167],[5.0825575,45.729407222],[5.082526111,45.729681111],[5.082512222,45.729713333],[5.082488611,45.729735833],[5.082458611,45.729756389],[5.082434167,45.729768333],[5.082394722,45.729778056],[5.082364167,45.729786944],[5.082321111,45.7297875],[5.080830556,45.729699444],[5.080783889,45.729693889],[5.080746111,45.729685833],[5.080719444,45.729675278],[5.080699722,45.729662222],[5.080677778,45.729649167],[5.080660833,45.729631944],[5.080646389,45.729611944],[5.080636389,45.729591944],[5.080632222,45.729559167],[5.080663611,45.729287778]]]}},{"type":"Feature","id":"LFLL-0180bc01454325aace4a","properties":{"airport":"LFLL","name":"LFLL AVISO","layer":"Airfield surfaces","category":"Runways","object_type":"Area","style_id":"polygon.runwayconcrete.555555","source_group":"LFLL AVISO","vsmr_group_ids":[],"geometry_role":"filled_region"},"geometry":{"type":"Polygon","coordinates":[[[5.089992222,45.710190278],[5.090739444,45.7102375],[5.090701667,45.710672222],[5.091511389,45.710721944],[5.09147,45.7111075],[5.090650278,45.711060278],[5.090053889,45.716053056],[5.090860278,45.716103056],[5.090798611,45.716556667],[5.089993333,45.716461667],[5.089630278,45.719480833],[5.090435833,45.7195325],[5.090386389,45.719919722],[5.089586944,45.719875278],[5.088429167,45.729395833],[5.089194444,45.729450556],[5.089175556,45.729834167],[5.088373889,45.729786389],[5.087593056,45.736238889],[5.088270833,45.735962778],[5.088553056,45.736299444],[5.087524722,45.736726944],[5.086266389,45.747155833],[5.085495278,45.747108056],[5.085548611,45.746648889],[5.084992778,45.746615278],[5.084782222,45.746596111],[5.084738611,45.746588056],[5.0847875,45.746231944],[5.084844722,45.746241667],[5.084911111,45.746247222],[5.084983889,45.746250278],[5.085066389,45.746249167],[5.085170278,45.746239167],[5.085273889,45.746226667],[5.085356389,45.746193056],[5.085435278,45.746162222],[5.085503611,45.746126944],[5.085549722,45.746093889],[5.085591944,45.746056667],[5.08561,45.746026389],[5.085627222,45.74599],[5.085640278,45.745945278],[5.085648889,45.745890556],[5.085882222,45.743937778],[5.0858725,45.743903611],[5.085853056,45.7438775],[5.085824167,45.743856111],[5.085778611,45.743831667],[5.085731111,45.743818056],[5.085666944,45.743803889],[5.085601111,45.743791667],[5.085501667,45.743776667],[5.085200833,45.74375],[5.085103611,45.743737778],[5.085160833,45.74339],[5.085226944,45.743386111],[5.085311111,45.743376389],[5.085393333,45.743366389],[5.085460278,45.743350556],[5.085520556,45.743332222],[5.085593333,45.743304167],[5.085678611,45.743269444],[5.085744167,45.743231667],[5.085815278,45.743192778],[5.085882222,45.7431425],[5.085939167,45.743086111],[5.085973056,45.743041111],[5.086002778,45.742946389],[5.086007778,45.742875278],[5.086024167,45.742777778],[5.086030278,45.742640833],[5.086011944,45.742580833],[5.085983333,45.742519167],[5.085938056,45.742464444],[5.085920833,45.742426389],[5.085982222,45.742383333],[5.086084167,45.741461944],[5.086149167,45.7414125],[5.086188611,45.741346667],[5.086208611,45.741248889],[5.086643889,45.737668889],[5.086645833,45.737623889],[5.086631667,45.737570556],[5.086603889,45.737523333],[5.086576389,45.737471667],[5.086531944,45.737420278],[5.086491667,45.7373775],[5.086448056,45.737343333],[5.086401389,45.737311667],[5.086348333,45.737285278],[5.0862725,45.737253333],[5.086213611,45.737222222],[5.086151667,45.737198611],[5.086083056,45.73718],[5.086004444,45.737164167],[5.085871944,45.737144444],[5.085913333,45.736713611],[5.086030278,45.736697222],[5.086140278,45.736662778],[5.086291111,45.736626389],[5.08646,45.736570556],[5.086555278,45.736531111],[5.086628889,45.736486944],[5.086702778,45.736431389],[5.086761944,45.736369167],[5.086803889,45.736299167],[5.086820833,45.736237778],[5.086832778,45.736144444],[5.087550278,45.7302225],[5.087549167,45.730165833],[5.087538611,45.730103333],[5.087506944,45.730043333],[5.087475556,45.729991667],[5.087435278,45.7299425],[5.087381111,45.729903611],[5.087328889,45.729869444],[5.087255278,45.729820833],[5.087159722,45.729776111],[5.087082222,45.729740556],[5.086996667,45.729716667],[5.086923611,45.729698333],[5.086799444,45.72969],[5.086850278,45.729310833],[5.0869925,45.729300278],[5.087091667,45.729290833],[5.087193056,45.72927],[5.0872875,45.7292425],[5.087366111,45.729213056],[5.087443889,45.7291775],[5.087508056,45.729141389],[5.087573056,45.729094722],[5.087628333,45.729031944],[5.087666667,45.728988611],[5.087691944,45.728931111],[5.087708889,45.728871111],[5.087726667,45.728805833],[5.088235833,45.724596389],[5.088222778,45.724528889],[5.088203611,45.724490556],[5.0881825,45.724452778],[5.088127222,45.724381944],[5.08806,45.724322222],[5.0879875,45.724270556],[5.087906944,45.724231667],[5.087804167,45.724183889],[5.087685556,45.724136944],[5.087588611,45.724110278],[5.087464722,45.724101667],[5.087526944,45.723665],[5.087669167,45.723631667],[5.087780833,45.723611944],[5.087932222,45.723569167],[5.088046944,45.723531944],[5.088132222,45.723496667],[5.088210556,45.723444444],[5.088283333,45.723383333],[5.088338333,45.723329444],[5.088378333,45.723281667],[5.088396667,45.723223333],[5.088409722,45.723147778],[5.088771667,45.720179722],[5.088754444,45.720081111],[5.088728611,45.720026944],[5.088696667,45.719988056],[5.088661111,45.7199425],[5.088619722,45.719901111],[5.088531111,45.719864722],[5.088358889,45.719834167],[5.088154444,45.719801111],[5.087997778,45.719798333],[5.088055,45.719374722],[5.088168889,45.719381944],[5.0885825,45.719364167],[5.088647222,45.719351389],[5.088701667,45.71933],[5.088766667,45.719285833],[5.088853333,45.719205278],[5.088894444,45.719122778],[5.08891,45.719055556],[5.0889175,45.718970833],[5.089181389,45.716818611],[5.089155833,45.716738056],[5.089166944,45.716630556],[5.089145,45.716576389],[5.089097778,45.716532222],[5.089022222,45.716493056],[5.088896667,45.716463889],[5.088400556,45.716395556],[5.088471389,45.715908333],[5.088804722,45.715898611],[5.088991111,45.715893333],[5.089111389,45.715877222],[5.089175278,45.715855833],[5.089228889,45.715825],[5.089272778,45.715761667],[5.089288333,45.71571],[5.089271389,45.7157075],[5.089279444,45.715670833],[5.089331389,45.715607778],[5.089818611,45.711536667],[5.089794167,45.711458333],[5.089739444,45.711376111],[5.089702778,45.711326667],[5.089666111,45.711292222],[5.089631667,45.711266667],[5.089541944,45.711198889],[5.089466944,45.711152222],[5.08937,45.711108889],[5.089261111,45.711070833],[5.0891675,45.71105],[5.0890425,45.711030556],[5.089107778,45.710603056],[5.0898,45.7106525],[5.089871111,45.710653333],[5.089919167,45.710645],[5.08994,45.710621667],[5.089992222,45.710190278]]]}},{"type":"Feature","id":"LFLL-93428486c3705c759e41","properties":{"airport":"LFLL","name":"LFLL AVISO","layer":"Airfield surfaces","category":"Runways","object_type":"Area","style_id":"polygon.runwayconcrete.555555","source_group":"LFLL AVISO","vsmr_group_ids":[],"geometry_role":"filled_region"},"geometry":{"type":"Polygon","coordinates":[[[5.094410833,45.710810833],[5.095186111,45.710846667],[5.092238611,45.735145],[5.091447778,45.735092778],[5.090798889,45.735371667],[5.090523333,45.735026389],[5.091271667,45.734681944],[5.091458889,45.734581111],[5.091506667,45.734538611],[5.091539722,45.734473056],[5.091551111,45.734399167],[5.092061111,45.730207222],[5.092000556,45.730101111],[5.091952778,45.730074722],[5.091783889,45.730028611],[5.091615556,45.729995278],[5.091475278,45.729974444],[5.091233056,45.729957222],[5.091306111,45.729563611],[5.091641111,45.729565833],[5.091840833,45.7295525],[5.091963889,45.729512222],[5.092035278,45.729472778],[5.092103611,45.729410833],[5.092144722,45.729346389],[5.0921775,45.729283056],[5.092193056,45.729174444],[5.092227778,45.728848333],[5.092253333,45.728621389],[5.092225,45.728594444],[5.092178889,45.728580833],[5.092130556,45.7285825],[5.092095833,45.728599444],[5.091386111,45.729313611],[5.090905278,45.729084722],[5.091690833,45.728188333],[5.091844167,45.727994722],[5.091948333,45.727853056],[5.092052222,45.727701111],[5.092152222,45.727524722],[5.092231111,45.727365],[5.092293056,45.727230833],[5.092346111,45.727099167],[5.092394722,45.726961944],[5.092440833,45.726805556],[5.092488611,45.726595278],[5.092528333,45.726351944],[5.092633056,45.725462778],[5.092577778,45.725434167],[5.092524444,45.725429722],[5.092493333,45.725444444],[5.091758333,45.726219167],[5.091256111,45.725998889],[5.092206667,45.72492],[5.092331111,45.724728056],[5.092440278,45.724555278],[5.092549722,45.724353333],[5.09263,45.72419],[5.092707222,45.724024722],[5.092778056,45.723841944],[5.092836667,45.723644722],[5.092897222,45.723374167],[5.092935278,45.723011389],[5.092955,45.722684444],[5.092951389,45.722524167],[5.092919167,45.722181389],[5.092873889,45.721960833],[5.092808056,45.721735],[5.092741389,45.721527222],[5.092638889,45.721303889],[5.09251,45.721055],[5.092058333,45.720278889],[5.092021111,45.720225833],[5.091959444,45.720181111],[5.092526667,45.720004444],[5.093038889,45.720777222],[5.093067778,45.720811944],[5.093156389,45.720812222],[5.093191944,45.720795278],[5.093208611,45.7207675],[5.093219444,45.720728889],[5.093354722,45.719541111],[5.093371944,45.719305278],[5.0933525,45.719106389],[5.093349444,45.718897222],[5.093328611,45.718736111],[5.093292222,45.718563056],[5.093253611,45.7184125],[5.093169722,45.7181625],[5.093048611,45.717870833],[5.092825833,45.717468056],[5.092460278,45.716847222],[5.092428333,45.716810556],[5.092388611,45.716785556],[5.092325,45.716773889],[5.092942778,45.7165725],[5.093109444,45.716815833],[5.093456944,45.717335833],[5.093563611,45.717480833],[5.093487778,45.717375556],[5.093555,45.717384722],[5.09363,45.717329722],[5.094316389,45.711639167],[5.094306944,45.711575556],[5.094255556,45.711490556],[5.094197778,45.711435278],[5.094119167,45.711391111],[5.094054167,45.711361111],[5.093990278,45.711345556],[5.093876944,45.711325556],[5.092799722,45.711190556],[5.092866389,45.710801389],[5.094410556,45.7108925],[5.094410833,45.710810833]]]}},{"type":"Feature","id":"LFLL-25d0194f888aff3b0595","properties":{"airport":"LFLL","name":"LFLL AVISO","layer":"Buildings and structures","category":"Buildings","object_type":"Area","style_id":"polygon.building.394446","source_group":"LFLL AVISO","vsmr_group_ids":[],"geometry_role":"filled_region"},"geometry":{"type":"Polygon","coordinates":[[[5.090640556,45.745580833],[5.090605556,45.745585556],[5.090565278,45.745581389],[5.090530278,45.745559167],[5.090508333,45.745523611],[5.090520278,45.745489444],[5.090550278,45.745471667],[5.090595278,45.745456944],[5.090636389,45.745464722],[5.090669444,45.745489444],[5.090685278,45.745515833],[5.090686111,45.745540833],[5.090666389,45.745565278],[5.090640556,45.745580833]]]}},{"type":"Feature","id":"LFLL-8430e54bcc8a0cfa6f73","properties":{"airport":"LFLL","name":"LFLL AVISO","layer":"Buildings and structures","category":"Buildings","object_type":"Area","style_id":"polygon.building.394446","source_group":"LFLL AVISO","vsmr_group_ids":[],"geometry_role":"filled_region"},"geometry":{"type":"Polygon","coordinates":[[[5.086404722,45.749158056],[5.086413056,45.749112778],[5.086445278,45.749116667],[5.086443333,45.749165278],[5.086404722,45.749158056]]]}},{"type":"Feature","id":"LFLL-0b3f0e0c0a078887a57a","properties":{"airport":"LFLL","name":"LFLL AVISO","layer":"Buildings and structures","category":"Buildings","object_type":"Area","style_id":"polygon.building.394446","source_group":"LFLL AVISO","vsmr_group_ids":[],"geometry_role":"filled_region"},"geometry":{"type":"Polygon","coordinates":[[[5.085651389,45.7488825],[5.085656944,45.748862778],[5.085668056,45.748861944],[5.085666111,45.748836667],[5.085396944,45.748815556],[5.085401111,45.748800556],[5.085968889,45.748834722],[5.085966667,45.7488425],[5.085672778,45.748831944],[5.0856725,45.748865833],[5.0856875,45.748868333],[5.085687222,45.748889444],[5.085651389,45.7488825]]]}},{"type":"Feature","id":"LFLL-d5133d8928d8072fbad2","properties":{"airport":"LFLL","name":"LFLL AVISO","layer":"Buildings and structures","category":"Buildings","object_type":"Area","style_id":"polygon.building.394446","source_group":"LFLL AVISO","vsmr_group_ids":[],"geometry_role":"filled_region"},"geometry":{"type":"Polygon","coordinates":[[[5.084438056,45.711154167],[5.084336667,45.711101667],[5.084514444,45.710886667],[5.084620278,45.710943056],[5.084438056,45.711154167]]]}},{"type":"Feature","id":"LFLL-fc53cdd3fe132ce6576b","properties":{"airport":"LFLL","name":"LFLL AVISO","layer":"Buildings and structures","category":"Buildings","object_type":"Area","style_id":"polygon.building.394446","source_group":"LFLL AVISO","vsmr_group_ids":[],"geometry_role":"filled_region"},"geometry":{"type":"Polygon","coordinates":[[[5.0914775,45.700891111],[5.091491944,45.700868611],[5.091522222,45.700870278],[5.091520833,45.700901944],[5.0914775,45.700891111]]]}},{"type":"Feature","id":"LFLL-7023c97c857493bded2b","properties":{"airport":"LFLL","name":"LFLL AVISO","layer":"Buildings and structures","category":"Buildings","object_type":"Area","style_id":"polygon.building.394446","source_group":"LFLL AVISO","vsmr_group_ids":[],"geometry_role":"filled_region"},"geometry":{"type":"Polygon","coordinates":[[[5.091503056,45.700884167],[5.091505556,45.700875556],[5.091518333,45.700876944],[5.091517222,45.700887222],[5.091503056,45.700884167]]]}},{"type":"Feature","id":"LFLL-1774f05ccbd365157912","properties":{"airport":"LFLL","name":"LFLL AVISO","layer":"Buildings and structures","category":"Buildings","object_type":"Area","style_id":"polygon.building.394446","source_group":"LFLL AVISO","vsmr_group_ids":[],"geometry_role":"filled_region"},"geometry":{"type":"Polygon","coordinates":[[[5.084180833,45.7121625],[5.084095278,45.7121225],[5.084084444,45.712233611],[5.083335,45.711868611],[5.084254444,45.711573889],[5.084180833,45.7121625]]]}},{"type":"Feature","id":"LFLL-e175863b79950c1211b8","properties":{"airport":"LFLL","name":"LFLL AVISO","layer":"Buildings and structures","category":"Buildings","object_type":"Area","style_id":"polygon.building.394446","source_group":"LFLL AVISO","vsmr_group_ids":[],"geometry_role":"filled_region"},"geometry":{"type":"Polygon","coordinates":[[[5.081578056,45.7131825],[5.081386667,45.712700278],[5.081923056,45.712601944],[5.082023333,45.712482778],[5.082176944,45.712456944],[5.082316667,45.712510556],[5.083117222,45.712365556],[5.083308889,45.712851667],[5.081578056,45.7131825]]]}},{"type":"Feature","id":"LFLL-87829f67d1b00418d2cf","properties":{"airport":"LFLL","name":"LFLL AVISO","layer":"Buildings and structures","category":"Buildings","object_type":"Area","style_id":"polygon.building.394446","source_group":"LFLL AVISO","vsmr_group_ids":[],"geometry_role":"filled_region"},"geometry":{"type":"Polygon","coordinates":[[[5.081375278,45.713225],[5.080205556,45.713446111],[5.080087222,45.713125833],[5.081256389,45.712906667],[5.081375278,45.713225]]]}},{"type":"Feature","id":"LFLL-33fcb1215f80d297dd87","properties":{"airport":"LFLL","name":"LFLL AVISO","layer":"Buildings and structures","category":"Buildings","object_type":"Area","style_id":"polygon.building.394446","source_group":"LFLL AVISO","vsmr_group_ids":[],"geometry_role":"filled_region"},"geometry":{"type":"Polygon","coordinates":[[[5.076450278,45.714193611],[5.076433611,45.7141525],[5.075840833,45.714264722],[5.075712778,45.713933333],[5.0756775,45.713933333],[5.075621667,45.713925556],[5.075575833,45.713901944],[5.075550278,45.713868333],[5.075546389,45.713830278],[5.075567778,45.713791667],[5.07561,45.713764722],[5.075659167,45.713751667],[5.076281667,45.713633056],[5.076279722,45.713625],[5.079926944,45.712923889],[5.080146389,45.713494444],[5.076450278,45.714193611]]]}},{"type":"Feature","id":"LFLL-16667abb1b3ce940a3d8","properties":{"airport":"LFLL","name":"LFLL AVISO","layer":"Buildings and structures","category":"Buildings","object_type":"Area","style_id":"polygon.building.394446","source_group":"LFLL AVISO","vsmr_group_ids":[],"geometry_role":"filled_region"},"geometry":{"type":"Polygon","coordinates":[[[5.080173333,45.718729167],[5.080260278,45.718736944],[5.080265,45.718754722],[5.080386667,45.718741111],[5.080391667,45.718763056],[5.080300278,45.718774167],[5.080315,45.718836389],[5.080286667,45.718839167],[5.080291944,45.718858333],[5.080219444,45.718885],[5.08023,45.718969167],[5.080233889,45.719048611],[5.080232222,45.719109167],[5.080225278,45.719175556],[5.080202778,45.719284722],[5.080273056,45.719315],[5.080268333,45.719333056],[5.080385,45.719353611],[5.080377222,45.719375556],[5.080288889,45.719359444],[5.080267778,45.719420833],[5.080235556,45.719414444],[5.080229167,45.719433333],[5.080146667,45.719435],[5.080115278,45.719500278],[5.080060556,45.719591111],[5.080003889,45.719665833],[5.079960833,45.719717778],[5.079924444,45.719659444],[5.079805556,45.719673611],[5.079572222,45.719966389],[5.080226111,45.720220833],[5.079816944,45.720713056],[5.080251111,45.720889722],[5.080252222,45.720844722],[5.080371111,45.720807778],[5.080366944,45.720739722],[5.080357222,45.720736389],[5.080478056,45.720590556],[5.0806875,45.72068],[5.080691944,45.720672222],[5.080700278,45.720665556],[5.080713333,45.720661667],[5.080728056,45.720661944],[5.080736667,45.720665278],[5.080789722,45.720701667],[5.080776667,45.7207125],[5.080829444,45.720741389],[5.080820278,45.720748889],[5.080861389,45.720772778],[5.08089,45.720790556],[5.080949167,45.720828333],[5.081038889,45.7208925],[5.081119444,45.720958611],[5.081225278,45.721059167],[5.081278611,45.721116667],[5.081290556,45.721111944],[5.081312778,45.721115],[5.081325,45.721130278],[5.0813025,45.721138889],[5.081320556,45.721164167],[5.081360278,45.7212175],[5.081416389,45.721301944],[5.081438889,45.721341111],[5.081469444,45.721393889],[5.081508056,45.721481944],[5.0815375,45.721573333],[5.081561944,45.721653333],[5.081575,45.721744722],[5.081580278,45.721836389],[5.081663611,45.721836111],[5.081665278,45.721815833],[5.081659167,45.721785556],[5.081661944,45.721773611],[5.081673889,45.721764722],[5.081691111,45.721762222],[5.081706944,45.721766944],[5.081716111,45.721776389],[5.081718889,45.721789722],[5.081711389,45.721836389],[5.081722222,45.721836389],[5.081722778,45.721878611],[5.081670278,45.721878889],[5.081668611,45.721923889],[5.081581944,45.721922222],[5.081575,45.722005278],[5.081562778,45.722078056],[5.081540833,45.722158889],[5.081511389,45.722241389],[5.081461944,45.7223575],[5.081427222,45.722416389],[5.081492222,45.722435556],[5.081507778,45.722415278],[5.081514722,45.72239],[5.081522778,45.722378056],[5.081537222,45.722372778],[5.081556944,45.722371944],[5.081571111,45.722378611],[5.081576667,45.722387778],[5.0815725,45.722403889],[5.0815475,45.722398333],[5.081537778,45.7224225],[5.081525,45.722440833],[5.081542222,45.722446667],[5.081519444,45.722484722],[5.081405833,45.722451944],[5.081376389,45.722500556],[5.08133,45.722565278],[5.081177778,45.722508333],[5.081151667,45.722544167],[5.080783333,45.722898056],[5.080926389,45.723405556],[5.080955556,45.723400556],[5.081046944,45.723719167],[5.081068333,45.723708889],[5.081104722,45.723695278],[5.081141111,45.723686111],[5.0812075,45.723678889],[5.081258889,45.723685278],[5.083184167,45.724039167],[5.083138333,45.724161389],[5.081181389,45.723799722],[5.081133056,45.723796389],[5.081099167,45.723798333],[5.081075,45.723802778],[5.0810725,45.723793333],[5.081052222,45.723797222],[5.081035556,45.723803056],[5.081020556,45.723809722],[5.081010833,45.723814722],[5.080975556,45.723817778],[5.080974167,45.723851667],[5.080968056,45.723876667],[5.080950278,45.723906667],[5.080951667,45.723933056],[5.080962778,45.723974167],[5.081005833,45.724111667],[5.080768611,45.724146389],[5.080733611,45.724023056],[5.080669167,45.724038333],[5.078837778,45.724495],[5.078783889,45.724378889],[5.080705556,45.723896944],[5.080578611,45.723458333],[5.080801111,45.723425278],[5.080678333,45.722990278],[5.080458056,45.722880833],[5.080488889,45.722850556],[5.080033889,45.722629167],[5.080256389,45.722407778],[5.080283333,45.722420833],[5.080470278,45.722232778],[5.080580278,45.722272222],[5.080609722,45.722223333],[5.080646667,45.722159722],[5.080679722,45.7220925],[5.080708056,45.722002222],[5.080722222,45.721903611],[5.08072,45.721809722],[5.080711111,45.721750833],[5.08069,45.721671667],[5.080653056,45.721590278],[5.080605833,45.721507778],[5.080543056,45.721431944],[5.080475556,45.721360278],[5.080410833,45.721306667],[5.080315278,45.721237222],[5.080188056,45.721166389],[5.080060833,45.721113611],[5.079574167,45.7209125],[5.079532222,45.720744722],[5.078875556,45.720486667],[5.079100278,45.720215556],[5.079194444,45.720103889],[5.079105556,45.719994167],[5.079499722,45.719502778],[5.079436111,45.719498333],[5.079487778,45.719434722],[5.079529722,45.719372222],[5.079561389,45.719309167],[5.079586944,45.719248056],[5.079611111,45.7191675],[5.079619444,45.719074444],[5.079619167,45.718983889],[5.079602222,45.718892222],[5.079571111,45.718807222],[5.079524722,45.718722222],[5.079483056,45.718656389],[5.079405,45.718566944],[5.079342222,45.718506667],[5.079250833,45.718436667],[5.079172222,45.7183875],[5.079080833,45.718338889],[5.078958333,45.718288056],[5.078869722,45.718260278],[5.078758333,45.718233056],[5.078639444,45.718213333],[5.078556111,45.718206944],[5.078466667,45.718204722],[5.078351389,45.718204722],[5.078221667,45.718211389],[5.078080556,45.718225278],[5.078023056,45.718233611],[5.077946667,45.718245278],[5.077948611,45.718251389],[5.077875833,45.718256667],[5.077796389,45.718263056],[5.077697778,45.718265556],[5.077614722,45.718264444],[5.077480278,45.718259444],[5.0773525,45.718246111],[5.077230278,45.718229444],[5.077086111,45.7182],[5.076985833,45.718174444],[5.076876111,45.718141667],[5.076744444,45.718094167],[5.076646111,45.718054722],[5.076541389,45.718004167],[5.076459722,45.717957222],[5.076940833,45.717551667],[5.076872222,45.717509444],[5.076808611,45.7174625],[5.076758611,45.717419444],[5.0766925,45.717353611],[5.076638889,45.717283611],[5.076600833,45.717223056],[5.076573333,45.717170278],[5.076551944,45.7171125],[5.076533056,45.7170525],[5.076521944,45.716985],[5.076517222,45.716930833],[5.076521111,45.716866389],[5.076528056,45.716813333],[5.076546111,45.716743056],[5.076575833,45.716675833],[5.076625,45.716590278],[5.075938056,45.716335556],[5.076018056,45.716228056],[5.076249722,45.716314722],[5.07671,45.716483611],[5.076759167,45.716431111],[5.076392222,45.7162175],[5.076377778,45.716228889],[5.076282778,45.716170833],[5.076344444,45.716116944],[5.076433889,45.716174722],[5.076424444,45.716183333],[5.076798611,45.716397778],[5.076869444,45.716347778],[5.076941944,45.7163025],[5.0770175,45.716260556],[5.077113889,45.716218889],[5.0772,45.716188056],[5.077265,45.716168333],[5.077345556,45.716148333],[5.077283889,45.715987222],[5.077265556,45.715990833],[5.077233611,45.715909722],[5.077333889,45.715891667],[5.077361944,45.715975833],[5.077343056,45.715978889],[5.077404444,45.716139167],[5.077468889,45.716129444],[5.077544722,45.7161225],[5.077616667,45.716118333],[5.077678889,45.7161175],[5.077747222,45.716118611],[5.077818889,45.716123056],[5.077888333,45.716130278],[5.07795,45.71614],[5.077998889,45.716149167],[5.078064444,45.716162778],[5.078270278,45.715799444],[5.078249444,45.7157925],[5.078293333,45.715715278],[5.078390833,45.715741389],[5.078346111,45.715816667],[5.078327778,45.715811667],[5.078111944,45.716176944],[5.078168333,45.716193889],[5.078218056,45.716212222],[5.078252778,45.716225833],[5.078275556,45.716235833],[5.078396389,45.716113611],[5.078379722,45.716105278],[5.078448611,45.716031944],[5.078538611,45.7160725],[5.078465833,45.716145833],[5.07845,45.716138611],[5.078335278,45.716258889],[5.078389167,45.7162875],[5.078445278,45.716320833],[5.078503333,45.716358889],[5.07856,45.7164025],[5.078606667,45.716443611],[5.078658889,45.716496667],[5.078688611,45.716535278],[5.078714167,45.716569167],[5.078733333,45.716598611],[5.078751111,45.716629167],[5.079008056,45.716555278],[5.0790425,45.71655],[5.079078611,45.716554444],[5.079105833,45.716564444],[5.079123889,45.716579722],[5.0791325,45.716600278],[5.0791325,45.716618889],[5.079125556,45.7166375],[5.079106389,45.716653611],[5.079085833,45.716662778],[5.0789325,45.716695],[5.078896389,45.716693889],[5.078873611,45.716688333],[5.078851944,45.716678056],[5.07884,45.716665833],[5.078835,45.716654444],[5.078836389,45.716645556],[5.078773333,45.716663333],[5.078790833,45.716699167],[5.078805833,45.716749167],[5.078820556,45.716802222],[5.078830556,45.716856111],[5.078835556,45.716905833],[5.078836389,45.716959722],[5.078829444,45.717020556],[5.078815833,45.717082778],[5.078800556,45.717131111],[5.078972778,45.717164444],[5.0789775,45.717152222],[5.079106111,45.717176389],[5.079078889,45.717242778],[5.078961944,45.717218611],[5.078966667,45.717205],[5.078778889,45.717171111],[5.078750556,45.717233889],[5.0787075,45.7172975],[5.078674444,45.717342778],[5.078642222,45.717379722],[5.078611944,45.717408611],[5.078593333,45.717426389],[5.078531389,45.717477778],[5.0788475,45.7176625],[5.078798056,45.717801944],[5.078686944,45.717792778],[5.078569444,45.717786389],[5.078474167,45.717783056],[5.078365,45.717784167],[5.078241111,45.717788611],[5.078098056,45.717798611],[5.077945556,45.717818611],[5.077873056,45.717828333],[5.077851944,45.717730556],[5.077940833,45.717719167],[5.078031667,45.717700833],[5.078125556,45.717677222],[5.078204722,45.7176525],[5.078290556,45.717618889],[5.078374167,45.717577222],[5.078456944,45.717529722],[5.078520278,45.717486667],[5.078592222,45.717427778],[5.079104167,45.717725278],[5.079040833,45.717849444],[5.079141944,45.717876944],[5.079200278,45.717896944],[5.079261667,45.717855833],[5.079415833,45.717915278],[5.079396944,45.717973611],[5.079522778,45.718034444],[5.079668611,45.718121944],[5.07982,45.718237222],[5.079893056,45.718217778],[5.079913611,45.718236111],[5.080019722,45.718184722],[5.080036111,45.718201667],[5.079959722,45.718238889],[5.080011111,45.718289722],[5.079986667,45.718303056],[5.0800025,45.718318056],[5.079950556,45.718365833],[5.080011111,45.718435556],[5.080070556,45.718520278],[5.080123889,45.718611389],[5.080173333,45.718729167]]]}},{"type":"Feature","id":"LFLL-6215a6e78645643d934c","properties":{"airport":"LFLL","name":"LFLL AVISO","layer":"Buildings and structures","category":"Buildings","object_type":"Area","style_id":"polygon.building.394446","source_group":"LFLL AVISO","vsmr_group_ids":[],"geometry_role":"filled_region"},"geometry":{"type":"Polygon","coordinates":[[[5.081183889,45.715629722],[5.081219167,45.715623333],[5.081214444,45.715609444],[5.0835225,45.715172778],[5.083616389,45.715405556],[5.083598611,45.715409722],[5.083606944,45.715430556],[5.081283333,45.715871667],[5.081183889,45.715629722]]]}},{"type":"Feature","id":"LFLL-d6a9d49ab104ce7f3822","properties":{"airport":"LFLL","name":"LFLL AVISO","layer":"Buildings and structures","category":"Buildings","object_type":"Area","style_id":"polygon.building.394446","source_group":"LFLL AVISO","vsmr_group_ids":[],"geometry_role":"filled_region"},"geometry":{"type":"Polygon","coordinates":[[[5.083420833,45.709764444],[5.083388333,45.7092975],[5.084241389,45.7092625],[5.084281667,45.709719167],[5.083420833,45.709764444]]]}},{"type":"Feature","id":"LFLL-7921844f51d61786f2ee","properties":{"airport":"LFLL","name":"LFLL AVISO","layer":"Buildings and structures","category":"Buildings","object_type":"Area","style_id":"polygon.building.394446","source_group":"LFLL AVISO","vsmr_group_ids":[],"geometry_role":"filled_region"},"geometry":{"type":"Polygon","coordinates":[[[5.082415833,45.726388333],[5.082368333,45.726316389],[5.082710833,45.726244444],[5.082748333,45.726325],[5.082415833,45.726388333]]]}},{"type":"Feature","id":"LFLL-0584dc2eee4c25adcdaa","properties":{"airport":"LFLL","name":"LFLL AVISO","layer":"Buildings and structures","category":"Buildings","object_type":"Area","style_id":"polygon.building.394446","source_group":"LFLL AVISO","vsmr_group_ids":[],"geometry_role":"filled_region"},"geometry":{"type":"Polygon","coordinates":[[[5.081441111,45.726498611],[5.081318056,45.726185833],[5.081580278,45.726130278],[5.0817075,45.726454167],[5.081441111,45.726498611]]]}},{"type":"Feature","id":"LFLL-1a7a2e36148fa397e7f5","properties":{"airport":"LFLL","name":"LFLL AVISO","layer":"Buildings and structures","category":"Buildings","object_type":"Area","style_id":"polygon.building.394446","source_group":"LFLL AVISO","vsmr_group_ids":[],"geometry_role":"filled_region"},"geometry":{"type":"Polygon","coordinates":[[[5.081850833,45.726466111],[5.081838333,45.726446667],[5.081900278,45.726428056],[5.081913056,45.726451389],[5.081850833,45.726466111]]]}},{"type":"Feature","id":"LFLL-dfc1a0ff24b290b9a88e","properties":{"airport":"LFLL","name":"LFLL AVISO","layer":"Buildings and structures","category":"Buildings","object_type":"Area","style_id":"polygon.building.394446","source_group":"LFLL AVISO","vsmr_group_ids":[],"geometry_role":"filled_region"},"geometry":{"type":"Polygon","coordinates":[[[5.08059,45.726665278],[5.080543056,45.726524444],[5.080943333,45.726436111],[5.080986389,45.726591667],[5.08059,45.726665278]]]}},{"type":"Feature","id":"LFLL-253f87e23e6676708fe9","properties":{"airport":"LFLL","name":"LFLL AVISO","layer":"Buildings and structures","category":"Buildings","object_type":"Area","style_id":"polygon.building.394446","source_group":"LFLL AVISO","vsmr_group_ids":[],"geometry_role":"filled_region"},"geometry":{"type":"Polygon","coordinates":[[[5.080269722,45.727120556],[5.080306944,45.727025556],[5.080396389,45.727036944],[5.080386389,45.727133889],[5.080269722,45.727120556]]]}},{"type":"Feature","id":"LFLL-af05d6fda080780d49d7","properties":{"airport":"LFLL","name":"LFLL AVISO","layer":"Buildings and structures","category":"Buildings","object_type":"Area","style_id":"polygon.building.394446","source_group":"LFLL AVISO","vsmr_group_ids":[],"geometry_role":"filled_region"},"geometry":{"type":"Polygon","coordinates":[[[5.080165556,45.7273775],[5.080169167,45.727351389],[5.0802175,45.727353333],[5.080211944,45.727388889],[5.080165556,45.7273775]]]}},{"type":"Feature","id":"LFLL-845e459a4b4a3124d4f1","properties":{"airport":"LFLL","name":"LFLL AVISO","layer":"Buildings and structures","category":"Buildings","object_type":"Area","style_id":"polygon.building.394446","source_group":"LFLL AVISO","vsmr_group_ids":[],"geometry_role":"filled_region"},"geometry":{"type":"Polygon","coordinates":[[[5.080892778,45.727260833],[5.080873333,45.727170556],[5.080944167,45.727157778],[5.080966389,45.727251667],[5.080892778,45.727260833]]]}},{"type":"Feature","id":"LFLL-d98f4ae4f14438496fc9","properties":{"airport":"LFLL","name":"LFLL AVISO","layer":"Buildings and structures","category":"Buildings","object_type":"Area","style_id":"polygon.building.394446","source_group":"LFLL AVISO","vsmr_group_ids":[],"geometry_role":"filled_region"},"geometry":{"type":"Polygon","coordinates":[[[5.081312778,45.726469444],[5.081295833,45.726419167],[5.081359722,45.726408611],[5.081371389,45.726462778],[5.081312778,45.726469444]]]}},{"type":"Feature","id":"LFLL-b12e140170f501fe2b44","properties":{"airport":"LFLL","name":"LFLL AVISO","layer":"Buildings and structures","category":"Buildings","object_type":"Area","style_id":"polygon.building.394446","source_group":"LFLL AVISO","vsmr_group_ids":[],"geometry_role":"filled_region"},"geometry":{"type":"Polygon","coordinates":[[[5.081465556,45.726109167],[5.081361944,45.725893056],[5.081266944,45.725903333],[5.081304722,45.726013333],[5.081277222,45.726023611],[5.081302222,45.726063889],[5.081388611,45.726052222],[5.081423889,45.726123611],[5.080891667,45.726225],[5.080848333,45.726148889],[5.081260556,45.726074444],[5.081238889,45.726038056],[5.081192778,45.725926389],[5.081005556,45.725961944],[5.080990278,45.725939167],[5.080902222,45.725950833],[5.080909444,45.725975833],[5.080624167,45.726034722],[5.080606667,45.726013889],[5.080596667,45.726031389],[5.080499722,45.726051111],[5.080483056,45.726003611],[5.080453611,45.72601],[5.080437222,45.725966389],[5.0805825,45.725933889],[5.080510278,45.725826389],[5.080897778,45.725744167],[5.080881944,45.725711944],[5.080872222,45.725690833],[5.080779722,45.725709167],[5.080728056,45.725587222],[5.080913333,45.725554444],[5.080999444,45.725733611],[5.081412778,45.725665278],[5.081496389,45.725868333],[5.081395833,45.725890278],[5.081399722,45.725909722],[5.081472222,45.725888611],[5.081481667,45.725903889],[5.081518056,45.725899167],[5.081585833,45.726083333],[5.081465556,45.726109167]]]}},{"type":"Feature","id":"LFLL-7c9455cfc99eb8e4ee0f","properties":{"airport":"LFLL","name":"LFLL AVISO","layer":"Buildings and structures","category":"Buildings","object_type":"Area","style_id":"polygon.building.394446","source_group":"LFLL AVISO","vsmr_group_ids":[],"geometry_role":"filled_region"},"geometry":{"type":"Polygon","coordinates":[[[5.081183056,45.725599722],[5.081230278,45.725583056],[5.081275,45.725591944],[5.0813225,45.725624722],[5.081304722,45.725658333],[5.081305833,45.725660556],[5.081273889,45.725681944],[5.081241111,45.725683889],[5.081206111,45.725674444],[5.0811775,45.725656111],[5.081160556,45.725649444],[5.081152778,45.725622778],[5.081183056,45.725599722]]]}},{"type":"Feature","id":"LFLL-d85bf4ce3a36141490fb","properties":{"airport":"LFLL","name":"LFLL AVISO","layer":"Buildings and structures","category":"Buildings","object_type":"Area","style_id":"polygon.building.394446","source_group":"LFLL AVISO","vsmr_group_ids":[],"geometry_role":"filled_region"},"geometry":{"type":"Polygon","coordinates":[[[5.080275278,45.725924167],[5.080249444,45.725870556],[5.080473889,45.725829167],[5.080499444,45.7258825],[5.080275278,45.725924167]]]}},{"type":"Feature","id":"LFLL-a94c4ce102f8608583ca","properties":{"airport":"LFLL","name":"LFLL AVISO","layer":"Buildings and structures","category":"Buildings","object_type":"Area","style_id":"polygon.building.394446","source_group":"LFLL AVISO","vsmr_group_ids":[],"geometry_role":"filled_region"},"geometry":{"type":"Polygon","coordinates":[[[5.080076389,45.725994722],[5.080050278,45.7259375],[5.080086111,45.725935556],[5.080076667,45.725878056],[5.080128611,45.725868889],[5.080180556,45.725974167],[5.080076389,45.725994722]]]}},{"type":"Feature","id":"LFLL-2acd9a1f00130e45d7c9","properties":{"airport":"LFLL","name":"LFLL AVISO","layer":"Buildings and structures","category":"Buildings","object_type":"Area","style_id":"polygon.building.394446","source_group":"LFLL AVISO","vsmr_group_ids":[],"geometry_role":"filled_region"},"geometry":{"type":"Polygon","coordinates":[[[5.079956111,45.726023611],[5.079926389,45.725955833],[5.080019722,45.725941944],[5.0800525,45.726006389],[5.079956111,45.726023611]]]}},{"type":"Feature","id":"LFLL-1957a8ad3cff04785e85","properties":{"airport":"LFLL","name":"LFLL AVISO","layer":"Buildings and structures","category":"Buildings","object_type":"Area","style_id":"polygon.building.394446","source_group":"LFLL AVISO","vsmr_group_ids":[],"geometry_role":"filled_region"},"geometry":{"type":"Polygon","coordinates":[[[5.0781925,45.729570556],[5.078252222,45.729568333],[5.0782525,45.729583056],[5.078191944,45.729592778],[5.0781925,45.729570556]]]}},{"type":"Feature","id":"LFLL-d5977ec8c7843b60e91d","properties":{"airport":"LFLL","name":"LFLL AVISO","layer":"Buildings and structures","category":"Buildings","object_type":"Area","style_id":"polygon.building.394446","source_group":"LFLL AVISO","vsmr_group_ids":[],"geometry_role":"filled_region"},"geometry":{"type":"Polygon","coordinates":[[[5.080578333,45.728615556],[5.080589444,45.728513889],[5.080644722,45.728522778],[5.080625556,45.728618333],[5.080578333,45.728615556]]]}},{"type":"Feature","id":"LFLL-e664d7ead6ae7daeb472","properties":{"airport":"LFLL","name":"LFLL AVISO","layer":"Buildings and structures","category":"Buildings","object_type":"Area","style_id":"polygon.building.394446","source_group":"LFLL AVISO","vsmr_group_ids":[],"geometry_role":"filled_region"},"geometry":{"type":"Polygon","coordinates":[[[5.078868889,45.726326389],[5.078825833,45.726185833],[5.078904167,45.7261625],[5.078899167,45.726134167],[5.078813889,45.726146111],[5.078791944,45.726089167],[5.078994722,45.726056111],[5.079023889,45.726119167],[5.078998333,45.726122778],[5.079006944,45.726145556],[5.0790375,45.726142222],[5.079090278,45.7262925],[5.078868889,45.726326389]]]}},{"type":"Feature","id":"LFLL-4e8c3109a6453fe5ad87","properties":{"airport":"LFLL","name":"LFLL AVISO","layer":"Buildings and structures","category":"Buildings","object_type":"Area","style_id":"polygon.building.394446","source_group":"LFLL AVISO","vsmr_group_ids":[],"geometry_role":"filled_region"},"geometry":{"type":"Polygon","coordinates":[[[5.078458889,45.726250556],[5.078699722,45.726203056],[5.0787275,45.726270278],[5.078483611,45.726316389],[5.078458889,45.726250556]]]}},{"type":"Feature","id":"LFLL-83379e75b7d1a1bfdf96","properties":{"airport":"LFLL","name":"LFLL AVISO","layer":"Buildings and structures","category":"Buildings","object_type":"Area","style_id":"polygon.building.394446","source_group":"LFLL AVISO","vsmr_group_ids":[],"geometry_role":"filled_region"},"geometry":{"type":"Polygon","coordinates":[[[5.091523611,45.737771667],[5.091525556,45.737731389],[5.091535278,45.737724722],[5.091534444,45.737689167],[5.091353056,45.737674444],[5.091353889,45.737663056],[5.091736667,45.737681111],[5.091735278,45.737698333],[5.091555556,45.737687778],[5.0915425,45.737700278],[5.091540833,45.737713056],[5.091547778,45.737729722],[5.091558611,45.737735],[5.091557778,45.737751667],[5.091553889,45.737776111],[5.091523611,45.737771667]]]}},{"type":"Feature","id":"LFLL-91a42025c0db1e77ec04","properties":{"airport":"LFLL","name":"LFLL AVISO","layer":"Buildings and structures","category":"Buildings","object_type":"Area","style_id":"polygon.building.394446","source_group":"LFLL AVISO","vsmr_group_ids":[],"geometry_role":"filled_region"},"geometry":{"type":"Polygon","coordinates":[[[5.0891125,45.741460556],[5.089107222,45.741387222],[5.089050833,45.741385],[5.089040833,45.741292222],[5.089100278,45.741291389],[5.08911,45.741301111],[5.089174167,45.741298056],[5.089188611,45.741459722],[5.0891125,45.741460556]]]}},{"type":"Feature","id":"LFLL-a434b558501e2f63ea0c","properties":{"airport":"LFLL","name":"LFLL AVISO","layer":"Buildings and structures","category":"Buildings","object_type":"Area","style_id":"polygon.building.394446","source_group":"LFLL AVISO","vsmr_group_ids":[],"geometry_role":"filled_region"},"geometry":{"type":"Polygon","coordinates":[[[5.090097778,45.6999925],[5.090104722,45.699961667],[5.090131389,45.699970556],[5.090127778,45.699996944],[5.090097778,45.6999925]]]}},{"type":"Feature","id":"LFLL-65a1bd8685890c08fb86","properties":{"airport":"LFLL","name":"LFLL AVISO","layer":"Buildings and structures","category":"Buildings","object_type":"Area","style_id":"polygon.building.394446","source_group":"LFLL AVISO","vsmr_group_ids":[],"geometry_role":"filled_region"},"geometry":{"type":"Polygon","coordinates":[[[5.096344167,45.714269167],[5.096311667,45.714261667],[5.096317778,45.714217222],[5.0963525,45.714221389],[5.096344167,45.714269167]]]}},{"type":"Feature","id":"LFLL-505e4c893db9da68c59b","properties":{"airport":"LFLL","name":"LFLL AVISO","layer":"Buildings and structures","category":"Buildings","object_type":"Area","style_id":"polygon.building.394446","source_group":"LFLL AVISO","vsmr_group_ids":[],"geometry_role":"filled_region"},"geometry":{"type":"Polygon","coordinates":[[[5.091928611,45.713924444],[5.091888611,45.713919167],[5.091894722,45.713871111],[5.0919325,45.713873333],[5.091928611,45.713924444]]]}},{"type":"Feature","id":"LFLL-e4a87cb72c7fffb0edf0","properties":{"airport":"LFLL","name":"LFLL AVISO","layer":"Surface markings","category":"Red taxiway markings","object_type":"Area","style_id":"polygon.taxiwayred","source_group":"LFLL AVISO","vsmr_group_ids":[],"geometry_role":"filled_region"},"geometry":{"type":"Polygon","coordinates":[[[5.087723611,45.715996111],[5.087683889,45.716338889],[5.087651389,45.716350278],[5.087694167,45.715994722],[5.087723611,45.715996111]]]}},{"type":"Feature","id":"LFLL-dce9d3bc53e83dc8b9a1","properties":{"airport":"LFLL","name":"LFLL AVISO","layer":"Surface markings","category":"Red taxiway markings","object_type":"Area","style_id":"polygon.taxiwayred","source_group":"LFLL AVISO","vsmr_group_ids":[],"geometry_role":"filled_region"},"geometry":{"type":"Polygon","coordinates":[[[5.088240833,45.710753333],[5.088316111,45.71095],[5.088286944,45.710955],[5.0882125,45.710758611],[5.088240833,45.710753333]]]}},{"type":"Feature","id":"LFLL-ff44adf9af18d7d427ec","properties":{"airport":"LFLL","name":"LFLL AVISO","layer":"Surface markings","category":"Red taxiway markings","object_type":"Area","style_id":"polygon.taxiwayred","source_group":"LFLL AVISO","vsmr_group_ids":[],"geometry_role":"filled_region"},"geometry":{"type":"Polygon","coordinates":[[[5.089272778,45.735658056],[5.089418611,45.735831111],[5.089391944,45.7358425],[5.089246944,45.735669167],[5.089272778,45.735658056]]]}},{"type":"Feature","id":"LFLL-f05fd36f5e9d11f7f7ce","properties":{"airport":"LFLL","name":"LFLL AVISO","layer":"Surface markings","category":"Red taxiway markings","object_type":"Area","style_id":"polygon.taxiwayred","source_group":"LFLL AVISO","vsmr_group_ids":[],"geometry_role":"filled_region"},"geometry":{"type":"Polygon","coordinates":[[[5.090023333,45.729328889],[5.089965278,45.729786389],[5.089936389,45.729784722],[5.089989167,45.729363889],[5.090023333,45.729328889]]]}},{"type":"Feature","id":"LFLL-b40e083b6cedc64256ad","properties":{"airport":"LFLL","name":"LFLL AVISO","layer":"Surface markings","category":"Surface markings","object_type":"Area","style_id":"polygon.surfacemarking","source_group":"LFLL AVISO","vsmr_group_ids":[],"geometry_role":"filled_region"},"geometry":{"type":"Polygon","coordinates":[[[5.089982778,45.712080278],[5.089956944,45.712283333],[5.089933889,45.712282778],[5.089958611,45.712080278],[5.089982778,45.712080278]]]}},{"type":"Feature","id":"LFLL-fc2fc01aaec17f1a6242","properties":{"airport":"LFLL","name":"LFLL AVISO","layer":"Surface markings","category":"Surface markings","object_type":"Area","style_id":"polygon.surfacemarking","source_group":"LFLL AVISO","vsmr_group_ids":[],"geometry_role":"filled_region"},"geometry":{"type":"Polygon","coordinates":[[[5.089940278,45.712076944],[5.089915833,45.712281111],[5.089889167,45.712279722],[5.089916667,45.712076944],[5.089940278,45.712076944]]]}},{"type":"Feature","id":"LFLL-d99bcb8ead0a87f1b046","properties":{"airport":"LFLL","name":"LFLL AVISO","layer":"Surface markings","category":"Surface markings","object_type":"Area","style_id":"polygon.surfacemarking","source_group":"LFLL AVISO","vsmr_group_ids":[],"geometry_role":"filled_region"},"geometry":{"type":"Polygon","coordinates":[[[5.090238056,45.711533333],[5.090291944,45.711534444],[5.090299722,45.711479167],[5.090242778,45.711474167],[5.090246944,45.711445],[5.090328333,45.711452222],[5.090312222,45.711565556],[5.090259444,45.711563333],[5.090257778,45.711582222],[5.090314167,45.711586667],[5.090309722,45.711615833],[5.090224722,45.711611111],[5.090238056,45.711533333]]]}},{"type":"Feature","id":"LFLL-4bfd6935fc773735ca5b","properties":{"airport":"LFLL","name":"LFLL AVISO","layer":"Surface markings","category":"Surface markings","object_type":"Area","style_id":"polygon.surfacemarking","source_group":"LFLL AVISO","vsmr_group_ids":[],"geometry_role":"filled_region"},"geometry":{"type":"Polygon","coordinates":[[[5.090092778,45.711574444],[5.090146944,45.711575556],[5.090151944,45.711564444],[5.090120833,45.711537778],[5.090159444,45.711514722],[5.090162778,45.711471111],[5.090108611,45.711466667],[5.090113333,45.711436944],[5.0901925,45.711442222],[5.090181111,45.711521667],[5.090153056,45.711536111],[5.090175556,45.711561111],[5.090171667,45.711606667],[5.090089167,45.711602778],[5.090092778,45.711574444]]]}},{"type":"Feature","id":"LFLL-44c3ecade1c312acc55d","properties":{"airport":"LFLL","name":"LFLL AVISO","layer":"Surface markings","category":"Surface markings","object_type":"Area","style_id":"polygon.surfacemarking","source_group":"LFLL AVISO","vsmr_group_ids":[],"geometry_role":"filled_region"},"geometry":{"type":"Polygon","coordinates":[[[5.090055556,45.710784722],[5.090027222,45.711055556],[5.089999167,45.711053056],[5.090033056,45.710783611],[5.090055556,45.710784722]]]}},{"type":"Feature","id":"LFLL-d06ac6cc1dc47553b0a8","properties":{"airport":"LFLL","name":"LFLL AVISO","layer":"Surface markings","category":"Surface markings","object_type":"Area","style_id":"polygon.surfacemarking","source_group":"LFLL AVISO","vsmr_group_ids":[],"geometry_role":"filled_region"},"geometry":{"type":"Polygon","coordinates":[[[5.090100833,45.710786389],[5.090069167,45.711058056],[5.090045278,45.711056111],[5.090076389,45.710786389],[5.090100833,45.710786389]]]}},{"type":"Feature","id":"LFLL-54846ecd49bd108f5c8e","properties":{"airport":"LFLL","name":"LFLL AVISO","layer":"Surface markings","category":"Surface markings","object_type":"Area","style_id":"polygon.surfacemarking","source_group":"LFLL AVISO","vsmr_group_ids":[],"geometry_role":"filled_region"},"geometry":{"type":"Polygon","coordinates":[[[5.090146944,45.71079],[5.090114444,45.711061389],[5.090089722,45.711060278],[5.090121667,45.710788611],[5.090146944,45.71079]]]}},{"type":"Feature","id":"LFLL-cb571061cd4cb70169e4","properties":{"airport":"LFLL","name":"LFLL AVISO","layer":"Surface markings","category":"Surface markings","object_type":"Area","style_id":"polygon.surfacemarking","source_group":"LFLL AVISO","vsmr_group_ids":[],"geometry_role":"filled_region"},"geometry":{"type":"Polygon","coordinates":[[[5.090188611,45.710794167],[5.090156111,45.711064444],[5.090131944,45.711063333],[5.090164167,45.710793333],[5.090188611,45.710794167]]]}},{"type":"Feature","id":"LFLL-e6c6478631a6df5793dd","properties":{"airport":"LFLL","name":"LFLL AVISO","layer":"Surface markings","category":"Surface markings","object_type":"Area","style_id":"polygon.surfacemarking","source_group":"LFLL AVISO","vsmr_group_ids":[],"geometry_role":"filled_region"},"geometry":{"type":"Polygon","coordinates":[[[5.090233333,45.710795833],[5.090203333,45.7110625],[5.090177222,45.711064444],[5.090208333,45.710794722],[5.090233333,45.710795833]]]}},{"type":"Feature","id":"LFLL-240e7f6841a63d752662","properties":{"airport":"LFLL","name":"LFLL AVISO","layer":"Surface markings","category":"Surface markings","object_type":"Area","style_id":"polygon.surfacemarking","source_group":"LFLL AVISO","vsmr_group_ids":[],"geometry_role":"filled_region"},"geometry":{"type":"Polygon","coordinates":[[[5.090278889,45.7108],[5.090245556,45.711069167],[5.090222222,45.711068056],[5.090249722,45.710797778],[5.090278889,45.7108]]]}},{"type":"Feature","id":"LFLL-4fcb8e58b038b3aba5b2","properties":{"airport":"LFLL","name":"LFLL AVISO","layer":"Surface markings","category":"Surface markings","object_type":"Area","style_id":"polygon.surfacemarking","source_group":"LFLL AVISO","vsmr_group_ids":[],"geometry_role":"filled_region"},"geometry":{"type":"Polygon","coordinates":[[[5.090341667,45.710803056],[5.090307778,45.711071667],[5.090284722,45.711069167],[5.0903175,45.710801111],[5.090341667,45.710803056]]]}},{"type":"Feature","id":"LFLL-d29a3b2917dee973a8bc","properties":{"airport":"LFLL","name":"LFLL AVISO","layer":"Surface markings","category":"Surface markings","object_type":"Area","style_id":"polygon.surfacemarking","source_group":"LFLL AVISO","vsmr_group_ids":[],"geometry_role":"filled_region"},"geometry":{"type":"Polygon","coordinates":[[[5.090385833,45.710804167],[5.090351111,45.7110725],[5.090329444,45.711072222],[5.09036,45.710803056],[5.090385833,45.710804167]]]}},{"type":"Feature","id":"LFLL-dac8ff38b0c750a436dd","properties":{"airport":"LFLL","name":"LFLL AVISO","layer":"Surface markings","category":"Surface markings","object_type":"Area","style_id":"polygon.surfacemarking","source_group":"LFLL AVISO","vsmr_group_ids":[],"geometry_role":"filled_region"},"geometry":{"type":"Polygon","coordinates":[[[5.090428889,45.710806111],[5.090398056,45.711078333],[5.090371389,45.711076944],[5.090402222,45.710805833],[5.090428889,45.710806111]]]}},{"type":"Feature","id":"LFLL-33c1f17696f444162304","properties":{"airport":"LFLL","name":"LFLL AVISO","layer":"Surface markings","category":"Surface markings","object_type":"Area","style_id":"polygon.surfacemarking","source_group":"LFLL AVISO","vsmr_group_ids":[],"geometry_role":"filled_region"},"geometry":{"type":"Polygon","coordinates":[[[5.090470278,45.710810278],[5.090438611,45.711081111],[5.090414444,45.71108],[5.090448333,45.710809167],[5.090470278,45.710810278]]]}},{"type":"Feature","id":"LFLL-9e82f3de027e5684e451","properties":{"airport":"LFLL","name":"LFLL AVISO","layer":"Surface markings","category":"Surface markings","object_type":"Area","style_id":"polygon.surfacemarking","source_group":"LFLL AVISO","vsmr_group_ids":[],"geometry_role":"filled_region"},"geometry":{"type":"Polygon","coordinates":[[[5.090515556,45.710812778],[5.090482778,45.7110825],[5.090455,45.711081389],[5.090490556,45.710811944],[5.090515556,45.710812778]]]}},{"type":"Feature","id":"LFLL-ea29629d4010277e5083","properties":{"airport":"LFLL","name":"LFLL AVISO","layer":"Surface markings","category":"Surface markings","object_type":"Area","style_id":"polygon.surfacemarking","source_group":"LFLL AVISO","vsmr_group_ids":[],"geometry_role":"filled_region"},"geometry":{"type":"Polygon","coordinates":[[[5.090561667,45.710815833],[5.09053,45.711085278],[5.090499722,45.711085],[5.090536667,45.710813889],[5.090561667,45.710815833]]]}},{"type":"Feature","id":"LFLL-2f8c40dd5afc2b772a61","properties":{"airport":"LFLL","name":"LFLL AVISO","layer":"Surface markings","category":"Surface markings","object_type":"Area","style_id":"polygon.surfacemarking","source_group":"LFLL AVISO","vsmr_group_ids":[],"geometry_role":"filled_region"},"geometry":{"type":"Polygon","coordinates":[[[5.090292222,45.711177222],[5.090288611,45.711208333],[5.090230556,45.711203889],[5.090218889,45.7113425],[5.090188056,45.711339167],[5.090209167,45.711175],[5.090292222,45.711177222]]]}},{"type":"Feature","id":"LFLL-8e62c84f77265c428b43","properties":{"airport":"LFLL","name":"LFLL AVISO","layer":"Surface markings","category":"Surface markings","object_type":"Area","style_id":"polygon.surfacemarking","source_group":"LFLL AVISO","vsmr_group_ids":[],"geometry_role":"filled_region"},"geometry":{"type":"Polygon","coordinates":[[[5.090024167,45.712085278],[5.09,45.712285],[5.0899725,45.712284167],[5.090000278,45.712083333],[5.090024167,45.712085278]]]}},{"type":"Feature","id":"LFLL-03c7824c1a989fc43e3d","properties":{"airport":"LFLL","name":"LFLL AVISO","layer":"Surface markings","category":"Surface markings","object_type":"Area","style_id":"polygon.surfacemarking","source_group":"LFLL AVISO","vsmr_group_ids":[],"geometry_role":"filled_region"},"geometry":{"type":"Polygon","coordinates":[[[5.090279444,45.712098611],[5.090256389,45.712301944],[5.090229444,45.712301944],[5.090255278,45.712097778],[5.090279444,45.712098611]]]}},{"type":"Feature","id":"LFLL-6fe2810656dcbd36ea09","properties":{"airport":"LFLL","name":"LFLL AVISO","layer":"Surface markings","category":"Surface markings","object_type":"Area","style_id":"polygon.surfacemarking","source_group":"LFLL AVISO","vsmr_group_ids":[],"geometry_role":"filled_region"},"geometry":{"type":"Polygon","coordinates":[[[5.090321667,45.712101389],[5.090294167,45.712304444],[5.090271944,45.7123025],[5.090296944,45.7121],[5.090321667,45.712101389]]]}},{"type":"Feature","id":"LFLL-afd8724becc9696f24d6","properties":{"airport":"LFLL","name":"LFLL AVISO","layer":"Surface markings","category":"Surface markings","object_type":"Area","style_id":"polygon.surfacemarking","source_group":"LFLL AVISO","vsmr_group_ids":[],"geometry_role":"filled_region"},"geometry":{"type":"Polygon","coordinates":[[[5.090362778,45.712104167],[5.090336667,45.712306667],[5.090314444,45.712304444],[5.090339444,45.7121025],[5.090362778,45.712104167]]]}},{"type":"Feature","id":"LFLL-2ce571ac1acada37aeff","properties":{"airport":"LFLL","name":"LFLL AVISO","layer":"Surface markings","category":"Surface markings","object_type":"Area","style_id":"polygon.surfacemarking","source_group":"LFLL AVISO","vsmr_group_ids":[],"geometry_role":"filled_region"},"geometry":{"type":"Polygon","coordinates":[[[5.089771944,45.713423333],[5.089746944,45.713629444],[5.089716667,45.713626944],[5.089743889,45.71342],[5.089771944,45.713423333]]]}},{"type":"Feature","id":"LFLL-1f6a1aac0596ba337f22","properties":{"airport":"LFLL","name":"LFLL AVISO","layer":"Surface markings","category":"Surface markings","object_type":"Area","style_id":"polygon.surfacemarking","source_group":"LFLL AVISO","vsmr_group_ids":[],"geometry_role":"filled_region"},"geometry":{"type":"Polygon","coordinates":[[[5.089814167,45.713426389],[5.089787778,45.71363],[5.089758333,45.713628333],[5.089786111,45.713425278],[5.089814167,45.713426389]]]}},{"type":"Feature","id":"LFLL-750f326e9d28ebea55a1","properties":{"airport":"LFLL","name":"LFLL AVISO","layer":"Surface markings","category":"Surface markings","object_type":"Area","style_id":"polygon.surfacemarking","source_group":"LFLL AVISO","vsmr_group_ids":[],"geometry_role":"filled_region"},"geometry":{"type":"Polygon","coordinates":[[[5.089858611,45.713426944],[5.089831111,45.713631944],[5.089799444,45.71363],[5.089829167,45.713426111],[5.089858611,45.713426944]]]}},{"type":"Feature","id":"LFLL-96f33317f31712919dc4","properties":{"airport":"LFLL","name":"LFLL AVISO","layer":"Surface markings","category":"Surface markings","object_type":"Area","style_id":"polygon.surfacemarking","source_group":"LFLL AVISO","vsmr_group_ids":[],"geometry_role":"filled_region"},"geometry":{"type":"Polygon","coordinates":[[[5.090113333,45.713443056],[5.090085833,45.713646389],[5.090055,45.713646111],[5.090085833,45.713441944],[5.090113333,45.713443056]]]}},{"type":"Feature","id":"LFLL-4d1c2a4dbd7bafa241f7","properties":{"airport":"LFLL","name":"LFLL AVISO","layer":"Surface markings","category":"Surface markings","object_type":"Area","style_id":"polygon.surfacemarking","source_group":"LFLL AVISO","vsmr_group_ids":[],"geometry_role":"filled_region"},"geometry":{"type":"Polygon","coordinates":[[[5.090155833,45.713445833],[5.090129444,45.713650278],[5.090099167,45.713648056],[5.090125833,45.713445278],[5.090155833,45.713445833]]]}},{"type":"Feature","id":"LFLL-b8437431f8cec2308958","properties":{"airport":"LFLL","name":"LFLL AVISO","layer":"Surface markings","category":"Surface markings","object_type":"Area","style_id":"polygon.surfacemarking","source_group":"LFLL AVISO","vsmr_group_ids":[],"geometry_role":"filled_region"},"geometry":{"type":"Polygon","coordinates":[[[5.090196667,45.713448333],[5.0901725,45.713651111],[5.090144444,45.71365],[5.090169167,45.7134475],[5.090196667,45.713448333]]]}},{"type":"Feature","id":"LFLL-1a85566cb1e2f5214364","properties":{"airport":"LFLL","name":"LFLL AVISO","layer":"Surface markings","category":"Surface markings","object_type":"Area","style_id":"polygon.surfacemarking","source_group":"LFLL AVISO","vsmr_group_ids":[],"geometry_role":"filled_region"},"geometry":{"type":"Polygon","coordinates":[[[5.089750833,45.714328611],[5.0896975,45.714733333],[5.089579722,45.714729167],[5.089628611,45.7143225],[5.089750833,45.714328611]]]}},{"type":"Feature","id":"LFLL-38e95a193975b39df63c","properties":{"airport":"LFLL","name":"LFLL AVISO","layer":"Surface markings","category":"Surface markings","object_type":"Area","style_id":"polygon.surfacemarking","source_group":"LFLL AVISO","vsmr_group_ids":[],"geometry_role":"filled_region"},"geometry":{"type":"Polygon","coordinates":[[[5.090094167,45.714350556],[5.090042778,45.7147575],[5.089921667,45.714749167],[5.089973611,45.714343889],[5.090094167,45.714350556]]]}},{"type":"Feature","id":"LFLL-687dcf25a2a2543f62f8","properties":{"airport":"LFLL","name":"LFLL AVISO","layer":"Surface markings","category":"Surface markings","object_type":"Area","style_id":"polygon.surfacemarking","source_group":"LFLL AVISO","vsmr_group_ids":[],"geometry_role":"filled_region"},"geometry":{"type":"Polygon","coordinates":[[[5.089488889,45.716115278],[5.089469444,45.716318056],[5.08944,45.716316111],[5.089459167,45.716115],[5.089488889,45.716115278]]]}},{"type":"Feature","id":"LFLL-53c31bb9ca7044165f78","properties":{"airport":"LFLL","name":"LFLL AVISO","layer":"Surface markings","category":"Surface markings","object_type":"Area","style_id":"polygon.surfacemarking","source_group":"LFLL AVISO","vsmr_group_ids":[],"geometry_role":"filled_region"},"geometry":{"type":"Polygon","coordinates":[[[5.089531944,45.716118333],[5.089509722,45.716320833],[5.089483056,45.716319167],[5.089504444,45.716116389],[5.089531944,45.716118333]]]}},{"type":"Feature","id":"LFLL-e63153117774cf419082","properties":{"airport":"LFLL","name":"LFLL AVISO","layer":"Surface markings","category":"Surface markings","object_type":"Area","style_id":"polygon.surfacemarking","source_group":"LFLL AVISO","vsmr_group_ids":[],"geometry_role":"filled_region"},"geometry":{"type":"Polygon","coordinates":[[[5.089784444,45.716133056],[5.089762222,45.716334722],[5.089736667,45.716332778],[5.089759444,45.716131389],[5.089784444,45.716133056]]]}},{"type":"Feature","id":"LFLL-0266980e836a839d9cb0","properties":{"airport":"LFLL","name":"LFLL AVISO","layer":"Surface markings","category":"Surface markings","object_type":"Area","style_id":"polygon.surfacemarking","source_group":"LFLL AVISO","vsmr_group_ids":[],"geometry_role":"filled_region"},"geometry":{"type":"Polygon","coordinates":[[[5.089829444,45.716136944],[5.089805833,45.7163375],[5.0897775,45.716335556],[5.089800278,45.716135],[5.089829444,45.716136944]]]}},{"type":"Feature","id":"LFLL-0e8e4a7997b4642196d2","properties":{"airport":"LFLL","name":"LFLL AVISO","layer":"Surface markings","category":"Surface markings","object_type":"Area","style_id":"polygon.surfacemarking","source_group":"LFLL AVISO","vsmr_group_ids":[],"geometry_role":"filled_region"},"geometry":{"type":"Polygon","coordinates":[[[5.089370278,45.7174625],[5.089347778,45.717664722],[5.089321111,45.717663056],[5.089344722,45.717461111],[5.089370278,45.7174625]]]}},{"type":"Feature","id":"LFLL-3a74882de33b19e6515f","properties":{"airport":"LFLL","name":"LFLL AVISO","layer":"Surface markings","category":"Surface markings","object_type":"Area","style_id":"polygon.surfacemarking","source_group":"LFLL AVISO","vsmr_group_ids":[],"geometry_role":"filled_region"},"geometry":{"type":"Polygon","coordinates":[[[5.0896275,45.717476944],[5.089600833,45.71768],[5.089578611,45.717678611],[5.089601389,45.717474167],[5.0896275,45.717476944]]]}},{"type":"Feature","id":"LFLL-f0c9ed1a1f8dc2402245","properties":{"airport":"LFLL","name":"LFLL AVISO","layer":"Surface markings","category":"Surface markings","object_type":"Area","style_id":"polygon.surfacemarking","source_group":"LFLL AVISO","vsmr_group_ids":[],"geometry_role":"filled_region"},"geometry":{"type":"Polygon","coordinates":[[[5.089209444,45.718805556],[5.089187778,45.719008333],[5.089162222,45.719006667],[5.089186667,45.718803889],[5.089209444,45.718805556]]]}},{"type":"Feature","id":"LFLL-1dde488e6ec890ca0b8e","properties":{"airport":"LFLL","name":"LFLL AVISO","layer":"Surface markings","category":"Surface markings","object_type":"Area","style_id":"polygon.surfacemarking","source_group":"LFLL AVISO","vsmr_group_ids":[],"geometry_role":"filled_region"},"geometry":{"type":"Polygon","coordinates":[[[5.089463333,45.718821667],[5.089436667,45.719026111],[5.0894125,45.719024444],[5.089438056,45.718819444],[5.089463333,45.718821667]]]}},{"type":"Feature","id":"LFLL-d69456370bcb700f65b3","properties":{"airport":"LFLL","name":"LFLL AVISO","layer":"Surface markings","category":"Surface markings","object_type":"Area","style_id":"polygon.surfacemarking","source_group":"LFLL AVISO","vsmr_group_ids":[],"geometry_role":"filled_region"},"geometry":{"type":"Polygon","coordinates":[[[5.086833611,45.738326389],[5.086808611,45.738527778],[5.086779722,45.738528056],[5.086809167,45.738324167],[5.086833611,45.738326389]]]}},{"type":"Feature","id":"LFLL-c2f34f67a1f160f21146","properties":{"airport":"LFLL","name":"LFLL AVISO","layer":"Surface markings","category":"Surface markings","object_type":"Area","style_id":"polygon.surfacemarking","source_group":"LFLL AVISO","vsmr_group_ids":[],"geometry_role":"filled_region"},"geometry":{"type":"Polygon","coordinates":[[[5.087084722,45.738343056],[5.087061944,45.738545556],[5.087033333,45.738544444],[5.08706,45.738341944],[5.087084722,45.738343056]]]}},{"type":"Feature","id":"LFLL-fc973bd55289c1928243","properties":{"airport":"LFLL","name":"LFLL AVISO","layer":"Surface markings","category":"Surface markings","object_type":"Area","style_id":"polygon.surfacemarking","source_group":"LFLL AVISO","vsmr_group_ids":[],"geometry_role":"filled_region"},"geometry":{"type":"Polygon","coordinates":[[[5.086668333,45.739671389],[5.0866475,45.739874444],[5.086621389,45.739873333],[5.086645556,45.739670833],[5.086668333,45.739671389]]]}},{"type":"Feature","id":"LFLL-2404132814d950376a0b","properties":{"airport":"LFLL","name":"LFLL AVISO","layer":"Surface markings","category":"Surface markings","object_type":"Area","style_id":"polygon.surfacemarking","source_group":"LFLL AVISO","vsmr_group_ids":[],"geometry_role":"filled_region"},"geometry":{"type":"Polygon","coordinates":[[[5.086923889,45.739687222],[5.086896944,45.73989],[5.086873333,45.739888056],[5.086896944,45.739685278],[5.086923889,45.739687222]]]}},{"type":"Feature","id":"LFLL-6e9ed312ab06f846dba9","properties":{"airport":"LFLL","name":"LFLL AVISO","layer":"Surface markings","category":"Surface markings","object_type":"Area","style_id":"polygon.surfacemarking","source_group":"LFLL AVISO","vsmr_group_ids":[],"geometry_role":"filled_region"},"geometry":{"type":"Polygon","coordinates":[[[5.086465278,45.741011111],[5.086439722,45.741216944],[5.086409444,45.741216667],[5.086435278,45.741009167],[5.086465278,45.741011111]]]}},{"type":"Feature","id":"LFLL-af4c3c0f3641bf618959","properties":{"airport":"LFLL","name":"LFLL AVISO","layer":"Surface markings","category":"Surface markings","object_type":"Area","style_id":"polygon.surfacemarking","source_group":"LFLL AVISO","vsmr_group_ids":[],"geometry_role":"filled_region"},"geometry":{"type":"Polygon","coordinates":[[[5.0865075,45.741016667],[5.086481944,45.741219444],[5.0864525,45.7412175],[5.086480833,45.741013056],[5.0865075,45.741016667]]]}},{"type":"Feature","id":"LFLL-3ff936259c60d147ee38","properties":{"airport":"LFLL","name":"LFLL AVISO","layer":"Surface markings","category":"Surface markings","object_type":"Area","style_id":"polygon.surfacemarking","source_group":"LFLL AVISO","vsmr_group_ids":[],"geometry_role":"filled_region"},"geometry":{"type":"Polygon","coordinates":[[[5.086760556,45.74103],[5.086735556,45.741234722],[5.086707222,45.741233611],[5.0867325,45.741028056],[5.086760556,45.74103]]]}},{"type":"Feature","id":"LFLL-3f40bcb008ad3739cdea","properties":{"airport":"LFLL","name":"LFLL AVISO","layer":"Surface markings","category":"Surface markings","object_type":"Area","style_id":"polygon.surfacemarking","source_group":"LFLL AVISO","vsmr_group_ids":[],"geometry_role":"filled_region"},"geometry":{"type":"Polygon","coordinates":[[[5.086806389,45.741034444],[5.086781111,45.741238056],[5.086749444,45.741235278],[5.086774722,45.741031944],[5.086806389,45.741034444]]]}},{"type":"Feature","id":"LFLL-e14a8dc0f77ff0458b59","properties":{"airport":"LFLL","name":"LFLL AVISO","layer":"Surface markings","category":"Surface markings","object_type":"Area","style_id":"polygon.surfacemarking","source_group":"LFLL AVISO","vsmr_group_ids":[],"geometry_role":"filled_region"},"geometry":{"type":"Polygon","coordinates":[[[5.086344444,45.742381944],[5.086293056,45.742788333],[5.086171111,45.742782222],[5.0862225,45.742373333],[5.086344444,45.742381944]]]}},{"type":"Feature","id":"LFLL-1429364b31927ab87987","properties":{"airport":"LFLL","name":"LFLL AVISO","layer":"Surface markings","category":"Surface markings","object_type":"Area","style_id":"polygon.surfacemarking","source_group":"LFLL AVISO","vsmr_group_ids":[],"geometry_role":"filled_region"},"geometry":{"type":"Polygon","coordinates":[[[5.086688333,45.742401389],[5.086637778,45.742810556],[5.086512778,45.742802222],[5.086568611,45.742394444],[5.086688333,45.742401389]]]}},{"type":"Feature","id":"LFLL-856aae7a00a974689235","properties":{"airport":"LFLL","name":"LFLL AVISO","layer":"Surface markings","category":"Surface markings","object_type":"Area","style_id":"polygon.surfacemarking","source_group":"LFLL AVISO","vsmr_group_ids":[],"geometry_role":"filled_region"},"geometry":{"type":"Polygon","coordinates":[[[5.0860975,45.743699444],[5.086069444,45.743903611],[5.086041111,45.7439025],[5.0860675,45.743698056],[5.0860975,45.743699444]]]}},{"type":"Feature","id":"LFLL-d57c99d67200e9bff51a","properties":{"airport":"LFLL","name":"LFLL AVISO","layer":"Surface markings","category":"Surface markings","object_type":"Area","style_id":"polygon.surfacemarking","source_group":"LFLL AVISO","vsmr_group_ids":[],"geometry_role":"filled_region"},"geometry":{"type":"Polygon","coordinates":[[[5.086138333,45.743703056],[5.086113889,45.743906667],[5.086084444,45.743903611],[5.086108333,45.7437],[5.086138333,45.743703056]]]}},{"type":"Feature","id":"LFLL-b47b9183f2317a6ed2cf","properties":{"airport":"LFLL","name":"LFLL AVISO","layer":"Surface markings","category":"Surface markings","object_type":"Area","style_id":"polygon.surfacemarking","source_group":"LFLL AVISO","vsmr_group_ids":[],"geometry_role":"filled_region"},"geometry":{"type":"Polygon","coordinates":[[[5.086181111,45.743706111],[5.086156389,45.743909722],[5.0861275,45.743906944],[5.086151111,45.743703611],[5.086181111,45.743706111]]]}},{"type":"Feature","id":"LFLL-21d6414279011c873a9b","properties":{"airport":"LFLL","name":"LFLL AVISO","layer":"Surface markings","category":"Surface markings","object_type":"Area","style_id":"polygon.surfacemarking","source_group":"LFLL AVISO","vsmr_group_ids":[],"geometry_role":"filled_region"},"geometry":{"type":"Polygon","coordinates":[[[5.086434444,45.743720278],[5.086409167,45.743923889],[5.086378333,45.743921944],[5.086405,45.743719167],[5.086434444,45.743720278]]]}},{"type":"Feature","id":"LFLL-b240464b1f3c9e9d9f50","properties":{"airport":"LFLL","name":"LFLL AVISO","layer":"Surface markings","category":"Surface markings","object_type":"Area","style_id":"polygon.surfacemarking","source_group":"LFLL AVISO","vsmr_group_ids":[],"geometry_role":"filled_region"},"geometry":{"type":"Polygon","coordinates":[[[5.086519444,45.743725],[5.086492222,45.743929167],[5.0864675,45.743926944],[5.086490833,45.743723333],[5.086519444,45.743725]]]}},{"type":"Feature","id":"LFLL-6293349c857c4f39e33b","properties":{"airport":"LFLL","name":"LFLL AVISO","layer":"Surface markings","category":"Surface markings","object_type":"Area","style_id":"polygon.surfacemarking","source_group":"LFLL AVISO","vsmr_group_ids":[],"geometry_role":"filled_region"},"geometry":{"type":"Polygon","coordinates":[[[5.085931667,45.745043611],[5.085906667,45.745246667],[5.085878889,45.745246667],[5.085903889,45.745041667],[5.085931667,45.745043611]]]}},{"type":"Feature","id":"LFLL-d7c2debab1e71e233b0e","properties":{"airport":"LFLL","name":"LFLL AVISO","layer":"Surface markings","category":"Surface markings","object_type":"Area","style_id":"polygon.surfacemarking","source_group":"LFLL AVISO","vsmr_group_ids":[],"geometry_role":"filled_region"},"geometry":{"type":"Polygon","coordinates":[[[5.085974167,45.745045556],[5.0859475,45.745249722],[5.08592,45.745248056],[5.085946389,45.745045],[5.085974167,45.745045556]]]}},{"type":"Feature","id":"LFLL-4edd1791680b1e3b48ad","properties":{"airport":"LFLL","name":"LFLL AVISO","layer":"Surface markings","category":"Surface markings","object_type":"Area","style_id":"polygon.surfacemarking","source_group":"LFLL AVISO","vsmr_group_ids":[],"geometry_role":"filled_region"},"geometry":{"type":"Polygon","coordinates":[[[5.086020556,45.745048056],[5.0859925,45.7452525],[5.085963889,45.745251111],[5.085990278,45.745045833],[5.086020556,45.745048056]]]}},{"type":"Feature","id":"LFLL-fbac22703a5553ee25b0","properties":{"airport":"LFLL","name":"LFLL AVISO","layer":"Surface markings","category":"Surface markings","object_type":"Area","style_id":"polygon.surfacemarking","source_group":"LFLL AVISO","vsmr_group_ids":[],"geometry_role":"filled_region"},"geometry":{"type":"Polygon","coordinates":[[[5.086271667,45.745065556],[5.0862475,45.745268333],[5.086215,45.745266944],[5.086241111,45.745063889],[5.086271667,45.745065556]]]}},{"type":"Feature","id":"LFLL-7e3bb7974bd351157ffc","properties":{"airport":"LFLL","name":"LFLL AVISO","layer":"Surface markings","category":"Surface markings","object_type":"Area","style_id":"polygon.surfacemarking","source_group":"LFLL AVISO","vsmr_group_ids":[],"geometry_role":"filled_region"},"geometry":{"type":"Polygon","coordinates":[[[5.086313889,45.745067778],[5.086285556,45.745272778],[5.086257778,45.745270278],[5.086284722,45.745066667],[5.086313889,45.745067778]]]}},{"type":"Feature","id":"LFLL-7d6ef1846920227f5999","properties":{"airport":"LFLL","name":"LFLL AVISO","layer":"Surface markings","category":"Surface markings","object_type":"Area","style_id":"polygon.surfacemarking","source_group":"LFLL AVISO","vsmr_group_ids":[],"geometry_role":"filled_region"},"geometry":{"type":"Polygon","coordinates":[[[5.086355833,45.745069722],[5.086328333,45.745274444],[5.086301667,45.7452725],[5.086327778,45.7450675],[5.086355833,45.745069722]]]}},{"type":"Feature","id":"LFLL-9db5b569b276e2146d82","properties":{"airport":"LFLL","name":"LFLL AVISO","layer":"Surface markings","category":"Surface markings","object_type":"Area","style_id":"polygon.surfacemarking","source_group":"LFLL AVISO","vsmr_group_ids":[],"geometry_role":"filled_region"},"geometry":{"type":"Polygon","coordinates":[[[5.086475833,45.743723333],[5.086450833,45.743924722],[5.086421667,45.743924444],[5.086447222,45.743722222],[5.086475833,45.743723333]]]}},{"type":"Feature","id":"LFLL-63edc7bd3a5ccda7cd5b","properties":{"airport":"LFLL","name":"LFLL AVISO","layer":"Surface markings","category":"Surface markings","object_type":"Area","style_id":"polygon.surfacemarking","source_group":"LFLL AVISO","vsmr_group_ids":[],"geometry_role":"filled_region"},"geometry":{"type":"Polygon","coordinates":[[[5.086095,45.745745],[5.086116111,45.745745833],[5.08613,45.745753333],[5.086128611,45.745776389],[5.086119444,45.745775556],[5.0861,45.745911111],[5.086072778,45.745909722],[5.086095,45.745745]]]}},{"type":"Feature","id":"LFLL-d5136496b11ff74d8700","properties":{"airport":"LFLL","name":"LFLL AVISO","layer":"Surface markings","category":"Surface markings","object_type":"Area","style_id":"polygon.surfacemarking","source_group":"LFLL AVISO","vsmr_group_ids":[],"geometry_role":"filled_region"},"geometry":{"type":"Polygon","coordinates":[[[5.0860425,45.745741111],[5.086040556,45.745770833],[5.08598,45.745765833],[5.086021667,45.745904444],[5.085988056,45.7459025],[5.085945833,45.7457375],[5.0860425,45.745741111]]]}},{"type":"Feature","id":"LFLL-22c682c6496f110490f9","properties":{"airport":"LFLL","name":"LFLL AVISO","layer":"Surface markings","category":"Surface markings","object_type":"Area","style_id":"polygon.surfacemarking","source_group":"LFLL AVISO","vsmr_group_ids":[],"geometry_role":"filled_region"},"geometry":{"type":"Polygon","coordinates":[[[5.086053333,45.746012778],[5.086048611,45.746042222],[5.08597,45.746038611],[5.085972778,45.746008889],[5.086053333,45.746012778]]]}},{"type":"Feature","id":"LFLL-e88abe86e741674230e1","properties":{"airport":"LFLL","name":"LFLL AVISO","layer":"Surface markings","category":"Surface markings","object_type":"Area","style_id":"polygon.surfacemarking","source_group":"LFLL AVISO","vsmr_group_ids":[],"geometry_role":"filled_region"},"geometry":{"type":"Polygon","coordinates":[[[5.085988889,45.746038611],[5.085984722,45.746081111],[5.086018889,45.746080556],[5.086027222,45.746041111],[5.086048333,45.746042222],[5.086034722,45.746177222],[5.08601,45.746174722],[5.0860175,45.746107778],[5.086003056,45.746107222],[5.085975833,45.746173333],[5.085952222,45.746173889],[5.0859825,45.746106667],[5.085961667,45.746105833],[5.085970278,45.7460375],[5.085988889,45.746038611]]]}},{"type":"Feature","id":"LFLL-996831fc8b04ffc3a315","properties":{"airport":"LFLL","name":"LFLL AVISO","layer":"Surface markings","category":"Surface markings","object_type":"Area","style_id":"polygon.surfacemarking","source_group":"LFLL AVISO","vsmr_group_ids":[],"geometry_role":"filled_region"},"geometry":{"type":"Polygon","coordinates":[[[5.085743889,45.746266389],[5.085715278,45.746538611],[5.085683056,45.7465375],[5.085714722,45.746264722],[5.085743889,45.746266389]]]}},{"type":"Feature","id":"LFLL-96991c566877777189de","properties":{"airport":"LFLL","name":"LFLL AVISO","layer":"Surface markings","category":"Surface markings","object_type":"Area","style_id":"polygon.surfacemarking","source_group":"LFLL AVISO","vsmr_group_ids":[],"geometry_role":"filled_region"},"geometry":{"type":"Polygon","coordinates":[[[5.085785556,45.746268889],[5.085756667,45.746538056],[5.085725556,45.746538611],[5.085758611,45.746267222],[5.085785556,45.746268889]]]}},{"type":"Feature","id":"LFLL-796eef23af0df055075f","properties":{"airport":"LFLL","name":"LFLL AVISO","layer":"Surface markings","category":"Surface markings","object_type":"Area","style_id":"polygon.surfacemarking","source_group":"LFLL AVISO","vsmr_group_ids":[],"geometry_role":"filled_region"},"geometry":{"type":"Polygon","coordinates":[[[5.085830556,45.746270833],[5.085801944,45.746541111],[5.085774444,45.746541667],[5.0858025,45.746270278],[5.085830556,45.746270833]]]}},{"type":"Feature","id":"LFLL-49766575276e33276307","properties":{"airport":"LFLL","name":"LFLL AVISO","layer":"Surface markings","category":"Surface markings","object_type":"Area","style_id":"polygon.surfacemarking","source_group":"LFLL AVISO","vsmr_group_ids":[],"geometry_role":"filled_region"},"geometry":{"type":"Polygon","coordinates":[[[5.085873333,45.746273056],[5.085843056,45.746544722],[5.085818056,45.746543333],[5.0858475,45.746272222],[5.085873333,45.746273056]]]}},{"type":"Feature","id":"LFLL-bd161e4551a4f3c31fdf","properties":{"airport":"LFLL","name":"LFLL AVISO","layer":"Surface markings","category":"Surface markings","object_type":"Area","style_id":"polygon.surfacemarking","source_group":"LFLL AVISO","vsmr_group_ids":[],"geometry_role":"filled_region"},"geometry":{"type":"Polygon","coordinates":[[[5.085918611,45.746277222],[5.085888333,45.746546667],[5.085858611,45.746546389],[5.085890278,45.746274167],[5.085918611,45.746277222]]]}},{"type":"Feature","id":"LFLL-ee050b22aa595d8e15f7","properties":{"airport":"LFLL","name":"LFLL AVISO","layer":"Surface markings","category":"Surface markings","object_type":"Area","style_id":"polygon.surfacemarking","source_group":"LFLL AVISO","vsmr_group_ids":[],"geometry_role":"filled_region"},"geometry":{"type":"Polygon","coordinates":[[[5.0859625,45.746278056],[5.085933889,45.746549444],[5.0859025,45.746548333],[5.085933889,45.746276944],[5.0859625,45.746278056]]]}},{"type":"Feature","id":"LFLL-72d77955419764d26bdd","properties":{"airport":"LFLL","name":"LFLL AVISO","layer":"Surface markings","category":"Surface markings","object_type":"Area","style_id":"polygon.surfacemarking","source_group":"LFLL AVISO","vsmr_group_ids":[],"geometry_role":"filled_region"},"geometry":{"type":"Polygon","coordinates":[[[5.086029167,45.746281944],[5.085997222,45.746553611],[5.085965278,45.746551111],[5.085997778,45.746279722],[5.086029167,45.746281944]]]}},{"type":"Feature","id":"LFLL-3259e66280d2b9e542c5","properties":{"airport":"LFLL","name":"LFLL AVISO","layer":"Surface markings","category":"Surface markings","object_type":"Area","style_id":"polygon.surfacemarking","source_group":"LFLL AVISO","vsmr_group_ids":[],"geometry_role":"filled_region"},"geometry":{"type":"Polygon","coordinates":[[[5.086071944,45.746285556],[5.086038056,45.746555278],[5.086010278,45.746554167],[5.086042222,45.746283056],[5.086071944,45.746285556]]]}},{"type":"Feature","id":"LFLL-e1eccab408fba360e1cc","properties":{"airport":"LFLL","name":"LFLL AVISO","layer":"Surface markings","category":"Surface markings","object_type":"Area","style_id":"polygon.surfacemarking","source_group":"LFLL AVISO","vsmr_group_ids":[],"geometry_role":"filled_region"},"geometry":{"type":"Polygon","coordinates":[[[5.086115833,45.746289167],[5.086084444,45.746558889],[5.086055556,45.746556667],[5.086088056,45.746287222],[5.086115833,45.746289167]]]}},{"type":"Feature","id":"LFLL-758e63d115dd0a5e5198","properties":{"airport":"LFLL","name":"LFLL AVISO","layer":"Surface markings","category":"Surface markings","object_type":"Area","style_id":"polygon.surfacemarking","source_group":"LFLL AVISO","vsmr_group_ids":[],"geometry_role":"filled_region"},"geometry":{"type":"Polygon","coordinates":[[[5.08616,45.746290278],[5.086126944,45.746559167],[5.0860975,45.746559167],[5.086130833,45.746289167],[5.08616,45.746290278]]]}},{"type":"Feature","id":"LFLL-5a5d2ecdc2027b82c055","properties":{"airport":"LFLL","name":"LFLL AVISO","layer":"Surface markings","category":"Surface markings","object_type":"Area","style_id":"polygon.surfacemarking","source_group":"LFLL AVISO","vsmr_group_ids":[],"geometry_role":"filled_region"},"geometry":{"type":"Polygon","coordinates":[[[5.086200833,45.746293333],[5.086171667,45.746564722],[5.086140833,45.7465625],[5.086173056,45.746291111],[5.086200833,45.746293333]]]}},{"type":"Feature","id":"LFLL-897848df71d9e4773dbd","properties":{"airport":"LFLL","name":"LFLL AVISO","layer":"Surface markings","category":"Surface markings","object_type":"Area","style_id":"polygon.surfacemarking","source_group":"LFLL AVISO","vsmr_group_ids":[],"geometry_role":"filled_region"},"geometry":{"type":"Polygon","coordinates":[[[5.086246111,45.746296389],[5.086217222,45.746567222],[5.086186111,45.746565556],[5.086216667,45.746293611],[5.086246111,45.746296389]]]}},{"type":"Feature","id":"LFLL-e60620c2decf46e2d58d","properties":{"airport":"LFLL","name":"LFLL AVISO","layer":"Surface markings","category":"Surface markings","object_type":"Area","style_id":"polygon.surfacemarking","source_group":"LFLL AVISO","vsmr_group_ids":[],"geometry_role":"filled_region"},"geometry":{"type":"Polygon","coordinates":[[[5.089941944,45.711553056],[5.085756944,45.745914444],[5.0857375,45.745913056],[5.089915833,45.711551944],[5.089941944,45.711553056]]]}},{"type":"Feature","id":"LFLL-b76ca158e6510a14c8e1","properties":{"airport":"LFLL","name":"LFLL AVISO","layer":"Surface markings","category":"Surface markings","object_type":"Area","style_id":"polygon.surfacemarking","source_group":"LFLL AVISO","vsmr_group_ids":[],"geometry_role":"filled_region"},"geometry":{"type":"Polygon","coordinates":[[[5.090485,45.711585833],[5.086310278,45.745948333],[5.086283333,45.745946389],[5.090465278,45.711583889],[5.090485,45.711585833]]]}},{"type":"Feature","id":"LFLL-81af2290a2292e599282","properties":{"airport":"LFLL","name":"LFLL AVISO","layer":"Surface markings","category":"Surface markings","object_type":"Area","style_id":"polygon.surfacemarking","source_group":"LFLL AVISO","vsmr_group_ids":[],"geometry_role":"filled_region"},"geometry":{"type":"Polygon","coordinates":[[[5.094539444,45.711049722],[5.094501667,45.711322778],[5.094475833,45.711322778],[5.094508611,45.711048056],[5.094539444,45.711049722]]]}},{"type":"Feature","id":"LFLL-f5e8f460777acdc77d81","properties":{"airport":"LFLL","name":"LFLL AVISO","layer":"Surface markings","category":"Surface markings","object_type":"Area","style_id":"polygon.surfacemarking","source_group":"LFLL AVISO","vsmr_group_ids":[],"geometry_role":"filled_region"},"geometry":{"type":"Polygon","coordinates":[[[5.094581944,45.711054444],[5.094544167,45.711324444],[5.094518056,45.711325],[5.094552778,45.711050833],[5.094581944,45.711054444]]]}},{"type":"Feature","id":"LFLL-4d7dcaaea96e084dc725","properties":{"airport":"LFLL","name":"LFLL AVISO","layer":"Surface markings","category":"Surface markings","object_type":"Area","style_id":"polygon.surfacemarking","source_group":"LFLL AVISO","vsmr_group_ids":[],"geometry_role":"filled_region"},"geometry":{"type":"Polygon","coordinates":[[[5.094625556,45.711055833],[5.094592222,45.711328056],[5.094561111,45.711328056],[5.094596667,45.711054444],[5.094625556,45.711055833]]]}},{"type":"Feature","id":"LFLL-62708497a17fa89b67ea","properties":{"airport":"LFLL","name":"LFLL AVISO","layer":"Surface markings","category":"Surface markings","object_type":"Area","style_id":"polygon.surfacemarking","source_group":"LFLL AVISO","vsmr_group_ids":[],"geometry_role":"filled_region"},"geometry":{"type":"Polygon","coordinates":[[[5.094669444,45.711058333],[5.0946325,45.71133],[5.094606667,45.711328889],[5.094639722,45.711057222],[5.094669444,45.711058333]]]}},{"type":"Feature","id":"LFLL-d1ec9d55b93a74f4d018","properties":{"airport":"LFLL","name":"LFLL AVISO","layer":"Surface markings","category":"Surface markings","object_type":"Area","style_id":"polygon.surfacemarking","source_group":"LFLL AVISO","vsmr_group_ids":[],"geometry_role":"filled_region"},"geometry":{"type":"Polygon","coordinates":[[[5.094714167,45.711061944],[5.094677778,45.711330833],[5.094648333,45.711328611],[5.094683056,45.711058889],[5.094714167,45.711061944]]]}},{"type":"Feature","id":"LFLL-2965079b9f02438eb120","properties":{"airport":"LFLL","name":"LFLL AVISO","layer":"Surface markings","category":"Surface markings","object_type":"Area","style_id":"polygon.surfacemarking","source_group":"LFLL AVISO","vsmr_group_ids":[],"geometry_role":"filled_region"},"geometry":{"type":"Polygon","coordinates":[[[5.094754444,45.711065],[5.094721111,45.711334444],[5.094692778,45.711333056],[5.0947275,45.7110625],[5.094754444,45.711065]]]}},{"type":"Feature","id":"LFLL-2ca920f5cab0ce6cc9d7","properties":{"airport":"LFLL","name":"LFLL AVISO","layer":"Surface markings","category":"Surface markings","object_type":"Area","style_id":"polygon.surfacemarking","source_group":"LFLL AVISO","vsmr_group_ids":[],"geometry_role":"filled_region"},"geometry":{"type":"Polygon","coordinates":[[[5.094817222,45.7110675],[5.0947875,45.711338056],[5.094756111,45.711337222],[5.094789722,45.711066389],[5.094817222,45.7110675]]]}},{"type":"Feature","id":"LFLL-2d624ecb1cd2aba97cf5","properties":{"airport":"LFLL","name":"LFLL AVISO","layer":"Surface markings","category":"Surface markings","object_type":"Area","style_id":"polygon.surfacemarking","source_group":"LFLL AVISO","vsmr_group_ids":[],"geometry_role":"filled_region"},"geometry":{"type":"Polygon","coordinates":[[[5.094862778,45.711070556],[5.094830833,45.711343056],[5.094805,45.711341111],[5.094831389,45.711069722],[5.094862778,45.711070556]]]}},{"type":"Feature","id":"LFLL-05a9aa0940cf633a3180","properties":{"airport":"LFLL","name":"LFLL AVISO","layer":"Surface markings","category":"Surface markings","object_type":"Area","style_id":"polygon.surfacemarking","source_group":"LFLL AVISO","vsmr_group_ids":[],"geometry_role":"filled_region"},"geometry":{"type":"Polygon","coordinates":[[[5.094905,45.711071389],[5.094873889,45.711344722],[5.094844722,45.711342778],[5.094876667,45.711070556],[5.094905,45.711071389]]]}},{"type":"Feature","id":"LFLL-18347e4abf2c8f0913bb","properties":{"airport":"LFLL","name":"LFLL AVISO","layer":"Surface markings","category":"Surface markings","object_type":"Area","style_id":"polygon.surfacemarking","source_group":"LFLL AVISO","vsmr_group_ids":[],"geometry_role":"filled_region"},"geometry":{"type":"Polygon","coordinates":[[[5.094949722,45.711074444],[5.094916389,45.711348056],[5.094889444,45.711346111],[5.094921389,45.711073611],[5.094949722,45.711074444]]]}},{"type":"Feature","id":"LFLL-33250c2453aeafd82492","properties":{"airport":"LFLL","name":"LFLL AVISO","layer":"Surface markings","category":"Surface markings","object_type":"Area","style_id":"polygon.surfacemarking","source_group":"LFLL AVISO","vsmr_group_ids":[],"geometry_role":"filled_region"},"geometry":{"type":"Polygon","coordinates":[[[5.094991389,45.711076944],[5.094959167,45.711350556],[5.094934167,45.711348889],[5.094963889,45.711076389],[5.094991389,45.711076944]]]}},{"type":"Feature","id":"LFLL-a5d36e38027b092c51c4","properties":{"airport":"LFLL","name":"LFLL AVISO","layer":"Surface markings","category":"Surface markings","object_type":"Area","style_id":"polygon.surfacemarking","source_group":"LFLL AVISO","vsmr_group_ids":[],"geometry_role":"filled_region"},"geometry":{"type":"Polygon","coordinates":[[[5.095034167,45.711079722],[5.095003333,45.711351111],[5.094972222,45.711348889],[5.095005,45.711078333],[5.095034167,45.711079722]]]}},{"type":"Feature","id":"LFLL-7e29cbc2a2dcef415ff0","properties":{"airport":"LFLL","name":"LFLL AVISO","layer":"Surface markings","category":"Surface markings","object_type":"Area","style_id":"polygon.surfacemarking","source_group":"LFLL AVISO","vsmr_group_ids":[],"geometry_role":"filled_region"},"geometry":{"type":"Polygon","coordinates":[[[5.094754167,45.711578333],[5.094751389,45.711610556],[5.094664444,45.711604722],[5.094670556,45.711573889],[5.094754167,45.711578333]]]}},{"type":"Feature","id":"LFLL-7d6d663510963cf9e870","properties":{"airport":"LFLL","name":"LFLL AVISO","layer":"Surface markings","category":"Surface markings","object_type":"Area","style_id":"polygon.surfacemarking","source_group":"LFLL AVISO","vsmr_group_ids":[],"geometry_role":"filled_region"},"geometry":{"type":"Polygon","coordinates":[[[5.094715556,45.711441389],[5.094704444,45.711506944],[5.094716389,45.711506111],[5.094745556,45.711441667],[5.094774167,45.711443889],[5.094740278,45.711508333],[5.094761389,45.711509722],[5.0947525,45.711581111],[5.094727778,45.711579444],[5.094730833,45.711539444],[5.094701667,45.71154],[5.094696667,45.711578056],[5.09467,45.711576667],[5.094688056,45.711439167],[5.094715556,45.711441389]]]}},{"type":"Feature","id":"LFLL-95f25e4195dd77b602b0","properties":{"airport":"LFLL","name":"LFLL AVISO","layer":"Surface markings","category":"Surface markings","object_type":"Area","style_id":"polygon.surfacemarking","source_group":"LFLL AVISO","vsmr_group_ids":[],"geometry_role":"filled_region"},"geometry":{"type":"Polygon","coordinates":[[[5.094571667,45.7118375],[5.094629722,45.711841111],[5.094630833,45.711832778],[5.094595278,45.711805278],[5.094631111,45.711778611],[5.094638611,45.711738611],[5.094583056,45.711735],[5.094586944,45.711702222],[5.094669167,45.711708056],[5.094661944,45.711788333],[5.094628889,45.711804722],[5.094659167,45.711829722],[5.094650833,45.711872778],[5.094567778,45.711869167],[5.094571667,45.7118375]]]}},{"type":"Feature","id":"LFLL-64b2bffd1befc14f5cb6","properties":{"airport":"LFLL","name":"LFLL AVISO","layer":"Surface markings","category":"Surface markings","object_type":"Area","style_id":"polygon.surfacemarking","source_group":"LFLL AVISO","vsmr_group_ids":[],"geometry_role":"filled_region"},"geometry":{"type":"Polygon","coordinates":[[[5.094714444,45.711796667],[5.094763889,45.711798333],[5.094775,45.711745],[5.094719444,45.711740833],[5.094722778,45.711711389],[5.094807778,45.711716111],[5.094793611,45.711830833],[5.094736389,45.711828611],[5.094734444,45.711848611],[5.094791111,45.711850556],[5.094788056,45.711880833],[5.094700833,45.711878333],[5.094714444,45.711796667]]]}},{"type":"Feature","id":"LFLL-701854236ca63672bb96","properties":{"airport":"LFLL","name":"LFLL AVISO","layer":"Surface markings","category":"Surface markings","object_type":"Area","style_id":"polygon.surfacemarking","source_group":"LFLL AVISO","vsmr_group_ids":[],"geometry_role":"filled_region"},"geometry":{"type":"Polygon","coordinates":[[[5.094419167,45.712345278],[5.094391667,45.712548611],[5.094362222,45.71255],[5.094386667,45.712342778],[5.094419167,45.712345278]]]}},{"type":"Feature","id":"LFLL-e0d9789c313168fad64a","properties":{"airport":"LFLL","name":"LFLL AVISO","layer":"Surface markings","category":"Surface markings","object_type":"Area","style_id":"polygon.surfacemarking","source_group":"LFLL AVISO","vsmr_group_ids":[],"geometry_role":"filled_region"},"geometry":{"type":"Polygon","coordinates":[[[5.094463611,45.712346944],[5.094434444,45.712550278],[5.094405556,45.712548611],[5.094431667,45.712346111],[5.094463611,45.712346944]]]}},{"type":"Feature","id":"LFLL-e3a132c5877a1c03747e","properties":{"airport":"LFLL","name":"LFLL AVISO","layer":"Surface markings","category":"Surface markings","object_type":"Area","style_id":"polygon.surfacemarking","source_group":"LFLL AVISO","vsmr_group_ids":[],"geometry_role":"filled_region"},"geometry":{"type":"Polygon","coordinates":[[[5.094504722,45.712350556],[5.094477778,45.712553056],[5.094448611,45.712551389],[5.094473889,45.712348333],[5.094504722,45.712350556]]]}},{"type":"Feature","id":"LFLL-e140b5228351ad4ea2d4","properties":{"airport":"LFLL","name":"LFLL AVISO","layer":"Surface markings","category":"Surface markings","object_type":"Area","style_id":"polygon.surfacemarking","source_group":"LFLL AVISO","vsmr_group_ids":[],"geometry_role":"filled_region"},"geometry":{"type":"Polygon","coordinates":[[[5.0947575,45.712362778],[5.094735,45.712569444],[5.094703056,45.712566944],[5.094730556,45.712361389],[5.0947575,45.712362778]]]}},{"type":"Feature","id":"LFLL-41096ad4359764b6635c","properties":{"airport":"LFLL","name":"LFLL AVISO","layer":"Surface markings","category":"Surface markings","object_type":"Area","style_id":"polygon.surfacemarking","source_group":"LFLL AVISO","vsmr_group_ids":[],"geometry_role":"filled_region"},"geometry":{"type":"Polygon","coordinates":[[[5.094804722,45.712365278],[5.094775556,45.712572778],[5.094747778,45.71257],[5.094771944,45.712363333],[5.094804722,45.712365278]]]}},{"type":"Feature","id":"LFLL-f41d2489aef664544094","properties":{"airport":"LFLL","name":"LFLL AVISO","layer":"Surface markings","category":"Surface markings","object_type":"Area","style_id":"polygon.surfacemarking","source_group":"LFLL AVISO","vsmr_group_ids":[],"geometry_role":"filled_region"},"geometry":{"type":"Polygon","coordinates":[[[5.094845,45.712368611],[5.094819722,45.712575],[5.094790278,45.712571389],[5.094813611,45.712367222],[5.094845,45.712368611]]]}},{"type":"Feature","id":"LFLL-5df35546f2d6f57dd09a","properties":{"airport":"LFLL","name":"LFLL AVISO","layer":"Surface markings","category":"Surface markings","object_type":"Area","style_id":"polygon.surfacemarking","source_group":"LFLL AVISO","vsmr_group_ids":[],"geometry_role":"filled_region"},"geometry":{"type":"Polygon","coordinates":[[[5.094258333,45.713686944],[5.094230556,45.713894167],[5.094199444,45.713893056],[5.0942275,45.713685],[5.094258333,45.713686944]]]}},{"type":"Feature","id":"LFLL-6d8ba40d36db19f90659","properties":{"airport":"LFLL","name":"LFLL AVISO","layer":"Surface markings","category":"Surface markings","object_type":"Area","style_id":"polygon.surfacemarking","source_group":"LFLL AVISO","vsmr_group_ids":[],"geometry_role":"filled_region"},"geometry":{"type":"Polygon","coordinates":[[[5.094298611,45.713690833],[5.094273889,45.713895833],[5.094246111,45.713893611],[5.094269167,45.713688333],[5.094298611,45.713690833]]]}},{"type":"Feature","id":"LFLL-788fa8a353397c8984c2","properties":{"airport":"LFLL","name":"LFLL AVISO","layer":"Surface markings","category":"Surface markings","object_type":"Area","style_id":"polygon.surfacemarking","source_group":"LFLL AVISO","vsmr_group_ids":[],"geometry_role":"filled_region"},"geometry":{"type":"Polygon","coordinates":[[[5.094342778,45.7136925],[5.094316111,45.713897778],[5.094286667,45.713896111],[5.094314167,45.71369],[5.094342778,45.7136925]]]}},{"type":"Feature","id":"LFLL-bfff5b03e929bb0a4683","properties":{"airport":"LFLL","name":"LFLL AVISO","layer":"Surface markings","category":"Surface markings","object_type":"Area","style_id":"polygon.surfacemarking","source_group":"LFLL AVISO","vsmr_group_ids":[],"geometry_role":"filled_region"},"geometry":{"type":"Polygon","coordinates":[[[5.094594722,45.7137075],[5.094570556,45.713913333],[5.094541111,45.713911111],[5.094568611,45.713705556],[5.094594722,45.7137075]]]}},{"type":"Feature","id":"LFLL-602b55ff57f78a48f59d","properties":{"airport":"LFLL","name":"LFLL AVISO","layer":"Surface markings","category":"Surface markings","object_type":"Area","style_id":"polygon.surfacemarking","source_group":"LFLL AVISO","vsmr_group_ids":[],"geometry_role":"filled_region"},"geometry":{"type":"Polygon","coordinates":[[[5.094636667,45.713711944],[5.094612222,45.713914167],[5.094581944,45.713911667],[5.094608056,45.713710278],[5.094636667,45.713711944]]]}},{"type":"Feature","id":"LFLL-ca04879462173225dffc","properties":{"airport":"LFLL","name":"LFLL AVISO","layer":"Surface markings","category":"Surface markings","object_type":"Area","style_id":"polygon.surfacemarking","source_group":"LFLL AVISO","vsmr_group_ids":[],"geometry_role":"filled_region"},"geometry":{"type":"Polygon","coordinates":[[[5.094680556,45.713714444],[5.094655,45.713918611],[5.094626389,45.713916389],[5.094650278,45.713712222],[5.094680556,45.713714444]]]}},{"type":"Feature","id":"LFLL-252569ef71bb9d45626e","properties":{"airport":"LFLL","name":"LFLL AVISO","layer":"Surface markings","category":"Surface markings","object_type":"Area","style_id":"polygon.surfacemarking","source_group":"LFLL AVISO","vsmr_group_ids":[],"geometry_role":"filled_region"},"geometry":{"type":"Polygon","coordinates":[[[5.094110556,45.714583611],[5.094234167,45.714589167],[5.094176944,45.714995556],[5.094055556,45.71499],[5.094110556,45.714583611]]]}},{"type":"Feature","id":"LFLL-50d66d012c3495186e52","properties":{"airport":"LFLL","name":"LFLL AVISO","layer":"Surface markings","category":"Surface markings","object_type":"Area","style_id":"polygon.surfacemarking","source_group":"LFLL AVISO","vsmr_group_ids":[],"geometry_role":"filled_region"},"geometry":{"type":"Polygon","coordinates":[[[5.094580833,45.714608611],[5.094529444,45.715019722],[5.094405278,45.715009444],[5.094460833,45.714600833],[5.094580833,45.714608611]]]}},{"type":"Feature","id":"LFLL-7a7736661c5060de99d2","properties":{"airport":"LFLL","name":"LFLL AVISO","layer":"Surface markings","category":"Surface markings","object_type":"Area","style_id":"polygon.surfacemarking","source_group":"LFLL AVISO","vsmr_group_ids":[],"geometry_role":"filled_region"},"geometry":{"type":"Polygon","coordinates":[[[5.093936944,45.716379722],[5.093968056,45.716380278],[5.093940833,45.716587778],[5.093908056,45.716584722],[5.093936944,45.716379722]]]}},{"type":"Feature","id":"LFLL-ebab92c1bf022e67a81b","properties":{"airport":"LFLL","name":"LFLL AVISO","layer":"Surface markings","category":"Surface markings","object_type":"Area","style_id":"polygon.surfacemarking","source_group":"LFLL AVISO","vsmr_group_ids":[],"geometry_role":"filled_region"},"geometry":{"type":"Polygon","coordinates":[[[5.094012222,45.716383333],[5.0939875,45.716587778],[5.093956389,45.716586111],[5.093980556,45.716381667],[5.094012222,45.716383333]]]}},{"type":"Feature","id":"LFLL-7ce79aa0b4a8207898e6","properties":{"airport":"LFLL","name":"LFLL AVISO","layer":"Surface markings","category":"Surface markings","object_type":"Area","style_id":"polygon.surfacemarking","source_group":"LFLL AVISO","vsmr_group_ids":[],"geometry_role":"filled_region"},"geometry":{"type":"Polygon","coordinates":[[[5.094266389,45.716398333],[5.09424,45.716603611],[5.094210556,45.716601944],[5.094239444,45.716395],[5.094266389,45.716398333]]]}},{"type":"Feature","id":"LFLL-969af462a5aac3c4cbec","properties":{"airport":"LFLL","name":"LFLL AVISO","layer":"Surface markings","category":"Surface markings","object_type":"Area","style_id":"polygon.surfacemarking","source_group":"LFLL AVISO","vsmr_group_ids":[],"geometry_role":"filled_region"},"geometry":{"type":"Polygon","coordinates":[[[5.094309722,45.716399444],[5.094281389,45.716606389],[5.094250278,45.716603333],[5.09428,45.716398889],[5.094309722,45.716399444]]]}},{"type":"Feature","id":"LFLL-ffb0e57573fb8b11caef","properties":{"airport":"LFLL","name":"LFLL AVISO","layer":"Surface markings","category":"Surface markings","object_type":"Area","style_id":"polygon.surfacemarking","source_group":"LFLL AVISO","vsmr_group_ids":[],"geometry_role":"filled_region"},"geometry":{"type":"Polygon","coordinates":[[[5.093821667,45.717726111],[5.093848889,45.717728056],[5.093826111,45.717935],[5.093795,45.717931389],[5.093821667,45.717726111]]]}},{"type":"Feature","id":"LFLL-1449a19f649b2814392e","properties":{"airport":"LFLL","name":"LFLL AVISO","layer":"Surface markings","category":"Surface markings","object_type":"Area","style_id":"polygon.surfacemarking","source_group":"LFLL AVISO","vsmr_group_ids":[],"geometry_role":"filled_region"},"geometry":{"type":"Polygon","coordinates":[[[5.094106944,45.717741111],[5.094078333,45.717948611],[5.0940475,45.7179475],[5.094076389,45.717738889],[5.094106944,45.717741111]]]}},{"type":"Feature","id":"LFLL-85064762ac318b7e20a6","properties":{"airport":"LFLL","name":"LFLL AVISO","layer":"Surface markings","category":"Surface markings","object_type":"Area","style_id":"polygon.surfacemarking","source_group":"LFLL AVISO","vsmr_group_ids":[],"geometry_role":"filled_region"},"geometry":{"type":"Polygon","coordinates":[[[5.09366,45.719068889],[5.093688056,45.719072778],[5.093668889,45.719276944],[5.093632778,45.719274722],[5.09366,45.719068889]]]}},{"type":"Feature","id":"LFLL-f8b83b462bfe36051209","properties":{"airport":"LFLL","name":"LFLL AVISO","layer":"Surface markings","category":"Surface markings","object_type":"Area","style_id":"polygon.surfacemarking","source_group":"LFLL AVISO","vsmr_group_ids":[],"geometry_role":"filled_region"},"geometry":{"type":"Polygon","coordinates":[[[5.093914167,45.719084167],[5.093945833,45.719088056],[5.093921389,45.719294444],[5.093887222,45.719290556],[5.093914167,45.719084167]]]}},{"type":"Feature","id":"LFLL-993742802c97eaf614e3","properties":{"airport":"LFLL","name":"LFLL AVISO","layer":"Surface markings","category":"Surface markings","object_type":"Area","style_id":"polygon.surfacemarking","source_group":"LFLL AVISO","vsmr_group_ids":[],"geometry_role":"filled_region"},"geometry":{"type":"Polygon","coordinates":[[[5.092732778,45.726666111],[5.092761667,45.726670278],[5.092735,45.7268775],[5.092704444,45.726875],[5.092732778,45.726666111]]]}},{"type":"Feature","id":"LFLL-25756e7607d0b0e9b9dd","properties":{"airport":"LFLL","name":"LFLL AVISO","layer":"Surface markings","category":"Surface markings","object_type":"Area","style_id":"polygon.surfacemarking","source_group":"LFLL AVISO","vsmr_group_ids":[],"geometry_role":"filled_region"},"geometry":{"type":"Polygon","coordinates":[[[5.092985833,45.726682778],[5.093018333,45.726685833],[5.092993333,45.726892222],[5.09296,45.726888889],[5.092985833,45.726682778]]]}},{"type":"Feature","id":"LFLL-2118001cdd7f6d35e6a4","properties":{"airport":"LFLL","name":"LFLL AVISO","layer":"Surface markings","category":"Surface markings","object_type":"Area","style_id":"polygon.surfacemarking","source_group":"LFLL AVISO","vsmr_group_ids":[],"geometry_role":"filled_region"},"geometry":{"type":"Polygon","coordinates":[[[5.092563056,45.728013333],[5.092598611,45.728016111],[5.092576667,45.728221111],[5.092540833,45.728218333],[5.092563056,45.728013333]]]}},{"type":"Feature","id":"LFLL-bf935795f98e2970d959","properties":{"airport":"LFLL","name":"LFLL AVISO","layer":"Surface markings","category":"Surface markings","object_type":"Area","style_id":"polygon.surfacemarking","source_group":"LFLL AVISO","vsmr_group_ids":[],"geometry_role":"filled_region"},"geometry":{"type":"Polygon","coordinates":[[[5.092823611,45.728027778],[5.092851111,45.72803],[5.092827778,45.728237222],[5.092799167,45.728235],[5.092823611,45.728027778]]]}},{"type":"Feature","id":"LFLL-d90c8a31fdf4af3315be","properties":{"airport":"LFLL","name":"LFLL AVISO","layer":"Surface markings","category":"Surface markings","object_type":"Area","style_id":"polygon.surfacemarking","source_group":"LFLL AVISO","vsmr_group_ids":[],"geometry_role":"filled_region"},"geometry":{"type":"Polygon","coordinates":[[[5.092367778,45.729355556],[5.092399444,45.729359167],[5.092374722,45.729563611],[5.092343056,45.729561111],[5.092367778,45.729355556]]]}},{"type":"Feature","id":"LFLL-ef0ff7500f5190320c9f","properties":{"airport":"LFLL","name":"LFLL AVISO","layer":"Surface markings","category":"Surface markings","object_type":"Area","style_id":"polygon.surfacemarking","source_group":"LFLL AVISO","vsmr_group_ids":[],"geometry_role":"filled_region"},"geometry":{"type":"Polygon","coordinates":[[[5.0924125,45.729358889],[5.092442778,45.729363889],[5.092415,45.729565278],[5.092386944,45.7295625],[5.0924125,45.729358889]]]}},{"type":"Feature","id":"LFLL-90e861b8b927457867da","properties":{"airport":"LFLL","name":"LFLL AVISO","layer":"Surface markings","category":"Surface markings","object_type":"Area","style_id":"polygon.surfacemarking","source_group":"LFLL AVISO","vsmr_group_ids":[],"geometry_role":"filled_region"},"geometry":{"type":"Polygon","coordinates":[[[5.09267,45.729371944],[5.092698889,45.729376667],[5.09267,45.729578056],[5.09264,45.729575556],[5.09267,45.729371944]]]}},{"type":"Feature","id":"LFLL-4dbecdde200d8ef01f85","properties":{"airport":"LFLL","name":"LFLL AVISO","layer":"Surface markings","category":"Surface markings","object_type":"Area","style_id":"polygon.surfacemarking","source_group":"LFLL AVISO","vsmr_group_ids":[],"geometry_role":"filled_region"},"geometry":{"type":"Polygon","coordinates":[[[5.092714167,45.729375278],[5.092739444,45.729379444],[5.092712222,45.729585],[5.092682222,45.729581667],[5.092714167,45.729375278]]]}},{"type":"Feature","id":"LFLL-d8d3b297500c8cc5e15a","properties":{"airport":"LFLL","name":"LFLL AVISO","layer":"Surface markings","category":"Surface markings","object_type":"Area","style_id":"polygon.surfacemarking","source_group":"LFLL AVISO","vsmr_group_ids":[],"geometry_role":"filled_region"},"geometry":{"type":"Polygon","coordinates":[[[5.092205,45.730700278],[5.092235278,45.730701944],[5.092209722,45.730908611],[5.092181667,45.730905],[5.092205,45.730700278]]]}},{"type":"Feature","id":"LFLL-147aa0221db635892a16","properties":{"airport":"LFLL","name":"LFLL AVISO","layer":"Surface markings","category":"Surface markings","object_type":"Area","style_id":"polygon.surfacemarking","source_group":"LFLL AVISO","vsmr_group_ids":[],"geometry_role":"filled_region"},"geometry":{"type":"Polygon","coordinates":[[[5.0922475,45.730700833],[5.092279167,45.730705278],[5.092255556,45.730910278],[5.092222778,45.730906944],[5.0922475,45.730700833]]]}},{"type":"Feature","id":"LFLL-0d2d1f41e572896315ad","properties":{"airport":"LFLL","name":"LFLL AVISO","layer":"Surface markings","category":"Surface markings","object_type":"Area","style_id":"polygon.surfacemarking","source_group":"LFLL AVISO","vsmr_group_ids":[],"geometry_role":"filled_region"},"geometry":{"type":"Polygon","coordinates":[[[5.092503611,45.730717778],[5.092530833,45.730721667],[5.092507778,45.7309275],[5.09248,45.730925556],[5.092503611,45.730717778]]]}},{"type":"Feature","id":"LFLL-6af510ae8e9a1497f145","properties":{"airport":"LFLL","name":"LFLL AVISO","layer":"Surface markings","category":"Surface markings","object_type":"Area","style_id":"polygon.surfacemarking","source_group":"LFLL AVISO","vsmr_group_ids":[],"geometry_role":"filled_region"},"geometry":{"type":"Polygon","coordinates":[[[5.092576944,45.730725278],[5.092550833,45.730927778],[5.092521111,45.730925278],[5.092542778,45.730720833],[5.092576944,45.730725278]]]}},{"type":"Feature","id":"LFLL-32f3327afc53d28aba38","properties":{"airport":"LFLL","name":"LFLL AVISO","layer":"Surface markings","category":"Surface markings","object_type":"Area","style_id":"polygon.surfacemarking","source_group":"LFLL AVISO","vsmr_group_ids":[],"geometry_role":"filled_region"},"geometry":{"type":"Polygon","coordinates":[[[5.092043333,45.731614167],[5.092161667,45.731623333],[5.092112778,45.732028611],[5.091989444,45.732022222],[5.092043333,45.731614167]]]}},{"type":"Feature","id":"LFLL-5d44a7aff6feaa1ef10c","properties":{"airport":"LFLL","name":"LFLL AVISO","layer":"Surface markings","category":"Surface markings","object_type":"Area","style_id":"polygon.surfacemarking","source_group":"LFLL AVISO","vsmr_group_ids":[],"geometry_role":"filled_region"},"geometry":{"type":"Polygon","coordinates":[[[5.092391667,45.7316325],[5.092510556,45.731645833],[5.0924575,45.732051944],[5.092336667,45.732043611],[5.092391667,45.7316325]]]}},{"type":"Feature","id":"LFLL-297d4799f34cf38ffeb0","properties":{"airport":"LFLL","name":"LFLL AVISO","layer":"Surface markings","category":"Surface markings","object_type":"Area","style_id":"polygon.surfacemarking","source_group":"LFLL AVISO","vsmr_group_ids":[],"geometry_role":"filled_region"},"geometry":{"type":"Polygon","coordinates":[[[5.0918325,45.733385],[5.091863611,45.733389167],[5.091838889,45.733593056],[5.091808889,45.733591389],[5.0918325,45.733385]]]}},{"type":"Feature","id":"LFLL-f320bee157af6dd72f24","properties":{"airport":"LFLL","name":"LFLL AVISO","layer":"Surface markings","category":"Surface markings","object_type":"Area","style_id":"polygon.surfacemarking","source_group":"LFLL AVISO","vsmr_group_ids":[],"geometry_role":"filled_region"},"geometry":{"type":"Polygon","coordinates":[[[5.091878611,45.733389444],[5.0919075,45.7333925],[5.091881111,45.733596111],[5.091852778,45.733593056],[5.091878611,45.733389444]]]}},{"type":"Feature","id":"LFLL-cb1285814a4475ae7f16","properties":{"airport":"LFLL","name":"LFLL AVISO","layer":"Surface markings","category":"Surface markings","object_type":"Area","style_id":"polygon.surfacemarking","source_group":"LFLL AVISO","vsmr_group_ids":[],"geometry_role":"filled_region"},"geometry":{"type":"Polygon","coordinates":[[[5.091923611,45.733393889],[5.091950278,45.733395],[5.091925,45.733598889],[5.091895,45.733596389],[5.091923611,45.733393889]]]}},{"type":"Feature","id":"LFLL-10663ebbc82524e976db","properties":{"airport":"LFLL","name":"LFLL AVISO","layer":"Surface markings","category":"Surface markings","object_type":"Area","style_id":"polygon.surfacemarking","source_group":"LFLL AVISO","vsmr_group_ids":[],"geometry_role":"filled_region"},"geometry":{"type":"Polygon","coordinates":[[[5.092177222,45.733407222],[5.092202778,45.733408333],[5.092178333,45.733613611],[5.092150833,45.733610556],[5.092177222,45.733407222]]]}},{"type":"Feature","id":"LFLL-14044b34bc833d2d7ddd","properties":{"airport":"LFLL","name":"LFLL AVISO","layer":"Surface markings","category":"Surface markings","object_type":"Area","style_id":"polygon.surfacemarking","source_group":"LFLL AVISO","vsmr_group_ids":[],"geometry_role":"filled_region"},"geometry":{"type":"Polygon","coordinates":[[[5.092232778,45.733617778],[5.092260833,45.733412778],[5.092289722,45.733415],[5.092261667,45.733620833],[5.092232778,45.733617778]]]}},{"type":"Feature","id":"LFLL-a1982a79978ddbead78f","properties":{"airport":"LFLL","name":"LFLL AVISO","layer":"Surface markings","category":"Surface markings","object_type":"Area","style_id":"polygon.surfacemarking","source_group":"LFLL AVISO","vsmr_group_ids":[],"geometry_role":"filled_region"},"geometry":{"type":"Polygon","coordinates":[[[5.092218889,45.733410278],[5.092246389,45.733414167],[5.092220278,45.733615833],[5.092191389,45.733613611],[5.092218889,45.733410278]]]}},{"type":"Feature","id":"LFLL-e72314a87f15205c6de5","properties":{"airport":"LFLL","name":"LFLL AVISO","layer":"Surface markings","category":"Surface markings","object_type":"Area","style_id":"polygon.surfacemarking","source_group":"LFLL AVISO","vsmr_group_ids":[],"geometry_role":"filled_region"},"geometry":{"type":"Polygon","coordinates":[[[5.091977778,45.734084167],[5.091971944,45.734119444],[5.091914722,45.734111667],[5.0919475,45.734250556],[5.091918333,45.73425],[5.091874167,45.73408],[5.091977778,45.734084167]]]}},{"type":"Feature","id":"LFLL-67bcaf157fb873bf64a5","properties":{"airport":"LFLL","name":"LFLL AVISO","layer":"Surface markings","category":"Surface markings","object_type":"Area","style_id":"polygon.surfacemarking","source_group":"LFLL AVISO","vsmr_group_ids":[],"geometry_role":"filled_region"},"geometry":{"type":"Polygon","coordinates":[[[5.092025,45.734089444],[5.092045833,45.734091111],[5.092059167,45.734101111],[5.092059167,45.734123056],[5.092047778,45.734121389],[5.092030556,45.734255278],[5.092005278,45.7342525],[5.092025,45.734089444]]]}},{"type":"Feature","id":"LFLL-f1bf03dd03a36c655fbc","properties":{"airport":"LFLL","name":"LFLL AVISO","layer":"Surface markings","category":"Surface markings","object_type":"Area","style_id":"polygon.surfacemarking","source_group":"LFLL AVISO","vsmr_group_ids":[],"geometry_role":"filled_region"},"geometry":{"type":"Polygon","coordinates":[[[5.091888611,45.734486389],[5.091940833,45.734490556],[5.091960278,45.734356111],[5.091986944,45.7343575],[5.091966944,45.734525278],[5.091885,45.734518056],[5.091888611,45.734486389]]]}},{"type":"Feature","id":"LFLL-2015fc62a4eb62ad6f9f","properties":{"airport":"LFLL","name":"LFLL AVISO","layer":"Surface markings","category":"Surface markings","object_type":"Area","style_id":"polygon.surfacemarking","source_group":"LFLL AVISO","vsmr_group_ids":[],"geometry_role":"filled_region"},"geometry":{"type":"Polygon","coordinates":[[[5.091646111,45.734611667],[5.091673056,45.734612222],[5.091640278,45.734883889],[5.091608611,45.734883056],[5.091646111,45.734611667]]]}},{"type":"Feature","id":"LFLL-63cb97686f004d3e9144","properties":{"airport":"LFLL","name":"LFLL AVISO","layer":"Surface markings","category":"Surface markings","object_type":"Area","style_id":"polygon.surfacemarking","source_group":"LFLL AVISO","vsmr_group_ids":[],"geometry_role":"filled_region"},"geometry":{"type":"Polygon","coordinates":[[[5.091688333,45.734610833],[5.091717222,45.734613889],[5.091685556,45.734885556],[5.091655556,45.734883333],[5.091688333,45.734610833]]]}},{"type":"Feature","id":"LFLL-0d893725a6b98348ae0d","properties":{"airport":"LFLL","name":"LFLL AVISO","layer":"Surface markings","category":"Surface markings","object_type":"Area","style_id":"polygon.surfacemarking","source_group":"LFLL AVISO","vsmr_group_ids":[],"geometry_role":"filled_region"},"geometry":{"type":"Polygon","coordinates":[[[5.091731944,45.734616667],[5.091765556,45.734619444],[5.0917275,45.734888056],[5.091701111,45.734884444],[5.091731944,45.734616667]]]}},{"type":"Feature","id":"LFLL-b4c6680e86ae2fd265ca","properties":{"airport":"LFLL","name":"LFLL AVISO","layer":"Surface markings","category":"Surface markings","object_type":"Area","style_id":"polygon.surfacemarking","source_group":"LFLL AVISO","vsmr_group_ids":[],"geometry_role":"filled_region"},"geometry":{"type":"Polygon","coordinates":[[[5.091779444,45.734621111],[5.091804722,45.734623333],[5.091773056,45.734889167],[5.091743611,45.734888611],[5.091779444,45.734621111]]]}},{"type":"Feature","id":"LFLL-112f1905620a2809133b","properties":{"airport":"LFLL","name":"LFLL AVISO","layer":"Surface markings","category":"Surface markings","object_type":"Area","style_id":"polygon.surfacemarking","source_group":"LFLL AVISO","vsmr_group_ids":[],"geometry_role":"filled_region"},"geometry":{"type":"Polygon","coordinates":[[[5.091821389,45.734621944],[5.091846944,45.734623889],[5.091818056,45.734893611],[5.091787778,45.734891944],[5.091821389,45.734621944]]]}},{"type":"Feature","id":"LFLL-16601afdaf95efdadc3c","properties":{"airport":"LFLL","name":"LFLL AVISO","layer":"Surface markings","category":"Surface markings","object_type":"Area","style_id":"polygon.surfacemarking","source_group":"LFLL AVISO","vsmr_group_ids":[],"geometry_role":"filled_region"},"geometry":{"type":"Polygon","coordinates":[[[5.091865833,45.734623889],[5.091893611,45.734626111],[5.091856389,45.734895556],[5.091830833,45.734894444],[5.091865833,45.734623889]]]}},{"type":"Feature","id":"LFLL-5fac922099f1a4b78f7b","properties":{"airport":"LFLL","name":"LFLL AVISO","layer":"Surface markings","category":"Surface markings","object_type":"Area","style_id":"polygon.surfacemarking","source_group":"LFLL AVISO","vsmr_group_ids":[],"geometry_role":"filled_region"},"geometry":{"type":"Polygon","coordinates":[[[5.091930833,45.734626389],[5.091956389,45.734629167],[5.091923889,45.734899167],[5.091896944,45.734898889],[5.091930833,45.734626389]]]}},{"type":"Feature","id":"LFLL-d5ed8a5dfe5b0beca5e2","properties":{"airport":"LFLL","name":"LFLL AVISO","layer":"Surface markings","category":"Surface markings","object_type":"Area","style_id":"polygon.surfacemarking","source_group":"LFLL AVISO","vsmr_group_ids":[],"geometry_role":"filled_region"},"geometry":{"type":"Polygon","coordinates":[[[5.091975,45.734629167],[5.091997222,45.73463],[5.091967778,45.734903611],[5.091936389,45.734901111],[5.091975,45.734629167]]]}},{"type":"Feature","id":"LFLL-7fdf5fe44c19e53a0ee7","properties":{"airport":"LFLL","name":"LFLL AVISO","layer":"Surface markings","category":"Surface markings","object_type":"Area","style_id":"polygon.surfacemarking","source_group":"LFLL AVISO","vsmr_group_ids":[],"geometry_role":"filled_region"},"geometry":{"type":"Polygon","coordinates":[[[5.092016111,45.734629722],[5.092045833,45.734633611],[5.092011944,45.734905278],[5.091983056,45.734902222],[5.092016111,45.734629722]]]}},{"type":"Feature","id":"LFLL-0802ead8f7366d143092","properties":{"airport":"LFLL","name":"LFLL AVISO","layer":"Surface markings","category":"Surface markings","object_type":"Area","style_id":"polygon.surfacemarking","source_group":"LFLL AVISO","vsmr_group_ids":[],"geometry_role":"filled_region"},"geometry":{"type":"Polygon","coordinates":[[[5.092059722,45.734634722],[5.092088889,45.734635278],[5.092054722,45.734908611],[5.092026111,45.734905556],[5.092059722,45.734634722]]]}},{"type":"Feature","id":"LFLL-2068f9008359c09b1d75","properties":{"airport":"LFLL","name":"LFLL AVISO","layer":"Surface markings","category":"Surface markings","object_type":"Area","style_id":"polygon.surfacemarking","source_group":"LFLL AVISO","vsmr_group_ids":[],"geometry_role":"filled_region"},"geometry":{"type":"Polygon","coordinates":[[[5.092101667,45.734637222],[5.092131667,45.734640278],[5.092101667,45.734908889],[5.0920725,45.7349075],[5.092101667,45.734637222]]]}},{"type":"Feature","id":"LFLL-9c338c7b8cbdb1352f00","properties":{"airport":"LFLL","name":"LFLL AVISO","layer":"Surface markings","category":"Surface markings","object_type":"Area","style_id":"polygon.surfacemarking","source_group":"LFLL AVISO","vsmr_group_ids":[],"geometry_role":"filled_region"},"geometry":{"type":"Polygon","coordinates":[[[5.092146111,45.734638056],[5.0921725,45.734641944],[5.092143056,45.734913889],[5.092114167,45.734911667],[5.092146111,45.734638056]]]}},{"type":"Feature","id":"LFLL-a873695002dc207b0f8c","properties":{"airport":"LFLL","name":"LFLL AVISO","layer":"Surface markings","category":"Surface markings","object_type":"Area","style_id":"polygon.surfacemarking","source_group":"LFLL AVISO","vsmr_group_ids":[],"geometry_role":"filled_region"},"geometry":{"type":"Polygon","coordinates":[[[5.095070278,45.711079722],[5.092174167,45.734916389],[5.092154722,45.734913889],[5.095051111,45.711079722],[5.095070278,45.711079722]]]}},{"type":"Feature","id":"LFLL-256c6a72050fe06390a7","properties":{"airport":"LFLL","name":"LFLL AVISO","layer":"Surface markings","category":"Surface markings","object_type":"Area","style_id":"polygon.surfacemarking","source_group":"LFLL AVISO","vsmr_group_ids":[],"geometry_role":"filled_region"},"geometry":{"type":"Polygon","coordinates":[[[5.094430556,45.711643889],[5.091660278,45.734438611],[5.091633611,45.734437222],[5.094405,45.711643333],[5.094430556,45.711643889]]]}},{"type":"Feature","id":"LFLL-68d5ac47d6db75ed08f1","properties":{"airport":"LFLL","name":"LFLL Groundlayout AVISO","layer":"Guidance lines","category":"Stand entry lines","object_type":"Line","style_id":"line.standentry","source_group":"LFLL Groundlayout AVISO","vsmr_group_ids":[],"geometry_role":"linework"},"geometry":{"type":"MultiLineString","coordinates":[[[5.085581667,45.708474722],[5.085459167,45.708531667]],[[5.0853925,45.708564167],[5.085270833,45.708619722]],[[5.0852075,45.708649444],[5.085091667,45.7087025]],[[5.085024722,45.708735278],[5.084893611,45.708795278]],[[5.0822625,45.729765],[5.082308889,45.729410278]],[[5.081794167,45.729735278],[5.081835833,45.729384722]],[[5.081321111,45.729708889],[5.081364722,45.729356667]],[[5.080845278,45.729677778],[5.080890556,45.72932]],[[5.082364167,45.728959444],[5.082407778,45.728612778]],[[5.081890278,45.728928889],[5.081934444,45.728577222]],[[5.081414722,45.728911111],[5.081459722,45.728556111]],[[5.080943611,45.728881389],[5.080986944,45.728527778]],[[5.081858333,45.728906111],[5.081929167,45.728910556]],[[5.081423333,45.728573611],[5.081493056,45.728579167]],[[5.081378333,45.728877222],[5.081456111,45.728881944]],[[5.080907222,45.72885],[5.080985,45.728854722]],[[5.080948056,45.728546111],[5.081025556,45.728551111]],[[5.081890278,45.728602222],[5.081971667,45.7286075]],[[5.082365,45.728631667],[5.082440833,45.728636667]],[[5.082321667,45.728934722],[5.082406944,45.72894]],[[5.082230833,45.729734722],[5.082301944,45.729739167]],[[5.082265833,45.729430278],[5.082341944,45.729435]],[[5.081754167,45.729706111],[5.081833333,45.729710833]],[[5.081794444,45.729401667],[5.081867778,45.729406389]],[[5.080813889,45.72965],[5.080884722,45.729653889]],[[5.080853333,45.729345833],[5.080924444,45.729350556]],[[5.081290556,45.729676944],[5.081359167,45.7296825]],[[5.081323333,45.729373056],[5.081395833,45.729377778]],[[5.0822375,45.727086667],[5.082502778,45.726954444],[5.082533889,45.726936944],[5.082556944,45.726918889],[5.082576111,45.726898056],[5.082592222,45.726875],[5.082607222,45.726845556],[5.082616944,45.726822778]],[[5.082524444,45.726517222],[5.082235833,45.726658333],[5.082203611,45.726679444],[5.082174444,45.726706389],[5.082153889,45.726733056],[5.082144167,45.726760833],[5.082138611,45.726793611]],[[5.081792222,45.727171667],[5.082061111,45.727035278],[5.082085556,45.727018611],[5.082108056,45.727002778],[5.082129167,45.726983889],[5.082142222,45.726964444],[5.082155278,45.726943889],[5.082171944,45.726902778]],[[5.0819325,45.726619167],[5.0817725,45.726772778],[5.081759444,45.72679],[5.0817525,45.726808611],[5.081751944,45.726823056],[5.081757222,45.726838056],[5.081761111,45.726853333]],[[5.0813475,45.727253889],[5.081626389,45.727115833],[5.081652778,45.727093889],[5.081682222,45.727067222],[5.081702778,45.727036111],[5.081727222,45.726986667]],[[5.081459167,45.726708611],[5.081301389,45.726864167],[5.081285556,45.7268825],[5.081278611,45.726900556],[5.081278333,45.726916667],[5.081285,45.726928611],[5.081293611,45.726945278]],[[5.081462778,45.727219167],[5.081431944,45.727186389]],[[5.081359167,45.726771667],[5.081403056,45.726795]],[[5.081828611,45.726684444],[5.081879444,45.726709444]],[[5.08239,45.726548889],[5.082431111,45.726589167]],[[5.082320278,45.7270175],[5.082353333,45.727051111]],[[5.081880278,45.727104722],[5.081909167,45.727135833]],[[5.083088056,45.724256667],[5.083087778,45.7245625]],[[5.082559444,45.724159444],[5.082558333,45.724475556]],[[5.082028333,45.724059722],[5.0820325,45.724403333]],[[5.081503611,45.723962778],[5.081501389,45.724302222]],[[5.080543611,45.724202778],[5.080773056,45.724443333]],[[5.080144722,45.724302778],[5.080385278,45.724544722]],[[5.079748611,45.724404722],[5.079993056,45.7246525]],[[5.079348611,45.724505],[5.079573889,45.7247325]],[[5.078948056,45.724606667],[5.079190278,45.724851944]],[[5.078502778,45.724745556],[5.078768333,45.724923333]],[[5.078518333,45.724391667],[5.078278611,45.724653333]],[[5.078791389,45.724233333],[5.078570556,45.724008889]],[[5.079195556,45.724131111],[5.078975833,45.723907222]],[[5.079593333,45.724029722],[5.0793675,45.723799167]],[[5.079994167,45.723931111],[5.079772778,45.723704167]],[[5.080375,45.723816944],[5.080169167,45.723601389]],[[5.083177778,45.723908889],[5.083193056,45.723586944]],[[5.0827375,45.723828056],[5.082759167,45.723524444]],[[5.082302222,45.723751667],[5.082325,45.7234375]],[[5.081826111,45.723666389],[5.081910833,45.723346667]],[[5.081224444,45.72283],[5.082005,45.723022222]],[[5.081579444,45.722626667],[5.082378056,45.7226075]],[[5.081734167,45.722124167],[5.082419167,45.722301944]],[[5.0818025,45.721927778],[5.082398889,45.721762222]],[[5.081583889,45.721456667],[5.082329444,45.721445]],[[5.081504167,45.721207778],[5.082059167,45.720929167]],[[5.081101667,45.720859444],[5.081819722,45.720573056]],[[5.081000833,45.720677778],[5.081228333,45.720161667]],[[5.082095278,45.721021944],[5.082018611,45.721086944]],[[5.08198,45.721119722],[5.081905278,45.721185556]],[[5.081866111,45.721218889],[5.081785,45.721289444]],[[5.081748611,45.721320833],[5.081654722,45.721401944]],[[5.082468611,45.721810278],[5.082376667,45.721855278]],[[5.082309722,45.721883889],[5.082223333,45.721924444]],[[5.082169167,45.721948333],[5.082075833,45.72199]],[[5.082001944,45.7220225],[5.081888889,45.722075556]],[[5.081502778,45.720189167],[5.081452778,45.720270278]],[[5.081428889,45.720308889],[5.081381667,45.72039]],[[5.081353889,45.720438056],[5.081308333,45.720516389]],[[5.081281111,45.72056],[5.081224444,45.7206525]],[[5.081495556,45.719479444],[5.081388333,45.719488611]],[[5.081319167,45.719494444],[5.081226667,45.7195025]],[[5.081149167,45.719509722],[5.081046389,45.719518611]],[[5.0809575,45.719526111],[5.080834444,45.719536111]],[[5.080743889,45.719546389],[5.080633611,45.719555556]],[[5.080224167,45.718356944],[5.080309722,45.7182925]],[[5.080181111,45.719622222],[5.080797778,45.719873611]],[[5.080566944,45.719495556],[5.081520556,45.719301111]],[[5.080325278,45.719018333],[5.081409167,45.7190175]],[[5.080482778,45.718864167],[5.081194444,45.718461111]],[[5.080117222,45.718457778],[5.081011389,45.718133889]],[[5.080155,45.718256389],[5.080438056,45.717815556]],[[5.078971111,45.717520278],[5.079714722,45.7175825]],[[5.079330833,45.717344444],[5.079991111,45.716949722]],[[5.080368889,45.718248333],[5.080450556,45.718189167]],[[5.0805,45.718149444],[5.080577778,45.718091389]],[[5.080638333,45.718046389],[5.080718889,45.717981667]],[[5.081173611,45.718657778],[5.081070556,45.718706667]],[[5.081016389,45.718732778],[5.080890556,45.718791389]],[[5.080838611,45.718815556],[5.080705278,45.718875556]],[[5.080648889,45.718901944],[5.080508611,45.718966111]],[[5.078665278,45.716319444],[5.079710556,45.716213333]],[[5.078764722,45.71606],[5.079484167,45.715627222]],[[5.0786625,45.715761667],[5.079233889,45.714976944]],[[5.078468333,45.715488333],[5.078366944,45.715006944]],[[5.077754722,45.7160125],[5.077884444,45.715296111]],[[5.077398611,45.715743333],[5.077200556,45.715226944]],[[5.080797222,45.713629722],[5.080460278,45.714037778]],[[5.081438611,45.713563333],[5.081615556,45.714028333]],[[5.081977222,45.713472778],[5.082158889,45.713945]],[[5.082508056,45.713356667],[5.082689444,45.713826111]],[[5.083994444,45.715031667],[5.084043611,45.714633611]],[[5.083496667,45.714985],[5.083339167,45.714581389]],[[5.082756111,45.714644722],[5.082924722,45.715088889]],[[5.082355278,45.715192222],[5.082195278,45.714772778]],[[5.081620833,45.714861667],[5.081792778,45.715307778]],[[5.081075,45.715015556],[5.081231389,45.715437222]],[[5.081449722,45.713862222],[5.081814722,45.713453611]],[[5.0841725,45.714645833],[5.084166944,45.714690278]],[[5.0841625,45.714721944],[5.084158056,45.714761389]],[[5.084153611,45.714793056],[5.084148056,45.714835]],[[5.084144722,45.714864722],[5.084144722,45.714865833],[5.084139167,45.714906944]],[[5.084135833,45.714937222],[5.084128056,45.714989722]],[[5.083661944,45.714690833],[5.083656111,45.714733333]],[[5.083653889,45.714761667],[5.083649167,45.714803611]],[[5.083646111,45.7148325],[5.083639722,45.714873056]],[[5.083636667,45.714908056],[5.083631111,45.714959444]],[[5.083085833,45.714630278],[5.083104167,45.714675278]],[[5.083113889,45.714706389],[5.083131667,45.714748889]],[[5.08314,45.714775833],[5.083155833,45.714818333]],[[5.083168611,45.714845278],[5.083187222,45.71489]],[[5.0831975,45.714918333],[5.083210833,45.714960833]],[[5.082125556,45.714826944],[5.082141389,45.714868611]],[[5.082148889,45.714891111],[5.082166389,45.714935833]],[[5.082175,45.714961111],[5.082194722,45.715008889]],[[5.082203056,45.71503],[5.082221389,45.7150775]],[[5.082229444,45.7151025],[5.082251667,45.715160833]],[[5.082620278,45.714766389],[5.082635278,45.714808333]],[[5.082646667,45.714835278],[5.082661389,45.714875833]],[[5.082671389,45.714904167],[5.082691667,45.714954167]],[[5.082705,45.714985833],[5.082725556,45.715040833]],[[5.078863889,45.715005278],[5.078846944,45.715078889]],[[5.078836944,45.715121111],[5.078819167,45.715194722]],[[5.078807778,45.715236111],[5.078790833,45.715313611]],[[5.078776111,45.715362222],[5.078755,45.7154625]],[[5.079753333,45.71582],[5.079692222,45.715849444]],[[5.079645833,45.715871944],[5.079579167,45.715905]],[[5.079541667,45.715925],[5.079468611,45.715961944]],[[5.079429444,45.715982222],[5.079347222,45.716024444]],[[5.079299167,45.716050278],[5.079213056,45.716096667]],[[5.079398611,45.71747],[5.079476111,45.717447222]],[[5.079545278,45.717428333],[5.0796125,45.717409444]],[[5.079677222,45.717392222],[5.079759444,45.717369722]],[[5.079835,45.717350556],[5.079910833,45.717328056]],[[5.0799725,45.717311944],[5.080054444,45.717287778]],[[5.082563333,45.713389444],[5.082491111,45.713404167]],[[5.081446389,45.715993056],[5.081590833,45.716354722]],[[5.082013056,45.715876667],[5.082162222,45.716255833]],[[5.082585,45.715785556],[5.082741944,45.716176111]],[[5.083164444,45.715705556],[5.083340556,45.716151111]],[[5.083723333,45.715578611],[5.083951389,45.716141389]],[[5.083821111,45.717818889],[5.083876111,45.717349444]],[[5.082726667,45.717401389],[5.0820775,45.717651389]],[[5.08227,45.717979444],[5.083039167,45.718027778]],[[5.083248611,45.7183675],[5.082484167,45.718507778]],[[5.083424444,45.718823611],[5.082648611,45.718967222]],[[5.083274444,45.718821111],[5.083295833,45.718876389]],[[5.083126944,45.718428611],[5.083099444,45.718360556]],[[5.082850278,45.718047778],[5.082856944,45.717986944]],[[5.082534444,45.7174375],[5.082580556,45.717496111]],[[5.084754167,45.710491389],[5.085938611,45.710438889]],[[5.084688889,45.709818611],[5.085878611,45.709766389]],[[5.084616944,45.708961389],[5.085776111,45.708909167]],[[5.084561667,45.708405],[5.085723333,45.708352778]],[[5.084508889,45.707848889],[5.085675833,45.707796389]],[[5.08446,45.707291111],[5.085625,45.707239722]],[[5.08202,45.713491389],[5.081948889,45.713505278]],[[5.084405833,45.706680556],[5.085568611,45.706629167]],[[5.084348056,45.706070278],[5.085499167,45.706018611]],[[5.085483889,45.706086944],[5.085382222,45.706133611]],[[5.085327778,45.7061625],[5.0852075,45.706220833]],[[5.085118333,45.706263056],[5.084996111,45.706320556]],[[5.084931667,45.706352778],[5.084800833,45.706414444]],[[5.084726667,45.7064525],[5.084606667,45.706507222]],[[5.0854425,45.707376944],[5.085323889,45.707435]],[[5.085263333,45.707463889],[5.085138611,45.7075225]],[[5.085087222,45.707546111],[5.084946944,45.707612222]],[[5.084867778,45.707646111],[5.0847125,45.707719167]],[[5.081752222,45.713464722],[5.081825833,45.713497222]],[[5.081389722,45.722843056],[5.081538611,45.722830556]],[[5.081640556,45.722823333],[5.081770833,45.7228125]],[[5.081883056,45.722805278],[5.082021944,45.722792778]],[[5.082127222,45.722786111],[5.082253611,45.722778333]],[[5.080790278,45.720370556],[5.080828611,45.720301389]],[[5.080859722,45.7202525],[5.080901944,45.720183333]],[[5.080929444,45.720138611],[5.080984167,45.720045556]]]}},{"type":"Feature","id":"LFLL-41c5abd64e94d1f7f107","properties":{"airport":"LFLL","name":"LFLL Groundlayout AVISO","layer":"Guidance lines","category":"Taxiways","object_type":"Line","style_id":"line.taxiway.c0b631","source_group":"LFLL Groundlayout AVISO","vsmr_group_ids":[],"geometry_role":"linework"},"geometry":{"type":"MultiLineString","coordinates":[[[5.0830375,45.7184025],[5.083064167,45.718389722],[5.083089167,45.718376667],[5.083120556,45.7183575],[5.083144722,45.718342222],[5.083166944,45.718323611],[5.083187778,45.718301389],[5.083215556,45.718273056],[5.083242222,45.718246667],[5.083266667,45.718224444],[5.083295278,45.7181975],[5.083329444,45.718171389],[5.083356667,45.718155],[5.083389722,45.718140556]],[[5.0829775,45.718029722],[5.083023889,45.7180425],[5.083066667,45.718054444],[5.083105556,45.718062778],[5.083158611,45.718070556],[5.083232222,45.718075278],[5.083293889,45.718079167],[5.083339722,45.718082778]],[[5.082625278,45.717430556],[5.082655278,45.717415278],[5.082678889,45.717396944],[5.082710556,45.717368611],[5.082731389,45.717341944],[5.082755,45.717301667],[5.082766111,45.717262778],[5.082771944,45.717216389],[5.082780278,45.717140833],[5.082806389,45.716916111]],[[5.082867778,45.717011389],[5.082804722,45.716915278],[5.082713056,45.717001944]],[[5.083158611,45.718166667],[5.083338056,45.718083056],[5.083198333,45.717980278]],[[5.083373611,45.718203333],[5.083389722,45.718140833],[5.083306944,45.718128611]],[[5.088987222,45.716184167],[5.089100833,45.716186111],[5.089158611,45.716180278],[5.089205833,45.716173056],[5.089243889,45.716164444],[5.089297222,45.716148333],[5.089343611,45.716133333],[5.089408333,45.716105],[5.089474167,45.716067222],[5.0895225,45.716032778],[5.089563333,45.715995],[5.089603056,45.715948056],[5.089625833,45.7159125],[5.089642778,45.715865556],[5.08966,45.715793333],[5.089715833,45.715255]],[[5.0800725,45.714608611],[5.08001,45.714605556],[5.079940278,45.714596667],[5.079878056,45.714583333],[5.079826389,45.714568333],[5.0797725,45.714549444],[5.079723611,45.714530556],[5.079670833,45.714498889],[5.079614444,45.714471667],[5.079541944,45.714445],[5.0794725,45.714427222],[5.079383611,45.714413611],[5.079263611,45.714406389],[5.079175,45.714413056],[5.0790675,45.714431667],[5.078534167,45.714534444],[5.078449167,45.7145525],[5.078381389,45.7145725],[5.078311111,45.714601389],[5.078246667,45.714635278],[5.078185556,45.714676667],[5.078137778,45.714709722],[5.0780775,45.714744444],[5.078003056,45.714777778],[5.077951667,45.714793611],[5.0779025,45.714806944],[5.077068889,45.714965556],[5.076806667,45.715016389],[5.076341667,45.715105]],[[5.084743056,45.718336111],[5.084736944,45.718302778],[5.084723889,45.718271944],[5.084705278,45.718240833],[5.084682778,45.718214167],[5.084655278,45.718188889],[5.084629722,45.718175278],[5.084596944,45.718163611],[5.0845575,45.718156111],[5.084515556,45.718152222],[5.084478611,45.718149444],[5.083458056,45.718088611]],[[5.091255556,45.716320556],[5.091315833,45.716327778],[5.091373056,45.716339722],[5.091445833,45.716359444],[5.091511389,45.716384167],[5.091576111,45.716417222],[5.091635278,45.716453056],[5.091684722,45.716494167],[5.091723889,45.716533056],[5.091761389,45.716583056],[5.091789444,45.716637222],[5.091807222,45.716691389],[5.091816667,45.716749722],[5.091814444,45.71679],[5.091805833,45.7168725],[5.091776944,45.717114167],[5.091595,45.718601944],[5.091586111,45.718677778],[5.091582222,45.718783056],[5.091590278,45.718887222],[5.091607222,45.718982778],[5.091636389,45.719089167],[5.091692222,45.719218611],[5.091747222,45.719316944],[5.091830556,45.719440556],[5.091911667,45.719565],[5.0927325,45.720789722],[5.092810278,45.720921667],[5.092908611,45.7211],[5.092991111,45.721275278],[5.093069444,45.721456111],[5.093155,45.721703611],[5.093210278,45.721901667],[5.093259444,45.722116944],[5.093293056,45.722318889],[5.093316667,45.722559722],[5.0933225,45.722783611],[5.093313611,45.723008889],[5.093289167,45.723270278],[5.093229167,45.723723056]],[[5.08606,45.705356944],[5.086540278,45.710615]],[[5.086541667,45.710635556],[5.086559722,45.710832778],[5.086560278,45.710881111],[5.086558056,45.710916389],[5.086548333,45.7109525],[5.086540833,45.710975833],[5.086528056,45.711003611],[5.086507222,45.711042222],[5.086481667,45.7110775],[5.086456667,45.711109167],[5.086416111,45.711148889],[5.086370556,45.711183333],[5.086313333,45.711219444],[5.0862475,45.71125],[5.086189167,45.711271389],[5.086135556,45.711293056],[5.086079722,45.711318056],[5.086015556,45.711348611],[5.085955,45.711385833],[5.0858925,45.711424722],[5.085831944,45.711471111],[5.085778889,45.711515833],[5.085730556,45.711561111],[5.085686667,45.711610556],[5.085651389,45.711655278],[5.085618056,45.711706389],[5.085585,45.711761111],[5.085563889,45.711812778],[5.085542222,45.711870556],[5.085527222,45.711925],[5.085523333,45.711941667]],[[5.085520556,45.711960278],[5.085197222,45.714620278]],[[5.085193056,45.714640556],[5.08371,45.726786111],[5.083546111,45.728140556],[5.083369722,45.729585278],[5.083285,45.730277222],[5.083251111,45.730551111]],[[5.08325,45.730550833],[5.082948333,45.733096667],[5.082121944,45.739889722],[5.082119722,45.739935833],[5.082120278,45.739982222],[5.082122222,45.7400325],[5.0821275,45.740080833],[5.082131667,45.740136389],[5.082139444,45.7401825],[5.082159722,45.740287778],[5.084025556,45.745882778],[5.084044444,45.745923056],[5.084074167,45.745979444],[5.084103889,45.746025],[5.084134722,45.746065556],[5.084169722,45.746102778],[5.084215556,45.746146389],[5.084262778,45.746186944],[5.084321389,45.746230278],[5.084380556,45.746266667],[5.084436667,45.746296667],[5.084498889,45.746326667],[5.084581667,45.746359722],[5.084658333,45.746384722],[5.084769722,45.746411389],[5.084866111,45.746427778],[5.084956389,45.746437222],[5.085045,45.7464425],[5.085130833,45.746448333],[5.085243333,45.746454167],[5.085335,45.746459444],[5.085408333,45.746459167],[5.085490556,45.746450556],[5.085568889,45.746436389],[5.085642778,45.746413333],[5.085700278,45.746391667]],[[5.083042778,45.742929722],[5.083096389,45.743024444],[5.083158889,45.743105278],[5.083236389,45.743172222],[5.083311389,45.743231667],[5.083379444,45.743278611],[5.083455,45.743322222],[5.083535833,45.743364167],[5.083629722,45.743401944],[5.083718333,45.743436389],[5.083822222,45.743466944],[5.083912778,45.743488333],[5.084013333,45.7435025],[5.08409,45.743509722],[5.085037778,45.743566389],[5.0851475,45.743569167],[5.085226111,45.743568333],[5.085303611,45.7435625],[5.08538,45.743554444],[5.085457778,45.743543056],[5.085526389,45.743529167],[5.085588611,45.743513889],[5.085653611,45.743493889],[5.08572,45.743472222],[5.085781111,45.743448056],[5.085836111,45.743423889],[5.085891667,45.743396111],[5.085958056,45.7433575],[5.086052222,45.743294444],[5.0861375,45.743224167],[5.086172778,45.743192222],[5.086208056,45.743153056],[5.086238889,45.743118889],[5.086263056,45.743086111],[5.086293333,45.743048889],[5.086319167,45.743013056],[5.086340556,45.742977222],[5.086359444,45.7429375],[5.086372778,45.742898333],[5.086380833,45.742865278],[5.086386944,45.742840556],[5.0863925,45.742813889],[5.086395278,45.742789444],[5.086454722,45.742275556]],[[5.083408056,45.744052222],[5.083399444,45.743999167],[5.083399722,45.743937222],[5.083405833,45.743886389],[5.0834225,45.743833056],[5.083450278,45.743780556],[5.083480556,45.743736944],[5.083514167,45.743698611],[5.08356,45.743658611],[5.083609722,45.743626389],[5.083666111,45.743596944],[5.083728333,45.743568056],[5.083791389,45.743546944],[5.083856389,45.743529167],[5.083923611,45.743516389],[5.083994722,45.743511111],[5.084080556,45.74351]],[[5.086035556,45.7457225],[5.086066944,45.745474444]],[[5.082541111,45.736453056],[5.082543333,45.736506111],[5.082547778,45.736552778],[5.082554167,45.736593333],[5.082565833,45.736638056],[5.082577778,45.736675278],[5.082595278,45.736718611],[5.082623333,45.736771389],[5.082652778,45.736816111],[5.082685278,45.73686],[5.082724444,45.736908056],[5.082763333,45.736949167],[5.082813056,45.736991389],[5.082866944,45.737033889],[5.082903889,45.737061389],[5.082946111,45.737087778],[5.082998611,45.737115833],[5.083046667,45.737140833],[5.083110278,45.737168611],[5.083177778,45.737195],[5.083262222,45.737222778],[5.083333889,45.73724],[5.083406389,45.737254444],[5.08349,45.737267222],[5.083576944,45.737276111],[5.083666111,45.737281111],[5.083734722,45.737281667],[5.083804722,45.737277222],[5.083878333,45.737271944],[5.083926944,45.737266111],[5.083996111,45.737253889],[5.0851275,45.737038889],[5.087125833,45.736660833],[5.087155,45.7366525],[5.087196944,45.7366375],[5.088652222,45.736031667],[5.090751667,45.735161111],[5.091453056,45.734862778],[5.091489722,45.734846111],[5.091526667,45.734826667],[5.091563056,45.734806389],[5.091599722,45.734781944],[5.091631944,45.734759167]],[[5.0917975,45.734611389],[5.091821111,45.734578056],[5.091844722,45.734543889],[5.091866389,45.734511389],[5.091888889,45.734475],[5.091905556,45.734441111],[5.091921389,45.734400278],[5.091933056,45.734358333],[5.091939444,45.734326389],[5.091945556,45.734288889],[5.091951944,45.734239722],[5.092015278,45.733696111]],[[5.082398611,45.737617222],[5.082415556,45.737568056],[5.082434167,45.737531944],[5.082455556,45.737498056],[5.082480556,45.737463889],[5.082513333,45.737429444],[5.082548889,45.737399444],[5.082590833,45.737369444],[5.082638611,45.737340556],[5.082685556,45.737316944],[5.082738611,45.737295278],[5.082799722,45.737276944],[5.082865278,45.737261111],[5.082952778,45.737248611],[5.083030833,45.737245556],[5.0831075,45.737249444],[5.083193611,45.737253056],[5.083359722,45.737264167],[5.083601389,45.737278056]],[[5.085743056,45.7369225],[5.085890833,45.736903333],[5.085937778,45.736899722],[5.085999444,45.736899722],[5.086064722,45.736901667],[5.086124444,45.736905556],[5.086186389,45.736911667],[5.086242222,45.736922222],[5.086297222,45.736933056],[5.086358611,45.736946389],[5.086415556,45.736964444],[5.086485,45.736988056],[5.086569722,45.737022778],[5.0866425,45.737058611],[5.086705556,45.737100556],[5.086758611,45.737139722],[5.086803611,45.737176944],[5.086847778,45.737216944],[5.086888333,45.737263611],[5.086921667,45.737310833],[5.086953056,45.737361944],[5.086976389,45.737409167],[5.087000278,45.737466111],[5.087013611,45.737504722],[5.08702,45.737540556],[5.087023056,45.737596667],[5.0870225,45.737646667],[5.087021111,45.737673889],[5.086929444,45.738389444]],[[5.086863333,45.718944722],[5.087144722,45.716614167]],[[5.085796111,45.715995],[5.092138056,45.716371667],[5.092217778,45.716379722],[5.092291667,45.716394167],[5.092372222,45.716416944],[5.092445833,45.716448056],[5.092506944,45.716482778],[5.092564722,45.716521944],[5.092609722,45.716558889],[5.092645556,45.716603333],[5.0926875,45.716663889],[5.093151111,45.717363333],[5.0932225,45.717482778],[5.0933175,45.717655556],[5.0934075,45.717839444],[5.093492778,45.7180325],[5.093565556,45.718245278],[5.093611111,45.718391667],[5.093650833,45.718559722],[5.093693889,45.718761667],[5.093715,45.718920556],[5.093734722,45.719112778],[5.093739167,45.719283333],[5.093734444,45.719483611],[5.093723333,45.719660556],[5.093650556,45.720288056]],[[5.086255556,45.711248611],[5.086336944,45.711226389],[5.086424444,45.711203611],[5.086521111,45.711185278],[5.086742778,45.7111425],[5.088079722,45.71089],[5.088566667,45.7107975],[5.088658056,45.710781111],[5.088751944,45.710771944],[5.088845,45.710766111],[5.08895,45.710765],[5.089096389,45.710773333],[5.089998611,45.710828611]],[[5.090596111,45.710863333],[5.093066944,45.711010556],[5.093488889,45.711036389],[5.093855833,45.711058611],[5.093965556,45.711065278],[5.094058333,45.711074722],[5.094125556,45.711086111],[5.094195278,45.711102778],[5.094270278,45.711126389],[5.094325,45.71115],[5.094382222,45.711176389],[5.094425833,45.711201111],[5.094460556,45.711224444],[5.0944825,45.71124]],[[5.094584167,45.711330833],[5.094613889,45.711369444],[5.094637778,45.711407222],[5.094662222,45.711452222],[5.094675278,45.711483889],[5.094684167,45.711511944]],[[5.094700833,45.711606667],[5.094701944,45.711616667],[5.094698056,45.711648056],[5.094632222,45.712188611]],[[5.086541111,45.710638333],[5.086554167,45.710685833],[5.086564722,45.710716111],[5.086579444,45.710750278],[5.086593333,45.710774167],[5.086613889,45.710805278],[5.086641667,45.710836111],[5.086678056,45.710872222],[5.086714444,45.710901944],[5.086762222,45.710935],[5.0868025,45.7109575],[5.086845833,45.710976389],[5.086896944,45.7109975],[5.086952778,45.711013333],[5.087016944,45.711028889],[5.087081944,45.711038056],[5.087145278,45.711043611],[5.087208611,45.711043056],[5.087322778,45.7110325]],[[5.086238611,45.705530833],[5.086693333,45.710510556],[5.086701111,45.710543889],[5.086721389,45.710596944],[5.086745,45.710639722],[5.086776944,45.710681389],[5.086806667,45.710715278],[5.086840833,45.710749444],[5.086883333,45.710783056],[5.086941944,45.710817778],[5.087014167,45.710848056],[5.087083611,45.710873889],[5.087146944,45.710889722],[5.087219444,45.710901944],[5.087283611,45.710908333],[5.087336944,45.710908333],[5.087404722,45.710903889],[5.087460278,45.710896944],[5.087517222,45.710888056],[5.087990833,45.710794444],[5.088501667,45.710691944],[5.088605278,45.710677222],[5.088716667,45.710666111],[5.088818889,45.710659167],[5.08897,45.710661389],[5.089135833,45.710671667],[5.089265278,45.710680556],[5.089992778,45.710725556]],[[5.089095556,45.710774167],[5.089185833,45.710785833],[5.089277222,45.710802778],[5.089364167,45.710823333],[5.089440556,45.710846389],[5.089511389,45.71087],[5.089588611,45.710901944],[5.089661389,45.710935833],[5.089726389,45.710971389],[5.089780556,45.711004444],[5.089829444,45.711036667],[5.089877778,45.711074722],[5.089922778,45.711113333],[5.089958056,45.711146111],[5.090001111,45.711191111],[5.090041111,45.711239722],[5.090075833,45.711287778],[5.090103889,45.711336111],[5.090125833,45.71138],[5.090147778,45.711426389]],[[5.090186111,45.711595556],[5.090185,45.711661111],[5.090178056,45.711727778],[5.090115833,45.712227222]],[[5.086734444,45.736733889],[5.086806389,45.736715556],[5.086848333,45.736700278],[5.086903889,45.7366775],[5.086949722,45.736653056],[5.086994444,45.736625],[5.087038333,45.736590556],[5.087078333,45.736553056],[5.087109167,45.736517222],[5.087138611,45.736473333],[5.087153611,45.736439444],[5.087169722,45.736398056],[5.087178889,45.736352222],[5.087186389,45.736299722],[5.087263056,45.735665833]],[[5.080926667,45.729099722],[5.082391389,45.729188056],[5.082952778,45.729220278],[5.083175833,45.729238056],[5.0840175,45.729312778],[5.084659167,45.729368611],[5.084729444,45.729374444],[5.085808611,45.729436944],[5.086738889,45.729494722],[5.088134444,45.729577222],[5.089299167,45.7296475],[5.090261944,45.729704444],[5.091374444,45.729770833],[5.091487222,45.729775833],[5.091609167,45.729780833],[5.091705278,45.7297825],[5.091798056,45.7297825],[5.091882778,45.729775833],[5.091952778,45.729765278],[5.092009167,45.729754167],[5.092069167,45.729737778],[5.092134167,45.729715278],[5.092199167,45.729689167],[5.092281389,45.729644722],[5.092339444,45.729606389],[5.092376389,45.729577222],[5.092394167,45.729561389]],[[5.092419167,45.729535556],[5.092441389,45.729511111],[5.092469722,45.729476944],[5.092501111,45.729431944],[5.092519444,45.7293975],[5.092538056,45.729351667],[5.0925475,45.729318889],[5.092551944,45.729286389],[5.092612778,45.728777778]],[[5.0868725,45.729504722],[5.086973333,45.729523611],[5.087091667,45.729549722],[5.087195278,45.729582222],[5.0872975,45.729621111],[5.087382778,45.729661944],[5.087475,45.7297125],[5.087559444,45.729769722],[5.087627222,45.729826111],[5.087693889,45.729890556],[5.087743056,45.729950833],[5.087787778,45.7300125],[5.087826944,45.730076944],[5.087855278,45.730132222],[5.08788,45.730195],[5.087898611,45.730254722],[5.087905833,45.730306667],[5.087906944,45.730353889],[5.087905278,45.730413611],[5.087838056,45.730953333]],[[5.092263056,45.7200875],[5.09219,45.719993611],[5.092161111,45.719966111],[5.092127778,45.719941111],[5.092085,45.719913056],[5.092040278,45.7198875],[5.091996389,45.719866944],[5.091938056,45.719846667],[5.091892778,45.7198325],[5.091837222,45.719818056],[5.091772222,45.71981],[5.0917425,45.719807222],[5.091705833,45.719803611],[5.088213611,45.719596944],[5.086109167,45.719470833],[5.08542,45.71943],[5.0853475,45.719425],[5.085266389,45.719415278],[5.085195278,45.719398889],[5.085116111,45.719375556],[5.085042222,45.719348611],[5.084967222,45.719312778],[5.084916389,45.719278611],[5.084864722,45.719242222],[5.084815,45.719196667],[5.084775833,45.719153056],[5.084739722,45.719102222],[5.084715833,45.719058333],[5.084697222,45.719005556],[5.084685278,45.718956667],[5.084676389,45.718901944]],[[5.084766111,45.724361111],[5.08768,45.723810278],[5.087921389,45.723763333],[5.088045556,45.723731944],[5.0881625,45.723692222],[5.088301389,45.723628889],[5.0884175,45.723566111],[5.088516667,45.723496389],[5.088606389,45.723410556],[5.088679167,45.723320833],[5.088739444,45.723221389],[5.088778333,45.723135833],[5.088800833,45.723033056],[5.088818889,45.722901389],[5.088878333,45.722385]],[[5.093379167,45.722485],[5.0933125,45.723035833]],[[5.093291667,45.723215556],[5.093246389,45.723468889],[5.093223333,45.723579722],[5.0931875,45.723704167],[5.093145833,45.723843611],[5.093095556,45.723987222],[5.093032222,45.724145556],[5.092952222,45.724318889],[5.092834167,45.724550556],[5.092712222,45.724753056],[5.092608056,45.724908056],[5.092535278,45.725007778],[5.092453611,45.725116944],[5.092349167,45.725245],[5.092180556,45.725433056],[5.091594722,45.726024167],[5.091331389,45.726290278],[5.090934444,45.7266925],[5.090823889,45.726820278],[5.0907275,45.726960556],[5.090647778,45.727105556],[5.090581944,45.727262222],[5.090543056,45.727399722],[5.090523333,45.727518333],[5.0904725,45.727940833],[5.090318333,45.729188611],[5.090304722,45.729237778],[5.090285556,45.729283889],[5.090237778,45.729363333],[5.090186667,45.729420833],[5.090132778,45.729470833],[5.090070556,45.729515833],[5.090016944,45.729547222],[5.089926944,45.729588056],[5.089841111,45.729616667],[5.089794722,45.729628333],[5.089753056,45.729638056],[5.089712778,45.729645833],[5.0896725,45.7296525],[5.089616944,45.729655833],[5.089525278,45.72966]],[[5.086178333,45.719475556],[5.086256667,45.719473611],[5.086312222,45.719468889],[5.086357778,45.7194625],[5.086406667,45.719453333],[5.0864575,45.719439444],[5.086499444,45.719426111],[5.086552222,45.719405556],[5.086599722,45.719381667],[5.086640278,45.719356667],[5.086679722,45.719331667],[5.086720556,45.719296667],[5.0867575,45.719258611],[5.086785556,45.719220833],[5.086809444,45.719182778],[5.086828333,45.7191375],[5.086842778,45.719093056],[5.0868475,45.719060556],[5.086853333,45.719018056],[5.086860833,45.718962222]],[[5.086845,45.719076944],[5.086846389,45.719123611],[5.086852222,45.719165],[5.086864167,45.719208889],[5.086883056,45.719257222],[5.086912222,45.719302778],[5.086948333,45.719344444],[5.0869875,45.719383611],[5.087027222,45.719416111],[5.087068056,45.719441944],[5.087115556,45.719468611],[5.087174444,45.719495556],[5.087234722,45.719515278],[5.087283611,45.719527778],[5.087336111,45.719539167],[5.087397778,45.719547778]],[[5.092984444,45.725751111],[5.092916667,45.726286944],[5.092897222,45.726431111],[5.092879444,45.726527778],[5.092855833,45.726648333],[5.092815,45.726803056],[5.092758611,45.726984167],[5.092683056,45.727185278],[5.092601111,45.727376111],[5.092484722,45.727605833],[5.092341667,45.727849167],[5.092225,45.728025],[5.092126667,45.728158611],[5.0920225,45.728293889],[5.091883611,45.728456667],[5.091729167,45.728622222],[5.09119,45.729165556],[5.0908525,45.729505],[5.090819722,45.729533333],[5.090790556,45.729559444],[5.090752222,45.729586111],[5.090714167,45.729608333],[5.090671944,45.729630556],[5.090624722,45.729651111],[5.090575278,45.729668889],[5.09053,45.729680833],[5.090483611,45.72969],[5.090440833,45.729697222],[5.090402222,45.729701944],[5.090362778,45.729703889],[5.090306389,45.7297075]],[[5.087147222,45.716589167],[5.087161389,45.716484444],[5.087187778,45.716420556],[5.087219444,45.716367778],[5.087257778,45.716319722],[5.087303056,45.716278889],[5.087354444,45.716237778],[5.087414167,45.716203611],[5.087473333,45.716176944],[5.087537222,45.716155],[5.087593611,45.716138333],[5.0876525,45.716126944],[5.08773,45.716116944],[5.087796667,45.716113611]],[[5.088986111,45.716185556],[5.089058889,45.716193333],[5.089128333,45.716205278],[5.089190556,45.716221667],[5.089253333,45.716241111],[5.089325278,45.716274444],[5.089385278,45.716310278],[5.089433889,45.716349444],[5.089483889,45.716398889],[5.089519167,45.716443611],[5.089551944,45.716501389],[5.08957,45.71656],[5.089578611,45.716620278],[5.089576111,45.716679444],[5.089529722,45.717084722]],[[5.088479722,45.719611667],[5.088574722,45.7196275],[5.088665556,45.719650833],[5.088755833,45.719681944],[5.088848611,45.719725],[5.088926389,45.719775278],[5.089010556,45.719848333],[5.089065556,45.719910278],[5.089102778,45.719973333],[5.089123333,45.720047222],[5.089139722,45.720114722],[5.089147222,45.720186667],[5.089139167,45.720260556],[5.089075,45.720786944]],[[5.088475833,45.719612222],[5.088580833,45.719608333],[5.088650278,45.719600278],[5.088715556,45.719588611],[5.08879,45.719571111],[5.0888525,45.719550278],[5.088925,45.71952],[5.088995278,45.719488056],[5.089073056,45.719440278],[5.089132222,45.719386389],[5.089175278,45.719335],[5.089214167,45.719285833],[5.089242778,45.719236111],[5.08926,45.719193056],[5.089269167,45.719145556],[5.089281111,45.719071667],[5.089343889,45.718598056]],[[5.083315556,45.730084167],[5.083347778,45.730011944],[5.083381944,45.729950278],[5.083418333,45.729887222],[5.083457778,45.729831944],[5.083499167,45.729783889],[5.083555556,45.729727222],[5.083622222,45.729669722],[5.08369,45.729623056],[5.083752778,45.729580556],[5.083829167,45.7295375],[5.083911389,45.729499167],[5.08399,45.729468889],[5.084075,45.729443056],[5.084169444,45.729416667],[5.084253333,45.729398056],[5.084352222,45.729381944],[5.084465556,45.729368889],[5.084552778,45.729365],[5.084608056,45.729363889],[5.084531944,45.729354167],[5.084478889,45.729345278],[5.084398333,45.729328889],[5.084335,45.729313056],[5.084273611,45.729295278],[5.084189722,45.729265833],[5.084121667,45.729237222],[5.084045833,45.729201111],[5.083983056,45.729167222],[5.083906667,45.729120833],[5.083846111,45.729074722],[5.083790556,45.729028889],[5.083730278,45.728971389],[5.083681111,45.728913889],[5.083641389,45.728862222],[5.083602222,45.728800278],[5.083575278,45.728748889],[5.083548611,45.728678333],[5.083528056,45.7286125],[5.083519167,45.728561667],[5.083514167,45.728513333],[5.083513611,45.728512222],[5.083511944,45.728474722]],[[5.086875278,45.729496389],[5.086916389,45.729495278],[5.086985556,45.729491111],[5.0870625,45.729484167],[5.0871575,45.729469444],[5.0872475,45.729452778],[5.087333056,45.729430556],[5.087409444,45.729406667],[5.087492778,45.729375556],[5.087577222,45.729338333],[5.087666944,45.729291944],[5.087731111,45.729250278],[5.087799167,45.729201944],[5.087856389,45.729153611],[5.087920278,45.729094444],[5.087979167,45.729024167],[5.088015556,45.728969167],[5.088051944,45.728911667],[5.088078611,45.728856111],[5.088096111,45.728801111],[5.088105278,45.728753333],[5.088170278,45.728235]],[[5.086974167,45.723943889],[5.087076944,45.7239325],[5.087223889,45.723921111],[5.087361944,45.723916389],[5.087474444,45.723921389],[5.087621389,45.723943056],[5.087755833,45.723970278],[5.087872778,45.724006667],[5.087989722,45.724053611],[5.088098889,45.724106111],[5.088214167,45.724171944],[5.088311111,45.724245556],[5.088398333,45.724330833],[5.088465556,45.724418889],[5.088522222,45.724514167],[5.088553889,45.724595278],[5.0885775,45.724681389],[5.088584722,45.724758333],[5.088579722,45.724831111],[5.0885075,45.725449444]],[[5.086619444,45.716044444],[5.086678333,45.716053056],[5.086746389,45.716068889],[5.086809722,45.716088889],[5.086865,45.716113056],[5.086924444,45.716141389],[5.086978056,45.716176944],[5.087023611,45.716213889],[5.087069444,45.716260833],[5.087103611,45.716309722],[5.087127778,45.716350833],[5.087146389,45.716401389],[5.087156944,45.716451944],[5.087160556,45.716494167]],[[5.07973,45.714291667],[5.080657222,45.716679722],[5.080681111,45.71672],[5.080713056,45.716760278],[5.080753056,45.716800556],[5.080802222,45.71684],[5.0808575,45.716876111],[5.080920833,45.716908056],[5.080983889,45.716933889],[5.081045278,45.716950833],[5.081109444,45.716963889],[5.081199722,45.716973056],[5.0812725,45.716977778],[5.0813475,45.716974444],[5.081419722,45.716963611],[5.081548056,45.71694],[5.082503333,45.716757778],[5.08256,45.716749722],[5.082613056,45.716744722],[5.082658333,45.716744167],[5.082727222,45.716746111],[5.084281667,45.716838333],[5.084371111,45.716839444],[5.084455556,45.7168325],[5.084531111,45.716819722],[5.084608333,45.716797778],[5.084693056,45.716765],[5.084749167,45.716735556],[5.084802222,45.716701667],[5.084843611,45.716667222],[5.084879444,45.716629444],[5.08492,45.716578889],[5.084949722,45.716525],[5.0849675,45.716453333],[5.084990833,45.716347778],[5.085014722,45.716285],[5.085040833,45.716241389],[5.085068333,45.716205278],[5.085096389,45.716175278],[5.0851325,45.716141389],[5.085189722,45.7161025],[5.085248333,45.716069444],[5.085308889,45.716042222],[5.085370278,45.716020556],[5.0854425,45.716003333],[5.085513333,45.715990833],[5.085590278,45.715986389],[5.085674167,45.715986667],[5.085732222,45.715990833],[5.085770556,45.715993333]],[[5.085085833,45.715535],[5.085089167,45.715578333],[5.085096111,45.715616667],[5.085109444,45.715660278],[5.085132778,45.715704722],[5.085164167,45.715755278],[5.085203889,45.715797778],[5.085248333,45.715838056],[5.085296111,45.715872222],[5.085353333,45.715903056],[5.085416944,45.715933611],[5.0854825,45.715954722],[5.08554,45.715969167],[5.085580833,45.715977222],[5.085631944,45.715984167],[5.085678333,45.715986944]],[[5.085298611,45.713766667],[5.085281944,45.713817222],[5.0852625,45.713861667],[5.085234444,45.713906111],[5.085199722,45.713949167],[5.085146944,45.713995278],[5.085103889,45.714027778],[5.085051389,45.714058889],[5.084981389,45.714091667],[5.084913333,45.714115278],[5.084854167,45.714129167],[5.084791389,45.714141667],[5.084732778,45.714147222],[5.084681389,45.714149167],[5.084607778,45.714148056],[5.084515556,45.714143333],[5.083309167,45.714070556],[5.083208611,45.7140675],[5.083123333,45.714070833],[5.083023333,45.714078056],[5.082948333,45.714087222],[5.082859722,45.714103056],[5.080451944,45.714559444],[5.080305833,45.714584722],[5.080193611,45.714604722],[5.080128056,45.714610278],[5.080080278,45.714610833],[5.080037778,45.714605278],[5.079980556,45.71459],[5.079911389,45.714565833],[5.079872778,45.714544167],[5.079843611,45.714522778],[5.079824722,45.7145],[5.079808611,45.714476667],[5.079789444,45.714443611]],[[5.080033611,45.715071944],[5.080023333,45.715026667],[5.080022222,45.714985833],[5.080022778,45.714949444],[5.0800325,45.714903056],[5.080050556,45.714846944],[5.080078333,45.714799167],[5.080109722,45.714757222],[5.080149444,45.714714722],[5.080207222,45.714668333],[5.080257222,45.714636111],[5.080316944,45.714604722],[5.080367222,45.714585],[5.0804175,45.714568056],[5.080456111,45.714558611]],[[5.085198056,45.714592778],[5.085190833,45.714532222],[5.085176667,45.714478333],[5.085153333,45.714433889],[5.085117778,45.714379722],[5.085080278,45.714339167],[5.085018889,45.714286111],[5.084978611,45.714258611],[5.084920556,45.714226944],[5.084864167,45.714203056],[5.084813056,45.714185],[5.084749444,45.714167778],[5.084698056,45.714158611],[5.084657778,45.714153056],[5.084611389,45.714148056]],[[5.084866389,45.717325833],[5.084864167,45.717245],[5.084859167,45.717208889],[5.084846389,45.717170278],[5.084824722,45.717124444],[5.084803333,45.717089722],[5.084775,45.717054722],[5.084734722,45.717008611],[5.084698611,45.716981667],[5.084655833,45.716953611],[5.084605556,45.7169225],[5.0845525,45.716898333],[5.084493889,45.716878333],[5.084437778,45.716861944],[5.084380833,45.71685],[5.084318611,45.716841944],[5.084277222,45.716838056]],[[5.080656389,45.716679444],[5.080855833,45.7171975],[5.080881111,45.717243333],[5.080918333,45.717296944],[5.080979167,45.717356111],[5.081096111,45.717451667],[5.081180833,45.717525833],[5.081316389,45.717655833],[5.081392222,45.717735833],[5.081486667,45.71785],[5.081571111,45.717965278],[5.081630556,45.718058889],[5.081694444,45.718165278],[5.081753889,45.718285278],[5.081795278,45.718386944],[5.081877778,45.718595833],[5.081971111,45.718837222],[5.082069167,45.719088333],[5.082182778,45.719398611],[5.082488611,45.720188333],[5.082652778,45.720616111],[5.0827025,45.72072],[5.082821111,45.720965278],[5.083036944,45.7214],[5.083068611,45.721466111],[5.083102222,45.721560556],[5.083131944,45.721661389],[5.083154444,45.721774722],[5.083163611,45.721871389],[5.083162222,45.722012778],[5.083148056,45.722125833],[5.083129722,45.722221944],[5.083134722,45.722263333],[5.083139444,45.722296667],[5.083152778,45.722333889],[5.083173056,45.722374444],[5.083199167,45.722409167],[5.083238333,45.722453611],[5.083287222,45.722492222],[5.0833225,45.722518333],[5.083370278,45.722546111],[5.083415,45.722564722],[5.08348,45.722584167],[5.083345556,45.7225475],[5.083033056,45.722461667]],[[5.082396111,45.7231],[5.082430556,45.723103056],[5.082496944,45.723112222],[5.083709722,45.723338611],[5.083789722,45.723353889],[5.0838675,45.7233725],[5.083927778,45.723395556],[5.083983889,45.72343],[5.084033056,45.723470833],[5.084065,45.723515278],[5.084086667,45.7235575],[5.084097778,45.723606389]],[[5.083938889,45.724981667],[5.083961111,45.724906389],[5.083988333,45.724855278],[5.084019167,45.724804722],[5.084076667,45.724725278],[5.084132778,45.724659444],[5.084186389,45.724607778],[5.084249444,45.724557778],[5.084327778,45.724508889],[5.084411111,45.724467778],[5.084501944,45.724436111],[5.084598889,45.724406389],[5.084721389,45.724373056],[5.084768056,45.72436],[5.084726111,45.724365556],[5.084675833,45.724366944],[5.084591111,45.724366944],[5.084522778,45.724363056],[5.084478611,45.724357222],[5.084421944,45.724344722],[5.084361944,45.724324167],[5.084316111,45.724305278],[5.084253333,45.724269444],[5.084201944,45.724233889],[5.084163056,45.724191944],[5.084132222,45.724144444],[5.0841075,45.724085556],[5.08409,45.724034722],[5.084075556,45.723988333],[5.084068333,45.723947222],[5.084065278,45.723916944]],[[5.083701111,45.723336667],[5.083775278,45.723341944],[5.083838056,45.7233375],[5.083896111,45.723328056],[5.0839525,45.723310556],[5.084013056,45.723284722],[5.084060278,45.723253611],[5.084099722,45.723216111],[5.084129444,45.723171389],[5.0841525,45.723136944],[5.084168056,45.723030833],[5.084169444,45.722985833],[5.084159167,45.722944444],[5.084141944,45.722893889],[5.084119444,45.722851111],[5.084083333,45.722806111],[5.0840375,45.72276],[5.083984444,45.722725],[5.083930278,45.722693889],[5.083865278,45.722665],[5.083808889,45.722651389],[5.083747222,45.722636944],[5.083479722,45.722585278],[5.083436111,45.722578611],[5.083346944,45.722564167],[5.083273333,45.722550556],[5.083211389,45.722546111],[5.083140278,45.722548611],[5.083057222,45.722562222],[5.082988333,45.722581944],[5.082930556,45.722606389],[5.082868056,45.722643333],[5.082821667,45.722686111],[5.082775,45.722743889],[5.082719444,45.722840833],[5.082693611,45.722914167],[5.0826925,45.722940833],[5.082692778,45.722968889],[5.0827025,45.723004444],[5.082714444,45.723035278],[5.082733333,45.723063333],[5.0827575,45.723091389],[5.082791944,45.723123056],[5.082821944,45.723145],[5.082855833,45.723164167],[5.082898889,45.723181667],[5.082946667,45.723196667]],[[5.082393333,45.723101667],[5.082428889,45.723092778],[5.082468611,45.723081944],[5.082509167,45.723068333],[5.082552778,45.723051111],[5.082591111,45.723029722],[5.082618889,45.723007222],[5.082643056,45.722982778],[5.082670833,45.722948333],[5.082686944,45.722929722],[5.082697222,45.72291]],[[5.0828675,45.722643889],[5.082928333,45.722580556],[5.082989167,45.722505278],[5.083027222,45.722446389],[5.083073611,45.722363056],[5.083100833,45.722296111],[5.0831175,45.722248611],[5.083132778,45.722209444]],[[5.083665278,45.722620833],[5.083752222,45.722619444],[5.083831111,45.722611389],[5.083888611,45.722601111],[5.083949722,45.722583889],[5.083999167,45.722565833],[5.084045556,45.722545],[5.084082778,45.722522778],[5.084118889,45.722498889],[5.084148333,45.722474444],[5.084173333,45.722452222],[5.084194722,45.722429444],[5.084215556,45.722399722],[5.084233333,45.722366667],[5.084249444,45.722335556],[5.0842625,45.7223]],[[5.082910833,45.719703056],[5.082344722,45.719816111],[5.084008611,45.719495833],[5.0841625,45.719470556],[5.084469167,45.719431944],[5.084760278,45.719414722],[5.084966389,45.7194125],[5.085075833,45.719412222],[5.08517,45.719416389],[5.085348611,45.719424444]],[[5.084557222,45.719873333],[5.084591389,45.719784167],[5.084633889,45.719716667],[5.084678056,45.719666389],[5.084740833,45.719606667],[5.084805278,45.7195625],[5.084881944,45.719521389],[5.084976111,45.719482222],[5.085051667,45.719458056],[5.085136111,45.719440833],[5.0852125,45.719430833],[5.085301944,45.719425278],[5.085353889,45.719425833]],[[5.082192222,45.719423889],[5.082220833,45.719463333],[5.082257222,45.719505278],[5.082298056,45.719544444],[5.082353056,45.719585],[5.082409167,45.719615278],[5.082465,45.719645278],[5.082537222,45.719671667],[5.082626389,45.719694722],[5.082686389,45.719701111],[5.082750278,45.719708333],[5.082822222,45.719706667],[5.082873611,45.719705556],[5.0829125,45.719703611],[5.082863056,45.719716111],[5.082787778,45.719746111],[5.082748611,45.719764444],[5.082703889,45.7197925],[5.082656111,45.719825278],[5.082613056,45.719858611],[5.082584444,45.719891944],[5.082552778,45.719931389],[5.082523333,45.719977222],[5.082508056,45.720020278],[5.082495,45.720057778],[5.082486389,45.720096389],[5.082485833,45.720140278],[5.08249,45.720184722]],[[5.081269167,45.717611389],[5.081236389,45.717568889],[5.081211111,45.7175325],[5.0811875,45.717485],[5.081171667,45.717440556],[5.081163056,45.717397222],[5.08116,45.717348611],[5.081164444,45.7173],[5.081178056,45.717251667],[5.081195,45.717210833],[5.081227222,45.717158333],[5.08126,45.717117222],[5.0813,45.717076389],[5.081336944,45.717049167],[5.081373889,45.717023056],[5.081425556,45.7169925],[5.081488889,45.716964444],[5.081550833,45.716943611],[5.081609722,45.716928333]],[[5.084014722,45.719493611],[5.084095278,45.719480556],[5.084175,45.719463889],[5.084250556,45.719444444],[5.084336111,45.719415556],[5.084411389,45.719381667],[5.084473611,45.719341944],[5.084545833,45.71928],[5.084586944,45.719231944],[5.084612222,45.719191389],[5.084633889,45.719139167],[5.084645,45.719099722]],[[5.0845375,45.720001944],[5.084534167,45.719939722],[5.084521667,45.719887778],[5.084500278,45.719832778],[5.084467222,45.719776944],[5.084423611,45.719722778],[5.084377222,45.719683611],[5.084321944,45.719645278],[5.084261111,45.719614444],[5.084212778,45.719591667],[5.08416,45.719572778],[5.0841,45.719556944],[5.084021944,45.719540556],[5.083948333,45.719535],[5.083875833,45.719531944],[5.083809444,45.719534444]],[[5.080817778,45.729961667],[5.082965556,45.730090556],[5.08301,45.730099444],[5.083063333,45.730113333],[5.083106944,45.730130833],[5.083154444,45.730157222],[5.0831975,45.73019],[5.083231111,45.730225556],[5.083257222,45.730266111],[5.083272222,45.730304444],[5.083277222,45.730326944],[5.083275556,45.73036]],[[5.082952222,45.730089167],[5.083030556,45.730084722],[5.083089722,45.730073056],[5.083135,45.730059722],[5.083178889,45.730041111],[5.083218889,45.730020833],[5.083252778,45.729998611],[5.083278333,45.729974444],[5.083297222,45.729949722],[5.083315556,45.729926389],[5.083326944,45.729902778],[5.08334,45.72987]],[[5.083446667,45.728992222],[5.083430278,45.729043889],[5.083412778,45.729078056],[5.083381667,45.729113056],[5.083340278,45.729146111],[5.083303889,45.72917],[5.083253611,45.729192222],[5.083212778,45.729205278],[5.083157222,45.729219722],[5.083109722,45.729225],[5.083046389,45.729225],[5.082996389,45.729223611],[5.0830625,45.729232778],[5.083111667,45.729239444],[5.083160278,45.729248611],[5.083202222,45.729264167],[5.083247778,45.729287778],[5.083297778,45.729323611],[5.083330278,45.729354444],[5.083353889,45.729388611],[5.083371389,45.729425556],[5.083382222,45.729460833],[5.083386667,45.729493333]],[[5.083490833,45.728634722],[5.083485556,45.728587222],[5.083474167,45.728552778],[5.083453889,45.728518056],[5.083425833,45.728481944],[5.083393056,45.728453611],[5.0833525,45.728425278],[5.083310278,45.728403611],[5.083263333,45.728385278],[5.083230556,45.728375833],[5.083204444,45.728371111],[5.083166667,45.728364722],[5.083145,45.728363611],[5.082886111,45.728348611],[5.081028611,45.728237778]],[[5.083166111,45.728365556],[5.083217778,45.728362222],[5.083270278,45.728355],[5.083313056,45.728345556],[5.083348889,45.728333056],[5.0833975,45.728312778],[5.083434722,45.728292222],[5.083466389,45.728268611],[5.083495,45.728240833],[5.083515278,45.728216389],[5.083531111,45.72819],[5.083544167,45.728164444],[5.083553056,45.728133889]],[[5.081288056,45.727016111],[5.0826825,45.726746667],[5.082718056,45.726736111],[5.082754722,45.726724167],[5.082794444,45.726713611],[5.083278333,45.726623611],[5.083373056,45.726613333],[5.083488333,45.726611111],[5.0835375,45.726607222],[5.083580556,45.726598056],[5.083618333,45.726585278],[5.083646944,45.726574167],[5.083676389,45.726555278],[5.083700556,45.726534444],[5.083721667,45.726513611],[5.0837375,45.726487222],[5.083744722,45.7264675],[5.083751111,45.726438889],[5.083757222,45.726407222],[5.083758611,45.726383333]],[[5.083473333,45.72555],[5.083546667,45.725588333],[5.083596667,45.725626667],[5.083618889,45.725653611],[5.083643333,45.725699722],[5.083659444,45.725745556],[5.083669167,45.725803056],[5.083668056,45.725848333],[5.083663889,45.725934167],[5.083645833,45.726128611],[5.0836125,45.726413889],[5.083606944,45.726444167],[5.083593889,45.726470278],[5.0835775,45.726496389],[5.083556944,45.726517222],[5.083539722,45.726528056],[5.083523056,45.726534722],[5.083509722,45.726538889]],[[5.083709444,45.726791389],[5.083700278,45.72675],[5.083686667,45.72672],[5.083669722,45.726695556],[5.083639167,45.726669444],[5.083606667,45.726648333],[5.083572778,45.726631667],[5.083536111,45.72662],[5.083504722,45.726614167],[5.083472222,45.726611667]],[[5.082566667,45.730148333],[5.082714444,45.730158056],[5.082796944,45.730170278],[5.082863611,45.730187222],[5.082937222,45.730213056],[5.083004444,45.730241944],[5.083055556,45.730275278],[5.083088889,45.73032],[5.083112778,45.730363056],[5.083125556,45.730395],[5.083125833,45.730443611],[5.083119722,45.7305125],[5.083027222,45.731280556],[5.082496944,45.735594167],[5.082211667,45.737877778],[5.081970833,45.739909167],[5.0819625,45.740027222],[5.081978611,45.740149167],[5.082006667,45.740285278],[5.0820575,45.740448611],[5.0825625,45.741955],[5.083615278,45.745116389],[5.083875,45.745896667],[5.083937778,45.746029167],[5.084006667,45.746141667],[5.084064444,45.746206667],[5.084129722,45.746261111],[5.084210278,45.746319167],[5.084323333,45.7463825],[5.084426389,45.74643],[5.084533889,45.746469444],[5.084633889,45.746496944],[5.084758333,45.746519167],[5.084896111,45.746535556],[5.085571111,45.746578333]],[[5.082565278,45.73783],[5.082592222,45.737777222],[5.082640278,45.73772],[5.082704722,45.737671111],[5.082773889,45.737636667],[5.082864722,45.7376075],[5.083050278,45.737557222],[5.083343611,45.737480833],[5.083716111,45.737410278],[5.084905278,45.7371825],[5.085144167,45.737139167],[5.0853775,45.737105278],[5.085567222,45.737081944],[5.085730556,45.737066944],[5.085805556,45.737071389],[5.085941944,45.737088056],[5.086095833,45.737116389],[5.086213611,45.73715],[5.086293889,45.737180833],[5.086373333,45.737220278],[5.086452778,45.737263056],[5.086503056,45.737295556],[5.086558889,45.737335278],[5.086605278,45.737374167],[5.086651944,45.737428611],[5.086703889,45.737495278],[5.086720833,45.737534167],[5.0867325,45.737580556],[5.086738333,45.73762],[5.086743889,45.737663889],[5.086746111,45.737694722]],[[5.087648333,45.730220278],[5.087630833,45.730127222],[5.087611667,45.730053056],[5.087578333,45.729987222],[5.087528889,45.729928611],[5.087471944,45.729877778],[5.087407222,45.729828333],[5.087290278,45.729758056],[5.087179444,45.729706667],[5.087030278,45.729653611],[5.086912222,45.729629167],[5.086788611,45.729609444],[5.086545278,45.729584444],[5.086003056,45.729549167],[5.085051944,45.729492778],[5.084884444,45.729486111],[5.084720556,45.729483611],[5.084538056,45.729484722],[5.084385556,45.729494167],[5.084268333,45.7295125],[5.084148611,45.729543611],[5.0840075,45.729592778],[5.083888333,45.729648333],[5.083746667,45.729738889],[5.083653611,45.729826667],[5.083582222,45.729910556],[5.083530833,45.729995556],[5.083485556,45.730085556],[5.0834475,45.730215833],[5.083421389,45.730394167],[5.082806667,45.735399167],[5.082719722,45.736226111],[5.082722778,45.736363333],[5.082736389,45.736492222],[5.082796111,45.736630278],[5.082889444,45.736764722],[5.083015,45.736876667],[5.083129722,45.736950556],[5.083278889,45.737023889],[5.083443611,45.737080556],[5.083645833,45.737120833],[5.083844444,45.7371325],[5.084000556,45.737123333],[5.084196111,45.737097778],[5.084428333,45.737063056],[5.084667778,45.737018889],[5.085391944,45.736882222],[5.085945556,45.736775833],[5.086146667,45.736731111],[5.086335556,45.736683056],[5.086564444,45.736605833],[5.0866375,45.736572222],[5.086720278,45.736518333],[5.086782222,45.73647],[5.086838611,45.736413889],[5.086874722,45.736365278],[5.086915833,45.736306389]],[[5.088371944,45.729703333],[5.089195556,45.729743611],[5.091367778,45.7298725],[5.091511667,45.7298825],[5.091707222,45.7299125],[5.092000556,45.729977778],[5.092057222,45.729997778],[5.092092778,45.730016667],[5.092121389,45.730038889],[5.092145556,45.730067222],[5.092164167,45.730104444],[5.092171667,45.73014],[5.092171667,45.730157222]],[[5.090945556,45.729602778],[5.092001944,45.728541667],[5.092040556,45.728512778],[5.092080556,45.728495278],[5.092120278,45.728485278],[5.092159444,45.728481389],[5.092202222,45.728484444],[5.092239444,45.728492778],[5.092280278,45.728508333],[5.092313889,45.728531944],[5.092334444,45.728554167],[5.092348611,45.728580833],[5.092355833,45.728604444],[5.092358333,45.72863]],[[5.090943056,45.729603333],[5.091033889,45.729628056],[5.091108056,45.729629722],[5.091248056,45.7296275],[5.091465,45.729620278],[5.091697222,45.729608333],[5.0917775,45.729601111],[5.091852778,45.729590556],[5.091928333,45.729574444],[5.092030556,45.72954],[5.0921125,45.729501111],[5.092164444,45.729473333],[5.092213056,45.729440833],[5.092241111,45.729400556],[5.092253611,45.729373611],[5.092265833,45.729343333],[5.092274722,45.729305556],[5.092278333,45.729272778]],[[5.089553611,45.719783611],[5.0904,45.719839167],[5.091768889,45.720004722],[5.091851111,45.720023333],[5.091921111,45.720049444],[5.091996389,45.7200825],[5.092061667,45.720124722],[5.092129167,45.720178889],[5.092173889,45.720228056],[5.092278333,45.720401111],[5.092739444,45.72123],[5.092816944,45.721410278],[5.092923056,45.721693056],[5.093001944,45.721997222],[5.093053889,45.722331389],[5.093069167,45.722660278],[5.093050278,45.722925],[5.092988889,45.723431111],[5.092948333,45.72365],[5.092885833,45.723870833],[5.092815833,45.724080833],[5.092743611,45.724251389],[5.092628333,45.724488889],[5.092493611,45.724725],[5.092350833,45.724932778],[5.092180833,45.725157778],[5.091993889,45.725363056],[5.091755833,45.725630833],[5.091574444,45.725841667],[5.091268611,45.726174167],[5.090783333,45.726667222],[5.090615278,45.726887778],[5.090532778,45.727026667],[5.090448333,45.727215],[5.090404444,45.727368056],[5.090376667,45.727520278],[5.090347222,45.727773333],[5.090219722,45.728818056],[5.090151667,45.729135278],[5.090120278,45.729199444],[5.090076111,45.729269167],[5.090031111,45.7293275],[5.089960278,45.729389722],[5.089881111,45.729441111],[5.089788056,45.729481667],[5.089721389,45.729504167],[5.089644167,45.729517222],[5.089563056,45.729530278],[5.089488889,45.729538611],[5.089402222,45.729545],[5.089346111,45.729546389],[5.089288889,45.729545278],[5.0884025,45.729495]],[[5.092733611,45.725501944],[5.092733056,45.725459167],[5.092719722,45.725427222],[5.0926925,45.725403333],[5.092641111,45.725368056],[5.092585278,45.725350556],[5.092539444,45.725351111],[5.092493056,45.725359444],[5.092445278,45.725375278],[5.092395833,45.725402778],[5.092346667,45.725446667],[5.092254444,45.725539444],[5.091284722,45.726515278],[5.091085278,45.726715556],[5.090986944,45.726825833],[5.090872222,45.726982778],[5.090811111,45.727095833],[5.090758889,45.727199722],[5.090708611,45.727336667],[5.090682778,45.727456667],[5.090659167,45.727588056],[5.090579167,45.728256111],[5.090505278,45.728914444],[5.090504444,45.729089444],[5.090511667,45.729204444],[5.090533056,45.729278333],[5.090567222,45.729345278],[5.090611667,45.7294175],[5.090632222,45.729438889],[5.090653611,45.729453056],[5.090720556,45.729415278],[5.090775556,45.729376944],[5.090836389,45.729323611],[5.090894167,45.72927],[5.090987778,45.729175833],[5.091603611,45.728476389],[5.091818611,45.72822],[5.091980833,45.728014167],[5.092131944,45.727785],[5.092258611,45.72757],[5.092366667,45.727336389],[5.092491944,45.727018333],[5.092561111,45.726777778],[5.092609444,45.726537222],[5.0926275,45.726417778]],[[5.089936944,45.716129444],[5.092216389,45.716266389],[5.092296944,45.716278611],[5.092374444,45.716300278],[5.092459167,45.716328889],[5.092565833,45.716373889],[5.092648889,45.716424167],[5.092745556,45.716504444],[5.092804167,45.716579167],[5.092879444,45.7166875],[5.093359444,45.71741],[5.093388056,45.717434444],[5.093429167,45.717458056],[5.093472778,45.717475556],[5.093524444,45.717481944],[5.093578333,45.717478611],[5.093623611,45.717468611],[5.093664722,45.717450278],[5.093697222,45.717421111],[5.093718889,45.717394722],[5.093725833,45.717379167],[5.093729444,45.717356111]],[[5.093459167,45.719570833],[5.093473889,45.719428889],[5.093480556,45.719273056],[5.093482222,45.719085833],[5.093473611,45.718967222],[5.093455833,45.718803056],[5.093421944,45.718595],[5.093359167,45.718343611],[5.093307222,45.718179167],[5.093248611,45.718019444],[5.093179167,45.717855],[5.0930975,45.717691389],[5.092973611,45.717469167],[5.092669722,45.716936944],[5.0926125,45.716831389],[5.092585556,45.716794722],[5.092556389,45.716765833],[5.092516111,45.716737222],[5.092466389,45.716715833],[5.0924075,45.716696944],[5.092353889,45.716686667],[5.092321389,45.716681944],[5.092275278,45.716681111],[5.092240278,45.716685833],[5.092183333,45.716696667],[5.092134167,45.716711111],[5.092086111,45.716736667],[5.092054167,45.716755278],[5.092022222,45.716780833],[5.092,45.716808889],[5.091973056,45.716857222],[5.091962222,45.7168925],[5.091955556,45.716939722],[5.091946667,45.717003889],[5.091895,45.717492778],[5.091828611,45.718261111],[5.091793056,45.718724444],[5.091797222,45.718801389],[5.091809722,45.718912222],[5.091838611,45.719057778],[5.091888611,45.719207222],[5.091959722,45.7193525],[5.092046667,45.719503889],[5.092154444,45.719663889],[5.092410278,45.7200475],[5.092931944,45.720827778],[5.092953611,45.720856111],[5.092986111,45.7208825],[5.093027778,45.720900278],[5.093075,45.720912222],[5.093120278,45.720915278],[5.093155556,45.7209125],[5.093196111,45.7209025],[5.09323,45.720889167],[5.093259167,45.720872778],[5.093285556,45.720847778],[5.093300278,45.720826111],[5.093306944,45.720812222],[5.093309444,45.720795278]],[[5.084644722,45.720346667],[5.084701944,45.720058889],[5.084761944,45.719891667],[5.084799722,45.719822778],[5.084846389,45.719762222],[5.084901389,45.719711111],[5.084971111,45.719660278],[5.085042778,45.7196275],[5.085109722,45.719605556],[5.085193889,45.719584444],[5.085299167,45.719569167],[5.085426111,45.719565556],[5.085699444,45.719563611],[5.085989444,45.719563611],[5.087781111,45.719671111],[5.088086667,45.719698611],[5.088450833,45.719747778],[5.088549722,45.719768056],[5.088624167,45.719794722],[5.088691944,45.719833056],[5.088750833,45.7198825],[5.088792222,45.719927222],[5.088835278,45.719992778],[5.088861944,45.720059444],[5.088875556,45.720123333],[5.088874722,45.72016],[5.088871389,45.720189722]],[[5.089916667,45.711545278],[5.089903611,45.711421111],[5.089896111,45.711388611],[5.089873333,45.711344444],[5.089839722,45.711305278],[5.089763889,45.711226667],[5.089666944,45.7111475],[5.089521111,45.711048889],[5.089402222,45.710979722],[5.089265278,45.710923333],[5.089101667,45.710885833],[5.088935278,45.710871389],[5.088793056,45.71087],[5.088631389,45.710880556],[5.087283056,45.711129167],[5.086363889,45.711324722],[5.086253611,45.711362222],[5.086136389,45.711421667],[5.086056111,45.711471667],[5.0859775,45.711521944],[5.085901389,45.711585833],[5.085821667,45.711664167],[5.085764722,45.711745833],[5.085720833,45.711822778],[5.085673333,45.711973056],[5.085313889,45.714766667],[5.085356389,45.715479167],[5.085361111,45.7155175],[5.085369444,45.715548333],[5.085391111,45.715599722],[5.085421389,45.715642222],[5.085465833,45.715686111],[5.085524167,45.715730833],[5.085586389,45.715761389],[5.085661667,45.715787222],[5.085736111,45.715805556],[5.085823333,45.715818333],[5.0863475,45.715895833],[5.086596944,45.715932222],[5.087351944,45.715976111],[5.087959167,45.716013333],[5.088540556,45.715998889],[5.089017222,45.715985556],[5.089116111,45.715973333],[5.089190833,45.715953333],[5.089245556,45.71593],[5.089300833,45.715895556],[5.089341111,45.715861944],[5.089368333,45.715831389],[5.089385833,45.715801944],[5.089401667,45.71577]],[[5.0892975,45.716643611],[5.089269722,45.71657],[5.08924,45.716521111],[5.089200833,45.716483056],[5.089145,45.716445278],[5.089094167,45.716421111],[5.089048889,45.716405278],[5.089001944,45.7163925],[5.088938056,45.716381389],[5.088421667,45.716304444],[5.088351944,45.716293889],[5.088315,45.716293611],[5.088051111,45.716298333],[5.0878325,45.716307778],[5.087760833,45.716318056],[5.087707222,45.716329444],[5.087649722,45.716350278],[5.087609167,45.71637],[5.087553333,45.716403056],[5.087510278,45.716435833],[5.087475278,45.716471111],[5.087448056,45.716507778],[5.087426111,45.716553333],[5.087408333,45.7166075],[5.087330833,45.716861944],[5.087236389,45.717171667],[5.087090833,45.718364722],[5.087081667,45.7184325],[5.087118056,45.719061667],[5.087126667,45.719109722],[5.087150556,45.719159722],[5.087191944,45.719214444],[5.087237222,45.719259722],[5.0872925,45.7192975],[5.087386667,45.719340556],[5.087471111,45.719363611],[5.087610556,45.719384444],[5.087840278,45.719418611],[5.088226389,45.719475556],[5.088273611,45.719479167],[5.088332222,45.719479722],[5.088455556,45.719474444],[5.088574722,45.719464722],[5.0886425,45.719453611],[5.088689722,45.719440833],[5.088739444,45.719420556],[5.0887975,45.719387778],[5.088859167,45.71934],[5.088915,45.719287222],[5.088941389,45.719252778],[5.088967778,45.719210556],[5.088987778,45.719165],[5.088998889,45.719125556],[5.089010278,45.719079444],[5.089021389,45.719026111],[5.089036111,45.718925278]],[[5.0895875,45.719566389],[5.091503611,45.7196925],[5.091545,45.719690556],[5.091590556,45.719682222],[5.091637778,45.719665556],[5.091673333,45.719646389],[5.091698611,45.719618889],[5.091707778,45.719590278],[5.091711944,45.719568611],[5.091712222,45.719549167],[5.091706667,45.719525278],[5.091694444,45.719498889],[5.091604167,45.719362222],[5.091561111,45.719287222],[5.091496667,45.719155556],[5.09147,45.719066667],[5.0914475,45.718991944],[5.091431944,45.718892222],[5.091423611,45.718771111],[5.091429722,45.718688889],[5.091438889,45.718590833],[5.091576667,45.717453056],[5.091634722,45.716983333],[5.091636667,45.716937778],[5.091633333,45.716895278],[5.091623889,45.716848889],[5.091603333,45.716799167],[5.091580278,45.716760556],[5.091555,45.716724722],[5.091520556,45.716686667],[5.091475833,45.716645278],[5.091433611,45.716615556],[5.091391944,45.71659],[5.091339722,45.716564167],[5.091281944,45.71654],[5.091216389,45.716520556],[5.091161667,45.716508333],[5.091108611,45.7165],[5.090863056,45.716471111],[5.08991,45.716353889]],[[5.085050833,45.717037222],[5.085243333,45.716427778],[5.085276111,45.716368056],[5.085324167,45.716311389],[5.0853825,45.716266111],[5.085438889,45.716234167],[5.085530833,45.716199167],[5.085635,45.716177778],[5.085770556,45.716170833],[5.086096389,45.716162778],[5.086525278,45.716228056],[5.086621667,45.716253056],[5.086698333,45.716285833],[5.086758611,45.716325833],[5.086803333,45.716368056],[5.086833889,45.716402222],[5.086861111,45.716445278],[5.086875833,45.716485278],[5.086885556,45.716537222],[5.086886389,45.716537222],[5.086889722,45.716583056],[5.086920833,45.717148611],[5.086894167,45.717380833],[5.086769167,45.718410278],[5.086609444,45.718936944],[5.086569444,45.719056944],[5.0865375,45.719111389],[5.086507778,45.7191425],[5.08647,45.719176389],[5.086421944,45.719208056],[5.086363889,45.719238611],[5.086307222,45.719256944],[5.086245833,45.719272222],[5.086181944,45.719281667],[5.086109167,45.719286389],[5.085506389,45.719302222],[5.085361667,45.719281111],[5.085295,45.719268056],[5.085229444,45.719248333],[5.085166944,45.719221111],[5.085104444,45.719191667],[5.085044167,45.719156111],[5.085006944,45.719125],[5.084977778,45.719094167],[5.084934444,45.719033611],[5.084904444,45.7189725],[5.084884444,45.718910556],[5.084873889,45.718839167],[5.084855,45.718653056],[5.084860556,45.718534167],[5.085025,45.717164722],[5.085035,45.717096944],[5.085050833,45.717037222]],[[5.084656111,45.719053889],[5.084646111,45.719010278],[5.0846275,45.718968611],[5.084604722,45.718931944],[5.084586667,45.718906944],[5.084560833,45.718885833],[5.084524722,45.718870278],[5.084479167,45.718863611],[5.0841475,45.718843889],[5.084094722,45.718831667],[5.084056667,45.718815833],[5.084025278,45.718803333],[5.083991667,45.718793056],[5.083952222,45.7187875],[5.083883056,45.718781944],[5.083644722,45.718768056],[5.083546389,45.7187625],[5.083488889,45.718764444],[5.083445833,45.718768056],[5.083391389,45.71878],[5.083343056,45.7187975],[5.083308611,45.718813056],[5.083269444,45.718833333],[5.08324,45.718849167]],[[5.084425278,45.718859167],[5.084472222,45.718858056],[5.084520833,45.718849722],[5.084564722,45.718838056],[5.0845975,45.718823889],[5.084623889,45.7188075],[5.084646667,45.718789722],[5.084663056,45.718769722],[5.084677778,45.718748611],[5.084688611,45.718726667],[5.084699167,45.718698333]],[[5.084501667,45.718151389],[5.0845525,45.718150556],[5.0845875,45.718146111],[5.084615556,45.718141111],[5.08465,45.718131944],[5.084682222,45.7181175],[5.084713056,45.7181],[5.084734444,45.71808],[5.084754167,45.718055833],[5.0847675,45.718031389],[5.084777778,45.718006944],[5.0847875,45.717977222]],[[5.084573611,45.7149875],[5.084636667,45.714551389],[5.084671667,45.714560833],[5.084707222,45.714577222],[5.084739167,45.714604444],[5.084818333,45.714693056],[5.084863611,45.714775556],[5.084887222,45.714823889],[5.084891667,45.714858611],[5.084886111,45.714911389],[5.084879444,45.714955],[5.084573611,45.7149875]],[[5.083050833,45.723087778],[5.082983056,45.723046667],[5.082931667,45.7230025],[5.082918889,45.722944722],[5.0829225,45.722883333],[5.0829575,45.722820278],[5.083002778,45.722764167],[5.0830675,45.722724722],[5.083139722,45.722693056],[5.083229167,45.722678889],[5.083330278,45.72268],[5.083408889,45.722695278],[5.083643056,45.722762222],[5.083813056,45.722828889],[5.083900278,45.722878056],[5.083935278,45.722909167],[5.083963056,45.722953611],[5.0839675,45.722987778],[5.083961111,45.723038056],[5.083935833,45.723085556],[5.083895833,45.723129444],[5.083841111,45.723164722],[5.083759444,45.723179722],[5.083662222,45.723181389],[5.083465278,45.723164167],[5.083250278,45.723129444],[5.083103889,45.723103056],[5.083050833,45.723087778]],[[5.079721111,45.714529444],[5.07976,45.714556944],[5.079794167,45.714584444],[5.079828056,45.714617222],[5.079864444,45.714657222],[5.079888611,45.714696389]],[[5.090562778,45.710962222],[5.092290278,45.711065833],[5.092860278,45.711105],[5.093571667,45.711193056],[5.093909167,45.711236111],[5.094028333,45.711261667],[5.094114722,45.711290556],[5.094201111,45.711334444],[5.094273056,45.71138],[5.094350278,45.711447778],[5.094389444,45.711486111],[5.094405,45.711520833],[5.094415556,45.711552222],[5.094418889,45.711637222]],[[5.094481667,45.710993889],[5.093204444,45.710918889],[5.091761111,45.7108325],[5.0906125,45.710764444]],[[5.084154167,45.718703611],[5.084453333,45.718708611],[5.084504444,45.718305833],[5.084206944,45.718266111],[5.084154167,45.718703611]],[[5.084236667,45.717997222],[5.08454,45.718008611],[5.0845975,45.717548611],[5.084297778,45.717520556],[5.084236667,45.717997222]],[[5.083420278,45.718858889],[5.083576389,45.718764167],[5.08341,45.718676667]],[[5.083522778,45.723429722],[5.083614167,45.723446389],[5.083706389,45.723476667],[5.083786111,45.723519722],[5.083828056,45.723549722],[5.083863611,45.723582222],[5.083898889,45.723618056],[5.083917778,45.7236525],[5.083917222,45.723687222],[5.08387,45.724040833],[5.083831944,45.724141111],[5.083791667,45.724199722],[5.083751389,45.724261111],[5.083686111,45.724322222],[5.08361,45.724379722],[5.083536667,45.724425278],[5.083469444,45.7244625],[5.083378056,45.7245]],[[5.0824975,45.719437778],[5.082534444,45.719463889],[5.082588333,45.719487778],[5.082654722,45.719514167],[5.082710278,45.719527778],[5.082768056,45.719540278],[5.082840278,45.719548056],[5.082908889,45.719552222],[5.0829725,45.719550278],[5.083048056,45.719541111],[5.083254167,45.719500833],[5.083894722,45.719387778],[5.084019444,45.719359167],[5.084095278,45.719336389],[5.084152222,45.719309722],[5.084230833,45.719265556],[5.08429,45.719223611],[5.084373889,45.719149167],[5.084415278,45.719104444],[5.084433056,45.719065],[5.084438889,45.719037222],[5.084423333,45.719021667],[5.084398889,45.719010833],[5.084278056,45.718989444],[5.084186944,45.718976944],[5.084134444,45.718979444],[5.0841125,45.7189875],[5.084080833,45.719003611],[5.084049722,45.719021944]],[[5.084130278,45.722130556],[5.084305278,45.720716667],[5.084332222,45.7203825],[5.084324444,45.7203025],[5.084310833,45.720213889],[5.084284167,45.720121667],[5.084246389,45.720046111],[5.084194722,45.719980556],[5.084125833,45.719916944],[5.084055833,45.719868056],[5.083975278,45.719823333],[5.083863889,45.719788889],[5.083776944,45.719762222],[5.083663056,45.719743333],[5.083544167,45.719736389],[5.083429722,45.719742778],[5.083310833,45.719759444],[5.083208333,45.719784167],[5.083108611,45.719823889],[5.083006944,45.719875278],[5.082941389,45.719917778],[5.082875278,45.719981111],[5.082823056,45.720043056],[5.082782222,45.720115556],[5.082746667,45.720181667],[5.082728333,45.720261111],[5.082735,45.720345833],[5.082760278,45.720419722],[5.082816944,45.720541111],[5.083140556,45.721178611],[5.083219444,45.721346944],[5.083280833,45.721503889],[5.083328889,45.721655],[5.083353333,45.721796667],[5.083361389,45.721888056],[5.083359167,45.721984167],[5.083371389,45.722086389],[5.083388333,45.722175],[5.083416944,45.722261944],[5.083463611,45.722332778],[5.083506389,45.722378889],[5.083563611,45.722401389],[5.083651389,45.722413056],[5.083741389,45.722415833],[5.083822778,45.722408889],[5.083901667,45.722389167],[5.083963333,45.722349444],[5.084031667,45.7222925],[5.0840775,45.722234167],[5.084114167,45.722179722],[5.084130278,45.722130556]],[[5.085876389,45.746274444],[5.085901667,45.746249444],[5.085925,45.746221389],[5.085951111,45.74618]],[[5.086001944,45.746002778],[5.0860325,45.745773333]],[[5.085993333,45.746076111],[5.0859975,45.7460425]],[[5.08781,45.728870278],[5.087739722,45.7290375],[5.087687222,45.729102778],[5.087623056,45.729158333],[5.087524444,45.729222778],[5.0874275,45.729269167],[5.087294167,45.729318889],[5.087175833,45.729348889],[5.087056944,45.729370556],[5.086966111,45.729379444],[5.086790833,45.729382778],[5.086639167,45.729384444],[5.086404444,45.729375556],[5.086055556,45.729354167],[5.085001944,45.729289444],[5.084548056,45.729242778],[5.084429722,45.729219167],[5.084308611,45.729185],[5.084146667,45.729115833],[5.084050556,45.729061111],[5.083963333,45.728998056],[5.083863611,45.7289125],[5.083788056,45.728821389],[5.083735,45.728726389],[5.083698056,45.728631389],[5.083685556,45.728558056],[5.083684167,45.728378333],[5.083696111,45.728099444],[5.083725556,45.727860833],[5.083875833,45.726615556],[5.084035278,45.725333889],[5.084055278,45.725209167],[5.084083056,45.725095278],[5.084114444,45.724991944],[5.084148056,45.724924444],[5.084189444,45.724858889],[5.084230833,45.724798056],[5.084295833,45.724735278],[5.084374444,45.724668056],[5.084482222,45.724595556],[5.084590556,45.724545],[5.084741944,45.724488889],[5.084901389,45.724449444],[5.085112222,45.724401944],[5.08696,45.72405],[5.087126944,45.724024444],[5.087249722,45.724016944],[5.087371667,45.724018889],[5.087516111,45.724031667],[5.087639722,45.724057222],[5.087763889,45.724092778],[5.087890833,45.724138889],[5.087994444,45.724191667],[5.0881075,45.724266111],[5.0881975,45.724339722],[5.088254444,45.724402778],[5.088299722,45.724479722],[5.088320278,45.724561111],[5.088326389,45.7246175],[5.088323889,45.724675]],[[5.085726389,45.745971389],[5.08569,45.746069444],[5.085635833,45.746135278],[5.085523333,45.746208333],[5.085426667,45.746241111],[5.085331111,45.746261389],[5.085203889,45.746276389],[5.085108611,45.746278889],[5.085021667,45.746273056],[5.084883611,45.746257778],[5.084825,45.746243889],[5.0847375,45.746218889],[5.084658889,45.746189722],[5.084591667,45.746157222],[5.084527778,45.746121944],[5.084463611,45.746075278],[5.084393333,45.746018056],[5.084345833,45.745961111],[5.084298333,45.745898611],[5.084161667,45.745625556],[5.083975833,45.745254167],[5.08395,45.745191111],[5.083902778,45.745052778],[5.0836225,45.744213889],[5.083586667,45.743991111],[5.083587778,45.743913611],[5.083602778,45.743860833],[5.083629167,45.7438125],[5.083682778,45.743754444],[5.083756944,45.743705833],[5.083831667,45.743675556],[5.083929444,45.743655],[5.0840575,45.7436475],[5.084455278,45.743637778],[5.0851125,45.743673333],[5.085260833,45.743683333],[5.085738611,45.743752222],[5.085819167,45.743770556],[5.085877778,45.743795833],[5.085919722,45.743826389],[5.085944167,45.743851111],[5.085965278,45.743879444],[5.085976389,45.743900556],[5.085979722,45.743916667]],[[5.086098611,45.742921111],[5.086083056,45.743011111],[5.086063611,45.743061667],[5.086035,45.743106667],[5.085994444,45.743154444],[5.085940556,45.743201389],[5.085858611,45.7432625],[5.085774444,45.743310833],[5.085701111,45.743345278],[5.085628056,45.743373333],[5.085531111,45.743405],[5.085459722,45.743422778],[5.085345278,45.743443611],[5.085227222,45.7434525],[5.085120556,45.743455556],[5.084784444,45.743448889],[5.084681667,45.743447778],[5.0844625,45.743433333],[5.084148889,45.743401111],[5.083939722,45.743375278],[5.083855,45.743354722],[5.083745,45.743324722],[5.083648333,45.743285556],[5.083549722,45.743237778],[5.083471111,45.743189444],[5.083402778,45.743136389],[5.083331667,45.743071111],[5.08327,45.743006389],[5.083226389,45.742936389],[5.083081667,45.742584722],[5.082660278,45.741326389],[5.082523333,45.740920556],[5.082338611,45.740290833],[5.082309722,45.740155833],[5.082295833,45.740049167],[5.082292778,45.739931111],[5.082321389,45.739534722],[5.082368333,45.739111944],[5.082450556,45.738418889],[5.082481944,45.738179722],[5.082566389,45.737825833]],[[5.082576111,45.729986667],[5.082738889,45.729993611],[5.082830278,45.729989167],[5.082925833,45.729974444],[5.083002222,45.729958056],[5.083076389,45.729928056],[5.083128056,45.729892222],[5.083169722,45.729843611],[5.083187778,45.729796111],[5.083216111,45.729531667],[5.083205,45.729494167],[5.083179722,45.729446111],[5.083141389,45.729402222],[5.083105,45.72938],[5.083039444,45.729349722],[5.082934444,45.729320833],[5.082834167,45.729300278],[5.08275,45.72929],[5.082668889,45.729286944]],[[5.082685278,45.729124722],[5.082868889,45.729130833],[5.082971111,45.729121389],[5.083075278,45.729105278],[5.083161667,45.729076111],[5.0832125,45.729048333],[5.083252778,45.729008333],[5.083285,45.7289525],[5.083297778,45.728865278],[5.083320833,45.728672222],[5.083310556,45.728628889],[5.083289444,45.728587222],[5.083258611,45.7285525],[5.083204722,45.728515],[5.083145278,45.7284875],[5.083084722,45.72847],[5.083005833,45.728449444],[5.082924444,45.728435833],[5.082853611,45.728428611],[5.082772778,45.728425278]],[[5.082789444,45.728261389],[5.082885556,45.728266944],[5.083003889,45.728266944],[5.083123889,45.728251667],[5.083227778,45.728228889],[5.083290278,45.728202222],[5.083345,45.72816],[5.083373611,45.728117778],[5.083392222,45.728080833],[5.083397222,45.728041389],[5.083560278,45.726868056],[5.083560278,45.726816111],[5.083555556,45.726778611],[5.083536944,45.7267475],[5.083514444,45.726724444],[5.083491944,45.726706667]],[[5.088472778,45.723268333],[5.088439722,45.723332778],[5.088389167,45.723397222],[5.088322778,45.7234625],[5.088249722,45.723515556],[5.088149444,45.723567222],[5.088028056,45.723608333],[5.087873889,45.723652222],[5.087753611,45.723683611],[5.087578056,45.723725278],[5.086932778,45.723848889],[5.085881944,45.724045833],[5.085298611,45.724157222],[5.085161667,45.724175],[5.084738889,45.724223611],[5.084646667,45.724221667],[5.084582778,45.724211667],[5.084495278,45.724188056],[5.084412222,45.724148611],[5.084340556,45.724095833],[5.084300833,45.724045],[5.084269444,45.723986111],[5.084254444,45.723904444],[5.084244444,45.723641389],[5.084257222,45.723485556],[5.084365278,45.722605556],[5.084433889,45.722015278],[5.0845625,45.720998611],[5.084645556,45.720343333]],[[5.087468611,45.736409444],[5.089260833,45.735662778],[5.090239167,45.735253889],[5.090356389,45.735201389],[5.090877222,45.734938056],[5.091416944,45.734660833],[5.0914775,45.734626389],[5.091558611,45.734564722],[5.091605556,45.73452],[5.091637222,45.734481111],[5.091650278,45.734437222]],[[5.087436389,45.736649444],[5.090596667,45.735337778],[5.091583333,45.734929167]],[[5.088149722,45.729576389],[5.088001389,45.729541667],[5.087925278,45.729513333],[5.087883333,45.7294875],[5.087840833,45.72945],[5.087813889,45.729409444],[5.087791944,45.729363611],[5.087784444,45.7293225],[5.087786667,45.729282222],[5.087798056,45.729241944],[5.087811389,45.729211389],[5.087831389,45.729181389],[5.08785,45.729158333]],[[5.082585278,45.7197675],[5.082532778,45.719768889],[5.082483056,45.7197675],[5.082435,45.719759167],[5.082401111,45.719748056],[5.082361389,45.719732778],[5.082325556,45.719714167],[5.0823025,45.719695833]],[[5.081396389,45.727216389],[5.081365556,45.727210556],[5.081349722,45.727199167],[5.081341111,45.727185],[5.081330833,45.727163333],[5.081321111,45.727136389]],[[5.081296667,45.72717],[5.081318333,45.727135833],[5.081365556,45.7271525]],[[5.081736389,45.727083611],[5.081764722,45.727049167],[5.081815,45.727069722]],[[5.082178333,45.726998611],[5.082211944,45.726963333],[5.082257222,45.726983333]],[[5.0814675,45.726814444],[5.081515833,45.726828056],[5.081545556,45.726799722]],[[5.081943889,45.726723611],[5.081986667,45.726739167],[5.082016667,45.726711667]],[[5.082496667,45.726627222],[5.082543611,45.72664],[5.082566667,45.726616111]],[[5.081431389,45.726756389],[5.081455833,45.726757222],[5.081480278,45.726766389],[5.081494444,45.726776944],[5.081499722,45.726790278],[5.081513333,45.726825833]],[[5.081855833,45.727132222],[5.081830833,45.727129167],[5.081806389,45.727124167],[5.081788611,45.727109722],[5.081778056,45.727088889],[5.081766667,45.727049444]],[[5.082458333,45.7265575],[5.082488333,45.726560833],[5.08251,45.726572222],[5.082519444,45.726587778],[5.082525,45.726599722],[5.082544167,45.72664]],[[5.081896389,45.726668889],[5.081921389,45.7266675],[5.081943611,45.726674167],[5.081962778,45.726681944],[5.081973333,45.726703611],[5.081986389,45.726738889]],[[5.082294444,45.7270475],[5.082266944,45.727044444],[5.082241389,45.727032222],[5.082230278,45.727014444],[5.082223056,45.726995833],[5.082213056,45.726963611]]]}},{"type":"Feature","id":"LFLL-84a9f597b9870501331f","properties":{"airport":"LFLL","name":"LFLL Groundlayout AVISO","layer":"Guidance lines","category":"Blue taxiway guidance lines","object_type":"Line","style_id":"line.taxiwayblue.004080","source_group":"LFLL Groundlayout AVISO","vsmr_group_ids":[],"geometry_role":"linework"},"geometry":{"type":"MultiLineString","coordinates":[[[5.083308889,45.725376111],[5.081434722,45.7250275],[5.081369444,45.725019444],[5.081263333,45.725005278],[5.081095833,45.7250025],[5.080892222,45.725010278],[5.080727778,45.725033889],[5.080599167,45.725058056],[5.078777778,45.725515556],[5.078672222,45.7255375],[5.078591389,45.725548333],[5.078480278,45.725553333],[5.078384444,45.725551111],[5.078311667,45.725544167],[5.078208333,45.725528056],[5.078119444,45.725505],[5.078032222,45.725474444],[5.077951111,45.725440556],[5.077868333,45.725394444],[5.077769722,45.725321389],[5.077698333,45.725252222],[5.0776475,45.725180833],[5.077612778,45.725119722],[5.077586389,45.725055833],[5.077570278,45.7249875],[5.077566389,45.724920278],[5.077511111,45.724175833],[5.077521111,45.724105833],[5.077538889,45.724046111],[5.077565833,45.723978056],[5.077597778,45.72392],[5.077646389,45.723855],[5.077705278,45.723793611],[5.0777675,45.723741111],[5.077851389,45.723683889],[5.077935278,45.723638889],[5.078004444,45.723608333],[5.078087778,45.723577778],[5.078196944,45.723548889],[5.080246389,45.723033056]],[[5.083929167,45.725041667],[5.083893333,45.725114444],[5.083847778,45.72518],[5.083810556,45.72522],[5.083761667,45.725253611],[5.083711944,45.725283889],[5.083648056,45.725315556],[5.083596944,45.725334444],[5.083540556,45.725349167],[5.083441111,45.725365278],[5.083369722,45.725371111],[5.083275556,45.725370278],[5.0833825,45.725388333],[5.083463889,45.725404444],[5.083551667,45.725434167],[5.083619722,45.7254675],[5.083680556,45.725508056],[5.083734167,45.725554167],[5.083780556,45.725606389],[5.083813056,45.725665556],[5.083831667,45.725729722],[5.083838056,45.725789722]]]}},{"type":"Feature","id":"LFLL-b63e1719e09a26ffaf9b","properties":{"airport":"LFLL","name":"LFLL Groundlayout AVISO","layer":"Guidance lines","category":"Orange taxiway guidance lines","object_type":"Line","style_id":"line.taxiwayorange.cc6d00","source_group":"LFLL Groundlayout AVISO","vsmr_group_ids":[],"geometry_role":"linework"},"geometry":{"type":"MultiLineString","coordinates":[[[5.083326667,45.724948333],[5.081504444,45.724613611],[5.081435278,45.724601667],[5.08138,45.724596944],[5.081318056,45.724595556],[5.081258611,45.724598056],[5.081208611,45.724603889],[5.081161111,45.724613889],[5.08099,45.724656667],[5.078641944,45.725248611],[5.078551389,45.725266389],[5.078468889,45.725269444],[5.078378333,45.725264444],[5.0783025,45.72525],[5.0782425,45.725231667],[5.078180833,45.725205833],[5.078121944,45.725171111],[5.078073056,45.725131389],[5.0780325,45.725086944],[5.078010556,45.725055556],[5.077992222,45.72502],[5.077975556,45.724973611],[5.077969722,45.724935833],[5.077916944,45.724225278],[5.077919722,45.724167778],[5.077926944,45.724123889],[5.077943611,45.724079444],[5.077968056,45.724037222],[5.077988333,45.724006389],[5.078022778,45.723970833],[5.078072778,45.7239275],[5.078140278,45.723884444],[5.078223611,45.723847778],[5.078280833,45.723829722],[5.078381389,45.723803889],[5.080166667,45.723352778]],[[5.083981111,45.724611944],[5.083951667,45.724680556],[5.083916389,45.724738889],[5.083870278,45.724788333],[5.0838175,45.724832222],[5.083760833,45.724866944],[5.083701389,45.724895833],[5.083643333,45.724916667],[5.083584167,45.7249325],[5.083513333,45.724945],[5.083435833,45.72495],[5.083376389,45.724950556],[5.083326389,45.724948333],[5.083402222,45.724962222],[5.083469722,45.724976111],[5.083535833,45.724991944],[5.083593333,45.725012222],[5.083651944,45.725039167],[5.083711111,45.725074444],[5.083758056,45.725111944],[5.083804444,45.725154167],[5.083831944,45.725185278],[5.083866944,45.725257222],[5.083881944,45.725312778],[5.083888889,45.725368611]]]}},{"type":"Feature","id":"LFLL-75c69f8d20dbce81160a","properties":{"airport":"LFLL","name":"LFLL Groundlayout AVISO","layer":"Guidance lines","category":"Surface marking lines","object_type":"Line","style_id":"line.surfacemarking","source_group":"LFLL Groundlayout AVISO","vsmr_group_ids":[],"geometry_role":"linework"},"geometry":{"type":"MultiLineString","coordinates":[[[5.0901175,45.712258056],[5.0900825,45.712531111]],[[5.090051389,45.712797778],[5.0900175,45.713075278]],[[5.089985278,45.713344444],[5.089951667,45.713616667]],[[5.089917778,45.713886111],[5.089884444,45.714160556]],[[5.089848889,45.714428333],[5.0898125,45.714701111]],[[5.089773056,45.714971111],[5.089739722,45.715241944]],[[5.089710833,45.715514444],[5.089677222,45.715787778]],[[5.089651667,45.716055833],[5.089624167,45.716331111]],[[5.089598611,45.716599167],[5.089562778,45.716873056]],[[5.089528889,45.717140278],[5.089496944,45.717416667]],[[5.089465556,45.717685556],[5.089434444,45.717959722]],[[5.089401389,45.7182275],[5.089367778,45.718500556]],[[5.089333333,45.718770556],[5.089301111,45.719045278]],[[5.089269722,45.719315278],[5.089235,45.719585278]],[[5.089201667,45.719853611],[5.0891675,45.720129722]],[[5.089136111,45.7204],[5.089101667,45.720672222]],[[5.089069444,45.720941667],[5.089039722,45.721216944]],[[5.088999722,45.721484167],[5.088966944,45.721756944]],[[5.088931944,45.722027222],[5.088895278,45.722301111]],[[5.088799444,45.7231125],[5.088763056,45.723388056]],[[5.088733333,45.723656389],[5.088698889,45.723931944]],[[5.088668333,45.724198056],[5.088636111,45.724473056]],[[5.088601389,45.724740556],[5.088566944,45.725014444]],[[5.088534722,45.725286944],[5.088500833,45.725556667]],[[5.088466944,45.725826111],[5.088433333,45.726099167]],[[5.088404722,45.726371111],[5.088369444,45.726640556]],[[5.088335833,45.726909444],[5.088303333,45.727185]],[[5.088269722,45.727454722],[5.088236389,45.727731111]],[[5.088199444,45.727999167],[5.088173333,45.728269167]],[[5.088144167,45.728539444],[5.088112222,45.728812778]],[[5.088080833,45.729080556],[5.088045833,45.7293575]],[[5.088012778,45.729621667],[5.087982778,45.729900278]],[[5.087946667,45.730167222],[5.087917222,45.730442222]],[[5.087883333,45.730710278],[5.087851389,45.730983889]],[[5.087821667,45.731255556],[5.087786944,45.7315275]],[[5.087756667,45.731791111],[5.087720278,45.732066944]],[[5.087686111,45.732333889],[5.087653611,45.732606944]],[[5.087621111,45.732875833],[5.087586667,45.733152778]],[[5.087554444,45.733423056],[5.087519444,45.733693056]],[[5.087489167,45.733963611],[5.087451667,45.734238056]],[[5.087413889,45.734506944],[5.087381389,45.734780833]],[[5.087351111,45.735048611],[5.087316944,45.735322222]],[[5.087284444,45.735593889],[5.087250556,45.735866389]],[[5.087216389,45.736136944],[5.087185,45.736408333]],[[5.087148611,45.736676944],[5.087117778,45.736953056]],[[5.087084167,45.737223611],[5.087051944,45.737495833]],[[5.087021389,45.737765278],[5.086990278,45.738037778]],[[5.086952778,45.738305278],[5.086918056,45.738578611]],[[5.0868875,45.738850278],[5.0868525,45.739120556]],[[5.086823333,45.739395833],[5.086786111,45.739664722]],[[5.086759722,45.739933889],[5.086723889,45.740208333]],[[5.086690556,45.740478056],[5.086653611,45.740751944]],[[5.086624167,45.741020556],[5.086588056,45.741295278]],[[5.0865575,45.741560556],[5.086526667,45.741835278]],[[5.0864925,45.742107778],[5.086459444,45.742378333]],[[5.086424444,45.742650278],[5.086391389,45.742922222]],[[5.086358889,45.743191667],[5.086325833,45.743462222]],[[5.086291944,45.743734167],[5.086257778,45.7440075]],[[5.0862275,45.744274722],[5.086191389,45.744549722]],[[5.086155833,45.744817222],[5.086125,45.745093611]],[[5.086095,45.745360556],[5.086059444,45.745635833]],[[5.094651389,45.712139167],[5.094613056,45.712413056]],[[5.094583611,45.712676667],[5.094546111,45.712950278]],[[5.094515556,45.713216111],[5.094480278,45.713488889]],[[5.094447778,45.713755],[5.094415833,45.714025556]],[[5.094375278,45.714291667],[5.094345,45.714563889]],[[5.094315278,45.714833889],[5.094282222,45.715097778]],[[5.09424,45.715371667],[5.094207222,45.715641389]],[[5.094176667,45.715908611],[5.094149167,45.716178056]],[[5.094113611,45.716444722],[5.094078611,45.716715278]],[[5.094053889,45.716985278],[5.094023056,45.717250833]],[[5.093985556,45.717526389],[5.093957222,45.717787222]],[[5.093923611,45.718056944],[5.093894167,45.718326389]],[[5.093856667,45.718602778],[5.09383,45.718865556]],[[5.093800278,45.719138889],[5.093765556,45.719403333]],[[5.093736111,45.719674167],[5.0937,45.719941667]],[[5.093668611,45.720210833],[5.093631944,45.720480833]],[[5.093596389,45.720754722],[5.093563333,45.72102]],[[5.093532222,45.721290278],[5.093498333,45.721555556]],[[5.093466944,45.721828056],[5.093429444,45.722101111]],[[5.09341,45.722305556],[5.093408889,45.722311944],[5.093368056,45.722631389]],[[5.093215,45.723868333],[5.093179444,45.724202222]],[[5.09315,45.724410833],[5.093110278,45.724748889]],[[5.093084444,45.724944444],[5.093044722,45.725295]],[[5.093020556,45.725480833],[5.092984167,45.725751389]],[[5.092887778,45.726563333],[5.092855278,45.72683]],[[5.092822222,45.727098889],[5.092820278,45.7271],[5.092792778,45.727368333]],[[5.092758056,45.727636944],[5.092724722,45.727906667]],[[5.092693056,45.728174722],[5.092665278,45.728436111]],[[5.092637222,45.728710556],[5.092604167,45.728977222]],[[5.092571667,45.729249167],[5.092537222,45.729517222]],[[5.092498611,45.729790278],[5.092468611,45.730053889]],[[5.092436389,45.7303275],[5.092403889,45.730594167]],[[5.092375833,45.730861667],[5.092346389,45.731130556]],[[5.092307778,45.731400556],[5.092273333,45.731672778]],[[5.092240278,45.731943889],[5.09224,45.731946667],[5.092236944,45.731953333],[5.092205556,45.732208611]],[[5.092173056,45.732475833],[5.092138611,45.7327425]],[[5.092111111,45.733015],[5.0920775,45.733282222]],[[5.092042778,45.733550556],[5.092011389,45.733818056]]]}},{"type":"Feature","id":"LFLL-4a45a13a7a6160bb896c","properties":{"airport":"LFLL","name":"LFLL Groundlayout AVISO","layer":"Guidance lines","category":"Red taxiway guidance lines","object_type":"Line","style_id":"line.taxiwayred","source_group":"LFLL Groundlayout AVISO","vsmr_group_ids":[],"geometry_role":"linework"},"geometry":{"type":"MultiLineString","coordinates":[[[5.082856389,45.728364167],[5.082860278,45.72833]],[[5.082862222,45.728311111],[5.082865278,45.728283333]],[[5.082850833,45.728410556],[5.082854167,45.728380278]],[[5.082753611,45.729226111],[5.082758333,45.729191111]],[[5.082759722,45.729173611],[5.082763611,45.729146667]],[[5.084515556,45.714290278],[5.084520556,45.714248333]],[[5.084531944,45.714159444],[5.084536667,45.714124444]],[[5.084525278,45.714221944],[5.084530833,45.714181667]],[[5.084539444,45.714098056],[5.084543056,45.714063611]],[[5.084545278,45.714040556],[5.08455,45.714008611]],[[5.085063056,45.714616944],[5.0851175,45.71462]],[[5.085161389,45.714623889],[5.085229167,45.714627778]],[[5.085273056,45.714630833],[5.085323611,45.714633889]],[[5.086406944,45.710633333],[5.086468611,45.71063]],[[5.086506944,45.710628889],[5.086571111,45.710625833]],[[5.086609444,45.710624167],[5.086671389,45.710621667]],[[5.083800833,45.719559722],[5.083805556,45.719519722]],[[5.083798333,45.7195775],[5.083794167,45.719611111]],[[5.083791667,45.719633056],[5.0837875,45.719669444]],[[5.083808056,45.719504167],[5.083813333,45.719466667]],[[5.083816389,45.719447222],[5.083821111,45.719411667]],[[5.083783056,45.719691944],[5.083776111,45.719736111]],[[5.083598889,45.722641667],[5.083606111,45.722580556]],[[5.083608889,45.722546944],[5.083616111,45.722493889]],[[5.083590278,45.722722778],[5.083596944,45.722668889]],[[5.083617778,45.722468889],[5.083623611,45.722423333]],[[5.083520556,45.723333333],[5.083528333,45.723281389]],[[5.083510278,45.723406389],[5.083514444,45.723365]],[[5.083530556,45.723255],[5.083536111,45.723210833]],[[5.084036944,45.723890833],[5.084105,45.723893889]],[[5.084139722,45.723896111],[5.084203056,45.7239]],[[5.08401,45.723889167],[5.083949722,45.723885278]],[[5.083218889,45.730544167],[5.083293889,45.730548333]],[[5.083324722,45.730550278],[5.083380278,45.730553056]],[[5.083185278,45.730541667],[5.083131111,45.730538611]],[[5.082751389,45.7292425],[5.082747222,45.729274167]],[[5.082648333,45.730089167],[5.082651944,45.730055278]],[[5.082654167,45.730038333],[5.0826575,45.7300075]],[[5.082646389,45.730103611],[5.082643056,45.730134722]]]}},{"type":"Feature","id":"LFLL-7e5672e90e8d5d5e23fc","properties":{"airport":"LFLL","name":"LFLL Holding points","layer":"Surface markings","category":"Stopbars","object_type":"Area","style_id":"polygon.stopbar.7e0000","source_group":"LFLL Holding points","vsmr_group_ids":[],"geometry_role":"filled_region"},"geometry":{"type":"Polygon","coordinates":[[[5.084532222,45.7461175],[5.084250833,45.746342778],[5.084229722,45.746328611],[5.084510278,45.746103333],[5.084532222,45.7461175]]]}},{"type":"Feature","id":"LFLL-8b326e4e69c2e462bf0d","properties":{"airport":"LFLL","name":"LFLL Holding points","layer":"Surface markings","category":"Stopbars","object_type":"Area","style_id":"polygon.stopbar.7e0000","source_group":"LFLL Holding points","vsmr_group_ids":[],"geometry_role":"filled_region"},"geometry":{"type":"Polygon","coordinates":[[[5.0851775,45.743451944],[5.085150278,45.743675556],[5.085120556,45.743673889],[5.085146111,45.7434525],[5.0851775,45.743451944]]]}},{"type":"Feature","id":"LFLL-cd1f30d688df8f87bef6","properties":{"airport":"LFLL","name":"LFLL Holding points","layer":"Surface markings","category":"Stopbars","object_type":"Area","style_id":"polygon.stopbar.7e0000","source_group":"LFLL Holding points","vsmr_group_ids":[],"geometry_role":"filled_region"},"geometry":{"type":"Polygon","coordinates":[[[5.085971389,45.736768056],[5.085931667,45.737087222],[5.085901111,45.737082222],[5.085939722,45.736774722],[5.085971389,45.736768056]]]}},{"type":"Feature","id":"LFLL-1ef0467761519ba2b43d","properties":{"airport":"LFLL","name":"LFLL Holding points","layer":"Surface markings","category":"Stopbars","object_type":"Area","style_id":"polygon.stopbar.7e0000","source_group":"LFLL Holding points","vsmr_group_ids":[],"geometry_role":"filled_region"},"geometry":{"type":"Polygon","coordinates":[[[5.086884722,45.729380556],[5.086855278,45.729619444],[5.086825278,45.729614722],[5.086851389,45.729381667],[5.086884722,45.729380556]]]}},{"type":"Feature","id":"LFLL-fbf01d72ee47f4e32350","properties":{"airport":"LFLL","name":"LFLL Holding points","layer":"Surface markings","category":"Stopbars","object_type":"Area","style_id":"polygon.stopbar.7e0000","source_group":"LFLL Holding points","vsmr_group_ids":[],"geometry_role":"filled_region"},"geometry":{"type":"Polygon","coordinates":[[[5.087570278,45.723725833],[5.087535278,45.724036111],[5.087503889,45.724031667],[5.087537222,45.723732222],[5.087570278,45.723725833]]]}},{"type":"Feature","id":"LFLL-badf6e151aac27c58e00","properties":{"airport":"LFLL","name":"LFLL Holding points","layer":"Surface markings","category":"Stopbars","object_type":"Area","style_id":"polygon.stopbar.7e0000","source_group":"LFLL Holding points","vsmr_group_ids":[],"geometry_role":"filled_region"},"geometry":{"type":"Polygon","coordinates":[[[5.088090833,45.719453611],[5.088058611,45.719705556],[5.088028333,45.7197025],[5.088059167,45.719448889],[5.088090833,45.719453611]]]}},{"type":"Feature","id":"LFLL-227d5606196d314b478b","properties":{"airport":"LFLL","name":"LFLL Holding points","layer":"Surface markings","category":"Stopbars","object_type":"Area","style_id":"polygon.stopbar.7e0000","source_group":"LFLL Holding points","vsmr_group_ids":[],"geometry_role":"filled_region"},"geometry":{"type":"Polygon","coordinates":[[[5.088509722,45.7159975],[5.088473611,45.716313056],[5.088443611,45.716308056],[5.088480278,45.715998056],[5.088509722,45.7159975]]]}},{"type":"Feature","id":"LFLL-d5cab475c56e3316c759","properties":{"airport":"LFLL","name":"LFLL Holding points","layer":"Surface markings","category":"Stopbars","object_type":"Area","style_id":"polygon.stopbar.7e0000","source_group":"LFLL Holding points","vsmr_group_ids":[],"geometry_role":"filled_region"},"geometry":{"type":"Polygon","coordinates":[[[5.088841667,45.710662778],[5.088855556,45.710880278],[5.088815,45.71088],[5.088803333,45.710665556],[5.088841667,45.710662778]]]}},{"type":"Feature","id":"LFLL-fc82ff4b56fa9bb84c9a","properties":{"airport":"LFLL","name":"LFLL Holding points","layer":"Surface markings","category":"Stopbars","object_type":"Area","style_id":"polygon.stopbar.7e0000","source_group":"LFLL Holding points","vsmr_group_ids":[],"geometry_role":"filled_region"},"geometry":{"type":"Polygon","coordinates":[[[5.088328611,45.736049722],[5.088476667,45.736223889],[5.088449444,45.736235556],[5.088302778,45.736060278],[5.088328611,45.736049722]]]}},{"type":"Feature","id":"LFLL-23d31907e562abb20bac","properties":{"airport":"LFLL","name":"LFLL Holding points","layer":"Surface markings","category":"Stopbars","object_type":"Area","style_id":"polygon.stopbar.7e0000","source_group":"LFLL Holding points","vsmr_group_ids":[],"geometry_role":"filled_region"},"geometry":{"type":"Polygon","coordinates":[[[5.089188889,45.729539167],[5.089175,45.729741111],[5.089142778,45.729739167],[5.089155833,45.729537222],[5.089188889,45.729539167]]]}},{"type":"Feature","id":"LFLL-72affda10505e7c7d9d6","properties":{"airport":"LFLL","name":"LFLL Holding points","layer":"Surface markings","category":"Stopbars","object_type":"Area","style_id":"polygon.stopbar.7e0000","source_group":"LFLL Holding points","vsmr_group_ids":[],"geometry_role":"filled_region"},"geometry":{"type":"Polygon","coordinates":[[[5.090417222,45.719624722],[5.090390278,45.719837222],[5.090360278,45.719835278],[5.090385833,45.7196225],[5.090417222,45.719624722]]]}},{"type":"Feature","id":"LFLL-a3a7895c84752660f46c","properties":{"airport":"LFLL","name":"LFLL Holding points","layer":"Surface markings","category":"Stopbars","object_type":"Area","style_id":"polygon.stopbar.7e0000","source_group":"LFLL Holding points","vsmr_group_ids":[],"geometry_role":"filled_region"},"geometry":{"type":"Polygon","coordinates":[[[5.090836944,45.716182222],[5.090803889,45.716465833],[5.090774444,45.716462222],[5.090806944,45.71618],[5.090836944,45.716182222]]]}},{"type":"Feature","id":"LFLL-4d73386c959a2cde67b9","properties":{"airport":"LFLL","name":"LFLL Holding points","layer":"Surface markings","category":"Stopbars","object_type":"Area","style_id":"polygon.stopbar.7e0000","source_group":"LFLL Holding points","vsmr_group_ids":[],"geometry_role":"filled_region"},"geometry":{"type":"Polygon","coordinates":[[[5.091459167,45.710813056],[5.091488611,45.710814722],[5.091463889,45.7110175],[5.091435,45.711015833],[5.091459167,45.710813056]]]}},{"type":"Feature","id":"LFLL-6a1b2117af40486b153f","properties":{"airport":"LFLL","name":"LFLL Holding points","layer":"Surface markings","category":"Stopbars","object_type":"Area","style_id":"polygon.stopbar.7e0000","source_group":"LFLL Holding points","vsmr_group_ids":[],"geometry_role":"filled_region"},"geometry":{"type":"Polygon","coordinates":[[[5.090615,45.735099167],[5.090762778,45.735271667],[5.0907375,45.735282222],[5.090592222,45.735109722],[5.090615,45.735099167]]]}},{"type":"Feature","id":"LFLL-9f1c098eeddbab8ed592","properties":{"airport":"LFLL","name":"LFLL Holding points","layer":"Surface markings","category":"Stopbars","object_type":"Area","style_id":"polygon.stopbar.7e0000","source_group":"LFLL Holding points","vsmr_group_ids":[],"geometry_role":"filled_region"},"geometry":{"type":"Polygon","coordinates":[[[5.091358611,45.729658333],[5.0913325,45.729868889],[5.091302222,45.729866944],[5.091327778,45.729658611],[5.091358611,45.729658333]]]}},{"type":"Feature","id":"LFLL-66d6b56127f820e50637","properties":{"airport":"LFLL","name":"LFLL Holding points","layer":"Surface markings","category":"Stopbars","object_type":"Area","style_id":"polygon.stopbar.7e0000","source_group":"LFLL Holding points","vsmr_group_ids":[],"geometry_role":"filled_region"},"geometry":{"type":"Polygon","coordinates":[[[5.091415833,45.726015],[5.091669444,45.726125556],[5.091652222,45.7261425],[5.091401111,45.726031667],[5.091415833,45.726015]]]}},{"type":"Feature","id":"LFLL-bc79a3e0b229ddc2d8ff","properties":{"airport":"LFLL","name":"LFLL Holding points","layer":"Surface markings","category":"Stopbars","object_type":"Area","style_id":"polygon.stopbar.7e0000","source_group":"LFLL Holding points","vsmr_group_ids":[],"geometry_role":"filled_region"},"geometry":{"type":"Polygon","coordinates":[[[5.093642222,45.710942222],[5.093616111,45.711153333],[5.093587778,45.711149722],[5.093611944,45.710941111],[5.093642222,45.710942222]]]}},{"type":"Feature","id":"LFLL-99d3d5e5d55e016c7a47","properties":{"airport":"LFLL","name":"LFLL Holding points","layer":"Operational restrictions","category":"Closure areas","object_type":"Area","style_id":"polygon.closurearea.ff0000","source_group":"LFLL Holding points","vsmr_group_ids":[],"geometry_role":"filled_region"},"geometry":{"type":"Polygon","coordinates":[[[5.091046667,45.729111667],[5.091309722,45.72924],[5.091293056,45.729256944],[5.091031944,45.729128056],[5.091046667,45.729111667]]]}},{"type":"Feature","id":"LFLL-bdc878ae3ec3a89e17c3","properties":{"airport":"LFLL","name":"LFLL Holding points","layer":"Operational restrictions","category":"Closure areas","object_type":"Area","style_id":"polygon.closurearea.ff0000","source_group":"LFLL Holding points","vsmr_group_ids":[],"geometry_role":"filled_region"},"geometry":{"type":"Polygon","coordinates":[[[5.0901625,45.729088333],[5.090504444,45.729106667],[5.090506111,45.72912],[5.0901625,45.729100556],[5.0901625,45.729088333]]]}},{"type":"Feature","id":"LFLL-1a434efa7784261d9a77","properties":{"airport":"LFLL","name":"LFLL Holding points","layer":"Operational restrictions","category":"Closure areas","object_type":"Area","style_id":"polygon.closurearea.ff0000","source_group":"LFLL Holding points","vsmr_group_ids":[],"geometry_role":"filled_region"},"geometry":{"type":"Polygon","coordinates":[[[5.092099167,45.720152778],[5.092414167,45.720049167],[5.0924275,45.7200675],[5.092118611,45.720169444],[5.092099167,45.720152778]]]}},{"type":"Feature","id":"LFLL-0e186a1953b99abaa0ab","properties":{"airport":"LFLL","name":"LFLL Holding points","layer":"Operational restrictions","category":"Closure areas","object_type":"Area","style_id":"polygon.closurearea.ff0000","source_group":"LFLL Holding points","vsmr_group_ids":[],"geometry_role":"filled_region"},"geometry":{"type":"Polygon","coordinates":[[[5.092500833,45.716731389],[5.092842222,45.716618611],[5.092853611,45.716637778],[5.092525,45.716744722],[5.092500833,45.716731389]]]}},{"type":"Feature","id":"LFLL-e976fbe4ef626ef33d95","properties":{"airport":"LFLL","name":"Aviation Generale","layer":"Labels","category":"Gates","object_type":"Label","style_id":"label.gates","source_group":"LFLL Gates","vsmr_group_ids":[],"geometry_role":"text_label","text-field":"Aviation Generale"},"geometry":{"type":"Point","coordinates":[5.080325833,45.727065278]}},{"type":"Feature","id":"LFLL-a40284c3658ca948886e","properties":{"airport":"LFLL","name":"B12","layer":"Labels","category":"Gates","object_type":"Label","style_id":"label.gates","source_group":"LFLL Gates","vsmr_group_ids":[],"geometry_role":"text_label","text-field":"B12"},"geometry":{"type":"Point","coordinates":[5.082638611,45.723636389]}},{"type":"Feature","id":"LFLL-9b07aac3aef8a6e94aae","properties":{"airport":"LFLL","name":"B14","layer":"Labels","category":"Gates","object_type":"Label","style_id":"label.gates","source_group":"LFLL Gates","vsmr_group_ids":[],"geometry_role":"text_label","text-field":"B14"},"geometry":{"type":"Point","coordinates":[5.082170833,45.723561944]}},{"type":"Feature","id":"LFLL-ffc3edfc8c5387641d2f","properties":{"airport":"LFLL","name":"B16","layer":"Labels","category":"Gates","object_type":"Label","style_id":"label.gates","source_group":"LFLL Gates","vsmr_group_ids":[],"geometry_role":"text_label","text-field":"B16"},"geometry":{"type":"Point","coordinates":[5.081717222,45.723515278]}},{"type":"Feature","id":"LFLL-55e1fe755bb644bae414","properties":{"airport":"LFLL","name":"B61","layer":"Labels","category":"Gates","object_type":"Label","style_id":"label.gates","source_group":"LFLL Gates","vsmr_group_ids":[],"geometry_role":"text_label","text-field":"B61"},"geometry":{"type":"Point","coordinates":[5.081419722,45.72299]}},{"type":"Feature","id":"LFLL-9f6227de14382ac42c44","properties":{"airport":"LFLL","name":"B62","layer":"Labels","category":"Gates","object_type":"Label","style_id":"label.gates","source_group":"LFLL Gates","vsmr_group_ids":[],"geometry_role":"text_label","text-field":"B62"},"geometry":{"type":"Point","coordinates":[5.082220833,45.722861111]}},{"type":"Feature","id":"LFLL-e9e7a7003fb71aeda06d","properties":{"airport":"LFLL","name":"B63","layer":"Labels","category":"Gates","object_type":"Label","style_id":"label.gates","source_group":"LFLL Gates","vsmr_group_ids":[],"geometry_role":"text_label","text-field":"B63"},"geometry":{"type":"Point","coordinates":[5.082052778,45.7225]}},{"type":"Feature","id":"LFLL-931f8030d2a968d101f6","properties":{"airport":"LFLL","name":"B71","layer":"Labels","category":"Gates","object_type":"Label","style_id":"label.gates","source_group":"LFLL Gates","vsmr_group_ids":[],"geometry_role":"text_label","text-field":"B71"},"geometry":{"type":"Point","coordinates":[5.082000833,45.722297222]}},{"type":"Feature","id":"LFLL-ce33467dec2c9aaf6518","properties":{"airport":"LFLL","name":"B72","layer":"Labels","category":"Gates","object_type":"Label","style_id":"label.gates","source_group":"LFLL Gates","vsmr_group_ids":[],"geometry_role":"text_label","text-field":"B72"},"geometry":{"type":"Point","coordinates":[5.082597222,45.721863889]}},{"type":"Feature","id":"LFLL-2d906e2a7b42f3bf5f58","properties":{"airport":"LFLL","name":"B73","layer":"Labels","category":"Gates","object_type":"Label","style_id":"label.gates","source_group":"LFLL Gates","vsmr_group_ids":[],"geometry_role":"text_label","text-field":"B73"},"geometry":{"type":"Point","coordinates":[5.082013889,45.721716667]}},{"type":"Feature","id":"LFLL-0c475b08da9e2cab9e1e","properties":{"airport":"LFLL","name":"B81","layer":"Labels","category":"Gates","object_type":"Label","style_id":"label.gates","source_group":"LFLL Gates","vsmr_group_ids":[],"geometry_role":"text_label","text-field":"B81"},"geometry":{"type":"Point","coordinates":[5.082007778,45.721544167]}},{"type":"Feature","id":"LFLL-7e1aabf76e2b7b7a6e28","properties":{"airport":"LFLL","name":"B82","layer":"Labels","category":"Gates","object_type":"Label","style_id":"label.gates","source_group":"LFLL Gates","vsmr_group_ids":[],"geometry_role":"text_label","text-field":"B82"},"geometry":{"type":"Point","coordinates":[5.082322222,45.720961111]}},{"type":"Feature","id":"LFLL-3205a646557115bb2495","properties":{"airport":"LFLL","name":"B83","layer":"Labels","category":"Gates","object_type":"Label","style_id":"label.gates","source_group":"LFLL Gates","vsmr_group_ids":[],"geometry_role":"text_label","text-field":"B83"},"geometry":{"type":"Point","coordinates":[5.081672222,45.720947222]}},{"type":"Feature","id":"LFLL-fa34a0846f7aaaef482a","properties":{"airport":"LFLL","name":"B91","layer":"Labels","category":"Gates","object_type":"Label","style_id":"label.gates","source_group":"LFLL Gates","vsmr_group_ids":[],"geometry_role":"text_label","text-field":"B91"},"geometry":{"type":"Point","coordinates":[5.081568333,45.720772222]}},{"type":"Feature","id":"LFLL-60d1985a006d94fcea73","properties":{"airport":"LFLL","name":"B92","layer":"Labels","category":"Gates","object_type":"Label","style_id":"label.gates","source_group":"LFLL Gates","vsmr_group_ids":[],"geometry_role":"text_label","text-field":"B92"},"geometry":{"type":"Point","coordinates":[5.081436111,45.720538889]}},{"type":"Feature","id":"LFLL-70de917ccc9f976f5a4b","properties":{"airport":"LFLL","name":"B93","layer":"Labels","category":"Gates","object_type":"Label","style_id":"label.gates","source_group":"LFLL Gates","vsmr_group_ids":[],"geometry_role":"text_label","text-field":"B93"},"geometry":{"type":"Point","coordinates":[5.080986111,45.720275]}},{"type":"Feature","id":"LFLL-baad812a9a553e3786b7","properties":{"airport":"LFLL","name":"C19","layer":"Labels","category":"Gates","object_type":"Label","style_id":"label.gates","source_group":"LFLL Gates","vsmr_group_ids":[],"geometry_role":"text_label","text-field":"C19"},"geometry":{"type":"Point","coordinates":[5.081105556,45.720025]}},{"type":"Feature","id":"LFLL-628980f02e746d521c7a","properties":{"airport":"LFLL","name":"C21","layer":"Labels","category":"Gates","object_type":"Label","style_id":"label.gates","source_group":"LFLL Gates","vsmr_group_ids":[],"geometry_role":"text_label","text-field":"C21"},"geometry":{"type":"Point","coordinates":[5.080375833,45.719824444]}},{"type":"Feature","id":"LFLL-53caea67ffe06ee8d789","properties":{"airport":"LFLL","name":"C22","layer":"Labels","category":"Gates","object_type":"Label","style_id":"label.gates","source_group":"LFLL Gates","vsmr_group_ids":[],"geometry_role":"text_label","text-field":"C22"},"geometry":{"type":"Point","coordinates":[5.081113889,45.719563889]}},{"type":"Feature","id":"LFLL-9045ffd7b20f149c0761","properties":{"airport":"LFLL","name":"C23","layer":"Labels","category":"Gates","object_type":"Label","style_id":"label.gates","source_group":"LFLL Gates","vsmr_group_ids":[],"geometry_role":"text_label","text-field":"C23"},"geometry":{"type":"Point","coordinates":[5.080808333,45.719333333]}},{"type":"Feature","id":"LFLL-8a99ef3da5c9d35076d0","properties":{"airport":"LFLL","name":"C41","layer":"Labels","category":"Gates","object_type":"Label","style_id":"label.gates","source_group":"LFLL Gates","vsmr_group_ids":[],"geometry_role":"text_label","text-field":"C41"},"geometry":{"type":"Point","coordinates":[5.080801111,45.719098056]}},{"type":"Feature","id":"LFLL-f9bfeb59231918d38fb5","properties":{"airport":"LFLL","name":"C42","layer":"Labels","category":"Gates","object_type":"Label","style_id":"label.gates","source_group":"LFLL Gates","vsmr_group_ids":[],"geometry_role":"text_label","text-field":"C42"},"geometry":{"type":"Point","coordinates":[5.081216667,45.718747222]}},{"type":"Feature","id":"LFLL-87d3f19cba982e0bee33","properties":{"airport":"LFLL","name":"C43","layer":"Labels","category":"Gates","object_type":"Label","style_id":"label.gates","source_group":"LFLL Gates","vsmr_group_ids":[],"geometry_role":"text_label","text-field":"C43"},"geometry":{"type":"Point","coordinates":[5.080625,45.718611111]}},{"type":"Feature","id":"LFLL-84bbbca15cddbc665291","properties":{"airport":"LFLL","name":"C61","layer":"Labels","category":"Gates","object_type":"Label","style_id":"label.gates","source_group":"LFLL Gates","vsmr_group_ids":[],"geometry_role":"text_label","text-field":"C61"},"geometry":{"type":"Point","coordinates":[5.080597222,45.718383056]}},{"type":"Feature","id":"LFLL-6e5181bbbe9cce0c7219","properties":{"airport":"LFLL","name":"C62","layer":"Labels","category":"Gates","object_type":"Label","style_id":"label.gates","source_group":"LFLL Gates","vsmr_group_ids":[],"geometry_role":"text_label","text-field":"C62"},"geometry":{"type":"Point","coordinates":[5.080775,45.718030556]}},{"type":"Feature","id":"LFLL-2b4a5898e6c3cc40aa06","properties":{"airport":"LFLL","name":"C63","layer":"Labels","category":"Gates","object_type":"Label","style_id":"label.gates","source_group":"LFLL Gates","vsmr_group_ids":[],"geometry_role":"text_label","text-field":"C63"},"geometry":{"type":"Point","coordinates":[5.080437778,45.718046111]}},{"type":"Feature","id":"LFLL-30601a7decb0b6d54945","properties":{"airport":"LFLL","name":"C81","layer":"Labels","category":"Gates","object_type":"Label","style_id":"label.gates","source_group":"LFLL Gates","vsmr_group_ids":[],"geometry_role":"text_label","text-field":"C81"},"geometry":{"type":"Point","coordinates":[5.079321389,45.717656667]}},{"type":"Feature","id":"LFLL-39906bb8148c60b55079","properties":{"airport":"LFLL","name":"C82","layer":"Labels","category":"Gates","object_type":"Label","style_id":"label.gates","source_group":"LFLL Gates","vsmr_group_ids":[],"geometry_role":"text_label","text-field":"C82"},"geometry":{"type":"Point","coordinates":[5.07995,45.71735]}},{"type":"Feature","id":"LFLL-c4302913117d9364ef2f","properties":{"airport":"LFLL","name":"C83","layer":"Labels","category":"Gates","object_type":"Label","style_id":"label.gates","source_group":"LFLL Gates","vsmr_group_ids":[],"geometry_role":"text_label","text-field":"C83"},"geometry":{"type":"Point","coordinates":[5.079542778,45.717058056]}},{"type":"Feature","id":"LFLL-ed49eec08fc219e2b0b0","properties":{"airport":"LFLL","name":"CARGO","layer":"Labels","category":"Gates","object_type":"Label","style_id":"label.gates","source_group":"LFLL Gates","vsmr_group_ids":[],"geometry_role":"text_label","text-field":"CARGO"},"geometry":{"type":"Point","coordinates":[5.077780833,45.713594722]}},{"type":"Feature","id":"LFLL-3260352514a01d3f9ba9","properties":{"airport":"LFLL","name":"D21","layer":"Labels","category":"Gates","object_type":"Label","style_id":"label.gates","source_group":"LFLL Gates","vsmr_group_ids":[],"geometry_role":"text_label","text-field":"D21"},"geometry":{"type":"Point","coordinates":[5.079250556,45.716366389]}},{"type":"Feature","id":"LFLL-cf35e1d108a4046622f3","properties":{"airport":"LFLL","name":"D22","layer":"Labels","category":"Gates","object_type":"Label","style_id":"label.gates","source_group":"LFLL Gates","vsmr_group_ids":[],"geometry_role":"text_label","text-field":"D22"},"geometry":{"type":"Point","coordinates":[5.079525,45.716022222]}},{"type":"Feature","id":"LFLL-cfcea31250ccf624c08b","properties":{"airport":"LFLL","name":"D23","layer":"Labels","category":"Gates","object_type":"Label","style_id":"label.gates","source_group":"LFLL Gates","vsmr_group_ids":[],"geometry_role":"text_label","text-field":"D23"},"geometry":{"type":"Point","coordinates":[5.079232778,45.715924722]}},{"type":"Feature","id":"LFLL-bdaf5ad8e85c5db195d6","properties":{"airport":"LFLL","name":"D41","layer":"Labels","category":"Gates","object_type":"Label","style_id":"label.gates","source_group":"LFLL Gates","vsmr_group_ids":[],"geometry_role":"text_label","text-field":"D41"},"geometry":{"type":"Point","coordinates":[5.079082222,45.7154425]}},{"type":"Feature","id":"LFLL-a800810c8546452e67ab","properties":{"airport":"LFLL","name":"D42","layer":"Labels","category":"Gates","object_type":"Label","style_id":"label.gates","source_group":"LFLL Gates","vsmr_group_ids":[],"geometry_role":"text_label","text-field":"D42"},"geometry":{"type":"Point","coordinates":[5.078966667,45.714941667]}},{"type":"Feature","id":"LFLL-44889710aaeeac045aee","properties":{"airport":"LFLL","name":"D43","layer":"Labels","category":"Gates","object_type":"Label","style_id":"label.gates","source_group":"LFLL Gates","vsmr_group_ids":[],"geometry_role":"text_label","text-field":"D43"},"geometry":{"type":"Point","coordinates":[5.078532778,45.715221667]}},{"type":"Feature","id":"LFLL-fb0708b768f943e3c868","properties":{"airport":"LFLL","name":"D61","layer":"Labels","category":"Gates","object_type":"Label","style_id":"label.gates","source_group":"LFLL Gates","vsmr_group_ids":[],"geometry_role":"text_label","text-field":"D61"},"geometry":{"type":"Point","coordinates":[5.077948056,45.715634167]}},{"type":"Feature","id":"LFLL-f9f09d6387bbb8c3b768","properties":{"airport":"LFLL","name":"D63","layer":"Labels","category":"Gates","object_type":"Label","style_id":"label.gates","source_group":"LFLL Gates","vsmr_group_ids":[],"geometry_role":"text_label","text-field":"D63"},"geometry":{"type":"Point","coordinates":[5.0774075,45.715459722]}},{"type":"Feature","id":"LFLL-73491a04366075e0fc25","properties":{"airport":"LFLL","name":"E11","layer":"Labels","category":"Gates","object_type":"Label","style_id":"label.gates","source_group":"LFLL Gates","vsmr_group_ids":[],"geometry_role":"text_label","text-field":"E11"},"geometry":{"type":"Point","coordinates":[5.0830425,45.719010833]}},{"type":"Feature","id":"LFLL-a5dca65e623b9e34be7c","properties":{"airport":"LFLL","name":"E13","layer":"Labels","category":"Gates","object_type":"Label","style_id":"label.gates","source_group":"LFLL Gates","vsmr_group_ids":[],"geometry_role":"text_label","text-field":"E13"},"geometry":{"type":"Point","coordinates":[5.082874167,45.718551667]}},{"type":"Feature","id":"LFLL-452ddecc3bdfb9f1d205","properties":{"airport":"LFLL","name":"E15","layer":"Labels","category":"Gates","object_type":"Label","style_id":"label.gates","source_group":"LFLL Gates","vsmr_group_ids":[],"geometry_role":"text_label","text-field":"E15"},"geometry":{"type":"Point","coordinates":[5.082590833,45.718104167]}},{"type":"Feature","id":"LFLL-1358a030b52f6942ecc7","properties":{"airport":"LFLL","name":"E17","layer":"Labels","category":"Gates","object_type":"Label","style_id":"label.gates","source_group":"LFLL Gates","vsmr_group_ids":[],"geometry_role":"text_label","text-field":"E17"},"geometry":{"type":"Point","coordinates":[5.082466667,45.7176275]}},{"type":"Feature","id":"LFLL-e419205a86c04fabb62b","properties":{"airport":"LFLL","name":"G11","layer":"Labels","category":"Gates","object_type":"Label","style_id":"label.gates","source_group":"LFLL Gates","vsmr_group_ids":[],"geometry_role":"text_label","text-field":"G11"},"geometry":{"type":"Point","coordinates":[5.0825125,45.727011944]}},{"type":"Feature","id":"LFLL-6518b4b3adfcfbe0897e","properties":{"airport":"LFLL","name":"G12","layer":"Labels","category":"Gates","object_type":"Label","style_id":"label.gates","source_group":"LFLL Gates","vsmr_group_ids":[],"geometry_role":"text_label","text-field":"G12"},"geometry":{"type":"Point","coordinates":[5.082280278,45.726572222]}},{"type":"Feature","id":"LFLL-37b6696bd7a8d3818902","properties":{"airport":"LFLL","name":"G13","layer":"Labels","category":"Gates","object_type":"Label","style_id":"label.gates","source_group":"LFLL Gates","vsmr_group_ids":[],"geometry_role":"text_label","text-field":"G13"},"geometry":{"type":"Point","coordinates":[5.082039167,45.727103611]}},{"type":"Feature","id":"LFLL-9da155946bb7fc5fcb83","properties":{"airport":"LFLL","name":"G14","layer":"Labels","category":"Gates","object_type":"Label","style_id":"label.gates","source_group":"LFLL Gates","vsmr_group_ids":[],"geometry_role":"text_label","text-field":"G14"},"geometry":{"type":"Point","coordinates":[5.081772222,45.726690278]}},{"type":"Feature","id":"LFLL-73154060615e74cb1c42","properties":{"airport":"LFLL","name":"G15","layer":"Labels","category":"Gates","object_type":"Label","style_id":"label.gates","source_group":"LFLL Gates","vsmr_group_ids":[],"geometry_role":"text_label","text-field":"G15"},"geometry":{"type":"Point","coordinates":[5.081595,45.727185278]}},{"type":"Feature","id":"LFLL-e668a69850e8909a1fa5","properties":{"airport":"LFLL","name":"G16","layer":"Labels","category":"Gates","object_type":"Label","style_id":"label.gates","source_group":"LFLL Gates","vsmr_group_ids":[],"geometry_role":"text_label","text-field":"G16"},"geometry":{"type":"Point","coordinates":[5.081296111,45.726781667]}},{"type":"Feature","id":"LFLL-7243559b73bfb9aeebcd","properties":{"airport":"LFLL","name":"J11","layer":"Labels","category":"Gates","object_type":"Label","style_id":"label.gates","source_group":"LFLL Gates","vsmr_group_ids":[],"geometry_role":"text_label","text-field":"J11"},"geometry":{"type":"Point","coordinates":[5.0824675,45.713614722]}},{"type":"Feature","id":"LFLL-4313c456209f39063c81","properties":{"airport":"LFLL","name":"J13","layer":"Labels","category":"Gates","object_type":"Label","style_id":"label.gates","source_group":"LFLL Gates","vsmr_group_ids":[],"geometry_role":"text_label","text-field":"J13"},"geometry":{"type":"Point","coordinates":[5.081928611,45.713722778]}},{"type":"Feature","id":"LFLL-8bc3f2b64a15df0f8dbd","properties":{"airport":"LFLL","name":"J14","layer":"Labels","category":"Gates","object_type":"Label","style_id":"label.gates","source_group":"LFLL Gates","vsmr_group_ids":[],"geometry_role":"text_label","text-field":"J14"},"geometry":{"type":"Point","coordinates":[5.081738889,45.713627778]}},{"type":"Feature","id":"LFLL-3f239cc6ddb088f4932a","properties":{"airport":"LFLL","name":"J15","layer":"Labels","category":"Gates","object_type":"Label","style_id":"label.gates","source_group":"LFLL Gates","vsmr_group_ids":[],"geometry_role":"text_label","text-field":"J15"},"geometry":{"type":"Point","coordinates":[5.08139,45.713826944]}},{"type":"Feature","id":"LFLL-faae4a052f8e91669f97","properties":{"airport":"LFLL","name":"J19","layer":"Labels","category":"Gates","object_type":"Label","style_id":"label.gates","source_group":"LFLL Gates","vsmr_group_ids":[],"geometry_role":"text_label","text-field":"J19"},"geometry":{"type":"Point","coordinates":[5.080686944,45.7138825]}},{"type":"Feature","id":"LFLL-812e98a3d9754ef01960","properties":{"airport":"LFLL","name":"J31","layer":"Labels","category":"Gates","object_type":"Label","style_id":"label.gates","source_group":"LFLL Gates","vsmr_group_ids":[],"geometry_role":"text_label","text-field":"J31"},"geometry":{"type":"Point","coordinates":[5.083868611,45.714846944]}},{"type":"Feature","id":"LFLL-467df959764f5a3c81b8","properties":{"airport":"LFLL","name":"J33","layer":"Labels","category":"Gates","object_type":"Label","style_id":"label.gates","source_group":"LFLL Gates","vsmr_group_ids":[],"geometry_role":"text_label","text-field":"J33"},"geometry":{"type":"Point","coordinates":[5.083266111,45.7148375]}},{"type":"Feature","id":"LFLL-0c775d787e32a131247b","properties":{"airport":"LFLL","name":"J35","layer":"Labels","category":"Gates","object_type":"Label","style_id":"label.gates","source_group":"LFLL Gates","vsmr_group_ids":[],"geometry_role":"text_label","text-field":"J35"},"geometry":{"type":"Point","coordinates":[5.082713333,45.714935278]}},{"type":"Feature","id":"LFLL-dc0d3392661ac2c8cd84","properties":{"airport":"LFLL","name":"J37","layer":"Labels","category":"Gates","object_type":"Label","style_id":"label.gates","source_group":"LFLL Gates","vsmr_group_ids":[],"geometry_role":"text_label","text-field":"J37"},"geometry":{"type":"Point","coordinates":[5.082146389,45.715042222]}},{"type":"Feature","id":"LFLL-766f8ac958a4a969b329","properties":{"airport":"LFLL","name":"J39","layer":"Labels","category":"Gates","object_type":"Label","style_id":"label.gates","source_group":"LFLL Gates","vsmr_group_ids":[],"geometry_role":"text_label","text-field":"J39"},"geometry":{"type":"Point","coordinates":[5.081586389,45.715149167]}},{"type":"Feature","id":"LFLL-c163aff434ec0ad6a9dc","properties":{"airport":"LFLL","name":"J41","layer":"Labels","category":"Gates","object_type":"Label","style_id":"label.gates","source_group":"LFLL Gates","vsmr_group_ids":[],"geometry_role":"text_label","text-field":"J41"},"geometry":{"type":"Point","coordinates":[5.081012222,45.715256111]}},{"type":"Feature","id":"LFLL-b4a71bdca6bead4d290f","properties":{"airport":"LFLL","name":"K52","layer":"Labels","category":"Gates","object_type":"Label","style_id":"label.gates","source_group":"LFLL Gates","vsmr_group_ids":[],"geometry_role":"text_label","text-field":"K52"},"geometry":{"type":"Point","coordinates":[5.083653889,45.717517222]}},{"type":"Feature","id":"LFLL-80fbc908dc21498fd42e","properties":{"airport":"LFLL","name":"L11","layer":"Labels","category":"Gates","object_type":"Label","style_id":"label.gates","source_group":"LFLL Gates","vsmr_group_ids":[],"geometry_role":"text_label","text-field":"L11"},"geometry":{"type":"Point","coordinates":[5.083634722,45.715739444]}},{"type":"Feature","id":"LFLL-ede1126bc56aaa477a62","properties":{"airport":"LFLL","name":"L13","layer":"Labels","category":"Gates","object_type":"Label","style_id":"label.gates","source_group":"LFLL Gates","vsmr_group_ids":[],"geometry_role":"text_label","text-field":"L13"},"geometry":{"type":"Point","coordinates":[5.083067778,45.715851111]}},{"type":"Feature","id":"LFLL-76fa8a9ca749ef46d045","properties":{"airport":"LFLL","name":"L15","layer":"Labels","category":"Gates","object_type":"Label","style_id":"label.gates","source_group":"LFLL Gates","vsmr_group_ids":[],"geometry_role":"text_label","text-field":"L15"},"geometry":{"type":"Point","coordinates":[5.082500833,45.715962778]}},{"type":"Feature","id":"LFLL-3ad9b1d6e1f892126fd6","properties":{"airport":"LFLL","name":"L17","layer":"Labels","category":"Gates","object_type":"Label","style_id":"label.gates","source_group":"LFLL Gates","vsmr_group_ids":[],"geometry_role":"text_label","text-field":"L17"},"geometry":{"type":"Point","coordinates":[5.081940833,45.716069722]}},{"type":"Feature","id":"LFLL-b8e0ac430e8b98ed71ff","properties":{"airport":"LFLL","name":"L19","layer":"Labels","category":"Gates","object_type":"Label","style_id":"label.gates","source_group":"LFLL Gates","vsmr_group_ids":[],"geometry_role":"text_label","text-field":"L19"},"geometry":{"type":"Point","coordinates":[5.081373611,45.716195278]}},{"type":"Feature","id":"LFLL-e6b3f3e0ea7e2bde9156","properties":{"airport":"LFLL","name":"M11","layer":"Labels","category":"Gates","object_type":"Label","style_id":"label.gates","source_group":"LFLL Gates","vsmr_group_ids":[],"geometry_role":"text_label","text-field":"M11"},"geometry":{"type":"Point","coordinates":[5.085318611,45.710560833]}},{"type":"Feature","id":"LFLL-d6ec964bb9aa05fa82a5","properties":{"airport":"LFLL","name":"M12","layer":"Labels","category":"Gates","object_type":"Label","style_id":"label.gates","source_group":"LFLL Gates","vsmr_group_ids":[],"geometry_role":"text_label","text-field":"M12"},"geometry":{"type":"Point","coordinates":[5.085391667,45.7101]}},{"type":"Feature","id":"LFLL-73c8f0944ebad91038cb","properties":{"airport":"LFLL","name":"M13","layer":"Labels","category":"Gates","object_type":"Label","style_id":"label.gates","source_group":"LFLL Gates","vsmr_group_ids":[],"geometry_role":"text_label","text-field":"M13"},"geometry":{"type":"Point","coordinates":[5.085285278,45.709885278]}},{"type":"Feature","id":"LFLL-b9eab50873939c00c11e","properties":{"airport":"LFLL","name":"M21","layer":"Labels","category":"Gates","object_type":"Label","style_id":"label.gates","source_group":"LFLL Gates","vsmr_group_ids":[],"geometry_role":"text_label","text-field":"M21"},"geometry":{"type":"Point","coordinates":[5.085196667,45.709020833]}},{"type":"Feature","id":"LFLL-2028cc7e7c3e49f880f4","properties":{"airport":"LFLL","name":"M22","layer":"Labels","category":"Gates","object_type":"Label","style_id":"label.gates","source_group":"LFLL Gates","vsmr_group_ids":[],"geometry_role":"text_label","text-field":"M22"},"geometry":{"type":"Point","coordinates":[5.085458333,45.708633333]}},{"type":"Feature","id":"LFLL-8abf382f28cc2a1aee27","properties":{"airport":"LFLL","name":"M23","layer":"Labels","category":"Gates","object_type":"Label","style_id":"label.gates","source_group":"LFLL Gates","vsmr_group_ids":[],"geometry_role":"text_label","text-field":"M23"},"geometry":{"type":"Point","coordinates":[5.085130278,45.708483056]}},{"type":"Feature","id":"LFLL-b459f5ad087470b24fe3","properties":{"airport":"LFLL","name":"M31","layer":"Labels","category":"Gates","object_type":"Label","style_id":"label.gates","source_group":"LFLL Gates","vsmr_group_ids":[],"geometry_role":"text_label","text-field":"M31"},"geometry":{"type":"Point","coordinates":[5.085075,45.707931111]}},{"type":"Feature","id":"LFLL-e266323d3b273ace6eaa","properties":{"airport":"LFLL","name":"M32","layer":"Labels","category":"Gates","object_type":"Label","style_id":"label.gates","source_group":"LFLL Gates","vsmr_group_ids":[],"geometry_role":"text_label","text-field":"M32"},"geometry":{"type":"Point","coordinates":[5.085302778,45.707547222]}},{"type":"Feature","id":"LFLL-92ae0f82868815ba7de7","properties":{"airport":"LFLL","name":"M33","layer":"Labels","category":"Gates","object_type":"Label","style_id":"label.gates","source_group":"LFLL Gates","vsmr_group_ids":[],"geometry_role":"text_label","text-field":"M33"},"geometry":{"type":"Point","coordinates":[5.085019444,45.70735]}},{"type":"Feature","id":"LFLL-ca20f4f9babccf55b014","properties":{"airport":"LFLL","name":"M41","layer":"Labels","category":"Gates","object_type":"Label","style_id":"label.gates","source_group":"LFLL Gates","vsmr_group_ids":[],"geometry_role":"text_label","text-field":"M41"},"geometry":{"type":"Point","coordinates":[5.084975278,45.706746944]}},{"type":"Feature","id":"LFLL-15c4e8dce31f888e202c","properties":{"airport":"LFLL","name":"M42","layer":"Labels","category":"Gates","object_type":"Label","style_id":"label.gates","source_group":"LFLL Gates","vsmr_group_ids":[],"geometry_role":"text_label","text-field":"M42"},"geometry":{"type":"Point","coordinates":[5.085319444,45.706327778]}},{"type":"Feature","id":"LFLL-0598d5e3f4f665837c0e","properties":{"airport":"LFLL","name":"M43","layer":"Labels","category":"Gates","object_type":"Label","style_id":"label.gates","source_group":"LFLL Gates","vsmr_group_ids":[],"geometry_role":"text_label","text-field":"M43"},"geometry":{"type":"Point","coordinates":[5.084930833,45.706129444]}},{"type":"Feature","id":"LFLL-257a9dbb84719faeef7d","properties":{"airport":"LFLL","name":"N11","layer":"Labels","category":"Gates","object_type":"Label","style_id":"label.gates","source_group":"LFLL Gates","vsmr_group_ids":[],"geometry_role":"text_label","text-field":"N11"},"geometry":{"type":"Point","coordinates":[5.082421944,45.729408611]}},{"type":"Feature","id":"LFLL-bffe5e37c07c69cd98c3","properties":{"airport":"LFLL","name":"N12","layer":"Labels","category":"Gates","object_type":"Label","style_id":"label.gates","source_group":"LFLL Gates","vsmr_group_ids":[],"geometry_role":"text_label","text-field":"N12"},"geometry":{"type":"Point","coordinates":[5.081928333,45.729368333]}},{"type":"Feature","id":"LFLL-1c5679a973196416ec24","properties":{"airport":"LFLL","name":"N13","layer":"Labels","category":"Gates","object_type":"Label","style_id":"label.gates","source_group":"LFLL Gates","vsmr_group_ids":[],"geometry_role":"text_label","text-field":"N13"},"geometry":{"type":"Point","coordinates":[5.0814675,45.729344444]}},{"type":"Feature","id":"LFLL-552e5f33a74119bc4c14","properties":{"airport":"LFLL","name":"N14","layer":"Labels","category":"Gates","object_type":"Label","style_id":"label.gates","source_group":"LFLL Gates","vsmr_group_ids":[],"geometry_role":"text_label","text-field":"N14"},"geometry":{"type":"Point","coordinates":[5.080973889,45.729308611]}},{"type":"Feature","id":"LFLL-7b2127ca56304ea8fdcc","properties":{"airport":"LFLL","name":"N21","layer":"Labels","category":"Gates","object_type":"Label","style_id":"label.gates","source_group":"LFLL Gates","vsmr_group_ids":[],"geometry_role":"text_label","text-field":"N21"},"geometry":{"type":"Point","coordinates":[5.082167778,45.72983]}},{"type":"Feature","id":"LFLL-63e6d83aae87ad53ba05","properties":{"airport":"LFLL","name":"N22","layer":"Labels","category":"Gates","object_type":"Label","style_id":"label.gates","source_group":"LFLL Gates","vsmr_group_ids":[],"geometry_role":"text_label","text-field":"N22"},"geometry":{"type":"Point","coordinates":[5.081703333,45.729744444]}},{"type":"Feature","id":"LFLL-7229631b71e0f6936302","properties":{"airport":"LFLL","name":"N23","layer":"Labels","category":"Gates","object_type":"Label","style_id":"label.gates","source_group":"LFLL Gates","vsmr_group_ids":[],"geometry_role":"text_label","text-field":"N23"},"geometry":{"type":"Point","coordinates":[5.081209722,45.729715833]}},{"type":"Feature","id":"LFLL-5d01424c6abd8b039e47","properties":{"airport":"LFLL","name":"N24","layer":"Labels","category":"Gates","object_type":"Label","style_id":"label.gates","source_group":"LFLL Gates","vsmr_group_ids":[],"geometry_role":"text_label","text-field":"N24"},"geometry":{"type":"Point","coordinates":[5.0807525,45.729694444]}},{"type":"Feature","id":"LFLL-1f30b2eb738196d1dd5f","properties":{"airport":"LFLL","name":"N31","layer":"Labels","category":"Gates","object_type":"Label","style_id":"label.gates","source_group":"LFLL Gates","vsmr_group_ids":[],"geometry_role":"text_label","text-field":"N31"},"geometry":{"type":"Point","coordinates":[5.082501667,45.728535]}},{"type":"Feature","id":"LFLL-177b7907f53a298ce2fe","properties":{"airport":"LFLL","name":"N32","layer":"Labels","category":"Gates","object_type":"Label","style_id":"label.gates","source_group":"LFLL Gates","vsmr_group_ids":[],"geometry_role":"text_label","text-field":"N32"},"geometry":{"type":"Point","coordinates":[5.082062778,45.728499444]}},{"type":"Feature","id":"LFLL-4a26b423e43655991e00","properties":{"airport":"LFLL","name":"N33","layer":"Labels","category":"Gates","object_type":"Label","style_id":"label.gates","source_group":"LFLL Gates","vsmr_group_ids":[],"geometry_role":"text_label","text-field":"N33"},"geometry":{"type":"Point","coordinates":[5.081572778,45.728475556]}},{"type":"Feature","id":"LFLL-72cdfd0732d0f0c6380c","properties":{"airport":"LFLL","name":"N34","layer":"Labels","category":"Gates","object_type":"Label","style_id":"label.gates","source_group":"LFLL Gates","vsmr_group_ids":[],"geometry_role":"text_label","text-field":"N34"},"geometry":{"type":"Point","coordinates":[5.081100833,45.728449444]}},{"type":"Feature","id":"LFLL-63047ddde069f0a821ea","properties":{"airport":"LFLL","name":"N41","layer":"Labels","category":"Gates","object_type":"Label","style_id":"label.gates","source_group":"LFLL Gates","vsmr_group_ids":[],"geometry_role":"text_label","text-field":"N41"},"geometry":{"type":"Point","coordinates":[5.082276667,45.728970833]}},{"type":"Feature","id":"LFLL-2fa5c8eeae4e3c24b159","properties":{"airport":"LFLL","name":"N42","layer":"Labels","category":"Gates","object_type":"Label","style_id":"label.gates","source_group":"LFLL Gates","vsmr_group_ids":[],"geometry_role":"text_label","text-field":"N42"},"geometry":{"type":"Point","coordinates":[5.081783333,45.728946944]}},{"type":"Feature","id":"LFLL-515c04b7dd2afb908878","properties":{"airport":"LFLL","name":"N43","layer":"Labels","category":"Gates","object_type":"Label","style_id":"label.gates","source_group":"LFLL Gates","vsmr_group_ids":[],"geometry_role":"text_label","text-field":"N43"},"geometry":{"type":"Point","coordinates":[5.081286111,45.728918333]}},{"type":"Feature","id":"LFLL-6f031a37638cc3e97f4a","properties":{"airport":"LFLL","name":"N44","layer":"Labels","category":"Gates","object_type":"Label","style_id":"label.gates","source_group":"LFLL Gates","vsmr_group_ids":[],"geometry_role":"text_label","text-field":"N44"},"geometry":{"type":"Point","coordinates":[5.080828611,45.728889722]}},{"type":"Feature","id":"LFLL-d00594119e23dd34400b","properties":{"airport":"LFLL","name":"TWR","layer":"Labels","category":"Gates","object_type":"Label","style_id":"label.gates","source_group":"LFLL Gates","vsmr_group_ids":[],"geometry_role":"text_label","text-field":"TWR"},"geometry":{"type":"Point","coordinates":[5.081082778,45.725738056]}},{"type":"Feature","id":"LFLL-1b7c4ab30a2e74f9d805","properties":{"airport":"LFLL","name":"Terminal","layer":"Labels","category":"Gates","object_type":"Label","style_id":"label.gates","source_group":"LFLL Gates","vsmr_group_ids":[],"geometry_role":"text_label","text-field":"Terminal"},"geometry":{"type":"Point","coordinates":[5.074794722,45.719828889]}},{"type":"Feature","id":"LFLL-61b3de0b421d41cce25c","properties":{"airport":"LFLL","name":"Terminal 1","layer":"Labels","category":"Gates","object_type":"Label","style_id":"label.gates","source_group":"LFLL Gates","vsmr_group_ids":[],"geometry_role":"text_label","text-field":"Terminal 1"},"geometry":{"type":"Point","coordinates":[5.076970556,45.718938611]}},{"type":"Feature","id":"LFLL-84cbff86caf581d9808a","properties":{"airport":"LFLL","name":"Terminal 2","layer":"Labels","category":"Gates","object_type":"Label","style_id":"label.gates","source_group":"LFLL Gates","vsmr_group_ids":[],"geometry_role":"text_label","text-field":"Terminal 2"},"geometry":{"type":"Point","coordinates":[5.079330556,45.721841389]}},{"type":"Feature","id":"LFLL-eefda1fdfc304a0fb726","properties":{"airport":"LFLL","name":"Terminal 3","layer":"Labels","category":"Gates","object_type":"Label","style_id":"label.gates","source_group":"LFLL Gates","vsmr_group_ids":[],"geometry_role":"text_label","text-field":"Terminal 3"},"geometry":{"type":"Point","coordinates":[5.081859722,45.715646389]}},{"type":"Feature","id":"LFLL-bc772be49b9de2f0497b","properties":{"airport":"LFLL","name":"Terminal Fret","layer":"Labels","category":"Gates","object_type":"Label","style_id":"label.gates","source_group":"LFLL Gates","vsmr_group_ids":[],"geometry_role":"text_label","text-field":"Terminal Fret"},"geometry":{"type":"Point","coordinates":[5.074392778,45.713046389]}},{"type":"Feature","id":"LFLL-92e97a7c769698f3cceb","properties":{"airport":"LFLL","name":"2090m","layer":"Labels","category":"Runway 17 TORA labels","object_type":"Label","style_id":"label.tora.rwy17","source_group":"LFLL TORA RWY17","vsmr_group_ids":["lfll-distance-labels"],"geometry_role":"text_label","text-field":"2090m"},"geometry":{"type":"Point","coordinates":[5.08865,45.730255556]}},{"type":"Feature","id":"LFLL-4411e9c0caf257a16c7e","properties":{"airport":"LFLL","name":"2870m","layer":"Labels","category":"Runway 17 TORA labels","object_type":"Label","style_id":"label.tora.rwy17","source_group":"LFLL TORA RWY17","vsmr_group_ids":["lfll-distance-labels"],"geometry_role":"text_label","text-field":"2870m"},"geometry":{"type":"Point","coordinates":[5.087952778,45.73705]}},{"type":"Feature","id":"LFLL-b2a0e9d9366829255b43","properties":{"airport":"LFLL","name":"3660m","layer":"Labels","category":"Runway 17 TORA labels","object_type":"Label","style_id":"label.tora.rwy17","source_group":"LFLL TORA RWY17","vsmr_group_ids":["lfll-distance-labels"],"geometry_role":"text_label","text-field":"3660m"},"geometry":{"type":"Point","coordinates":[5.087144444,45.743561111]}},{"type":"Feature","id":"LFLL-dd43d1313380d1a90b5b","properties":{"airport":"LFLL","name":"4000m","layer":"Labels","category":"Runway 17 TORA labels","object_type":"Label","style_id":"label.tora.rwy17","source_group":"LFLL TORA RWY17","vsmr_group_ids":["lfll-distance-labels"],"geometry_role":"text_label","text-field":"4000m"},"geometry":{"type":"Point","coordinates":[5.086663889,45.746411111]}},{"type":"Feature","id":"LFLL-894e2576b8477c4150b2","properties":{"airport":"LFLL","name":"1910m","layer":"Labels","category":"Runway 35 TORA labels","object_type":"Label","style_id":"label.tora.rwy35","source_group":"LFLL TORA RWY35","vsmr_group_ids":["lfll-distance-labels"],"geometry_role":"text_label","text-field":"1910m"},"geometry":{"type":"Point","coordinates":[5.08865,45.730255556]}},{"type":"Feature","id":"LFLL-81112c8d3246fbcdeec8","properties":{"airport":"LFLL","name":"2570m","layer":"Labels","category":"Runway 35 TORA labels","object_type":"Label","style_id":"label.tora.rwy35","source_group":"LFLL TORA RWY35","vsmr_group_ids":["lfll-distance-labels"],"geometry_role":"text_label","text-field":"2570m"},"geometry":{"type":"Point","coordinates":[5.089402778,45.723933333]}},{"type":"Feature","id":"LFLL-8e50014de7195f4d8027","properties":{"airport":"LFLL","name":"3020m","layer":"Labels","category":"Runway 35 TORA labels","object_type":"Label","style_id":"label.tora.rwy35","source_group":"LFLL TORA RWY35","vsmr_group_ids":["lfll-distance-labels"],"geometry_role":"text_label","text-field":"3020m"},"geometry":{"type":"Point","coordinates":[5.089886111,45.720305556]}},{"type":"Feature","id":"LFLL-60759a5b85590a9c57d7","properties":{"airport":"LFLL","name":"3400m","layer":"Labels","category":"Runway 35 TORA labels","object_type":"Label","style_id":"label.tora.rwy35","source_group":"LFLL TORA RWY35","vsmr_group_ids":["lfll-distance-labels"],"geometry_role":"text_label","text-field":"3400m"},"geometry":{"type":"Point","coordinates":[5.090277778,45.716830556]}},{"type":"Feature","id":"LFLL-68364a3c5c4eb605d4c4","properties":{"airport":"LFLL","name":"4000m","layer":"Labels","category":"Runway 35 TORA labels","object_type":"Label","style_id":"label.tora.rwy35","source_group":"LFLL TORA RWY35","vsmr_group_ids":["lfll-distance-labels"],"geometry_role":"text_label","text-field":"4000m"},"geometry":{"type":"Point","coordinates":[5.091080556,45.711775]}},{"type":"Feature","id":"LFLL-ff084de4f386b9fda903","properties":{"airport":"LFLL","name":"A1","layer":"Labels","category":"Taxiways","object_type":"Label","style_id":"label.taxiways","source_group":"LFLL Taxiways","vsmr_group_ids":[],"geometry_role":"text_label","text-field":"A1"},"geometry":{"type":"Point","coordinates":[5.084990278,45.746071111]}},{"type":"Feature","id":"LFLL-54261a926cfa89e36233","properties":{"airport":"LFLL","name":"A2","layer":"Labels","category":"Taxiways","object_type":"Label","style_id":"label.taxiways","source_group":"LFLL Taxiways","vsmr_group_ids":[],"geometry_role":"text_label","text-field":"A2"},"geometry":{"type":"Point","coordinates":[5.085206667,45.743109167]}},{"type":"Feature","id":"LFLL-62aed6c3499e31fa5822","properties":{"airport":"LFLL","name":"A3","layer":"Labels","category":"Taxiways","object_type":"Label","style_id":"label.taxiways","source_group":"LFLL Taxiways","vsmr_group_ids":[],"geometry_role":"text_label","text-field":"A3"},"geometry":{"type":"Point","coordinates":[5.0857475,45.736493889]}},{"type":"Feature","id":"LFLL-755000af5d051efee9ee","properties":{"airport":"LFLL","name":"A4","layer":"Labels","category":"Taxiways","object_type":"Label","style_id":"label.taxiways","source_group":"LFLL Taxiways","vsmr_group_ids":[],"geometry_role":"text_label","text-field":"A4"},"geometry":{"type":"Point","coordinates":[5.086433611,45.729851667]}},{"type":"Feature","id":"LFLL-fcf0a3c15e8a0350db8a","properties":{"airport":"LFLL","name":"A5","layer":"Labels","category":"Taxiways","object_type":"Label","style_id":"label.taxiways","source_group":"LFLL Taxiways","vsmr_group_ids":[],"geometry_role":"text_label","text-field":"A5"},"geometry":{"type":"Point","coordinates":[5.087448611,45.723524444]}},{"type":"Feature","id":"LFLL-1ec3e9d497111f907dfe","properties":{"airport":"LFLL","name":"A6","layer":"Labels","category":"Taxiways","object_type":"Label","style_id":"label.taxiways","source_group":"LFLL Taxiways","vsmr_group_ids":[],"geometry_role":"text_label","text-field":"A6"},"geometry":{"type":"Point","coordinates":[5.088097778,45.719179167]}},{"type":"Feature","id":"LFLL-ce9f094b266c08678523","properties":{"airport":"LFLL","name":"A6","layer":"Labels","category":"Taxiways","object_type":"Label","style_id":"label.taxiways","source_group":"LFLL Taxiways","vsmr_group_ids":[],"geometry_role":"text_label","text-field":"A6"},"geometry":{"type":"Point","coordinates":[5.085344167,45.719795833]}},{"type":"Feature","id":"LFLL-6344f9dfa8c2c9baa931","properties":{"airport":"LFLL","name":"A8","layer":"Labels","category":"Taxiways","object_type":"Label","style_id":"label.taxiways","source_group":"LFLL Taxiways","vsmr_group_ids":[],"geometry_role":"text_label","text-field":"A8"},"geometry":{"type":"Point","coordinates":[5.085831667,45.715601944]}},{"type":"Feature","id":"LFLL-f18e20f18ff03b76692b","properties":{"airport":"LFLL","name":"A8","layer":"Labels","category":"Taxiways","object_type":"Label","style_id":"label.taxiways","source_group":"LFLL Taxiways","vsmr_group_ids":[],"geometry_role":"text_label","text-field":"A8"},"geometry":{"type":"Point","coordinates":[5.088503333,45.715756389]}},{"type":"Feature","id":"LFLL-dc2a755a763ba0d37f00","properties":{"airport":"LFLL","name":"A9","layer":"Labels","category":"Taxiways","object_type":"Label","style_id":"label.taxiways","source_group":"LFLL Taxiways","vsmr_group_ids":[],"geometry_role":"text_label","text-field":"A9"},"geometry":{"type":"Point","coordinates":[5.088962778,45.711180556]}},{"type":"Feature","id":"LFLL-380156ce8d6918047989","properties":{"airport":"LFLL","name":"B3","layer":"Labels","category":"Taxiways","object_type":"Label","style_id":"label.taxiways","source_group":"LFLL Taxiways","vsmr_group_ids":[],"geometry_role":"text_label","text-field":"B3"},"geometry":{"type":"Point","coordinates":[5.089368056,45.735389722]}},{"type":"Feature","id":"LFLL-584a1d0288a1b472aad1","properties":{"airport":"LFLL","name":"B4","layer":"Labels","category":"Taxiways","object_type":"Label","style_id":"label.taxiways","source_group":"LFLL Taxiways","vsmr_group_ids":[],"geometry_role":"text_label","text-field":"B4"},"geometry":{"type":"Point","coordinates":[5.090358333,45.729947222]}},{"type":"Feature","id":"LFLL-e5db8187108d3698b5b4","properties":{"airport":"LFLL","name":"B6","layer":"Labels","category":"Taxiways","object_type":"Label","style_id":"label.taxiways","source_group":"LFLL Taxiways","vsmr_group_ids":[],"geometry_role":"text_label","text-field":"B6"},"geometry":{"type":"Point","coordinates":[5.09072,45.720120278]}},{"type":"Feature","id":"LFLL-6b28342d07d5cdebba59","properties":{"airport":"LFLL","name":"B8","layer":"Labels","category":"Taxiways","object_type":"Label","style_id":"label.taxiways","source_group":"LFLL Taxiways","vsmr_group_ids":[],"geometry_role":"text_label","text-field":"B8"},"geometry":{"type":"Point","coordinates":[5.090973611,45.715908056]}},{"type":"Feature","id":"LFLL-01ff3d636ea53a93416c","properties":{"airport":"LFLL","name":"B9","layer":"Labels","category":"Taxiways","object_type":"Label","style_id":"label.taxiways","source_group":"LFLL Taxiways","vsmr_group_ids":[],"geometry_role":"text_label","text-field":"B9"},"geometry":{"type":"Point","coordinates":[5.092452222,45.711335556]}},{"type":"Feature","id":"LFLL-3ec6f3ea6aa9ffcffdf8","properties":{"airport":"LFLL","name":"K1","layer":"Labels","category":"Taxiways","object_type":"Label","style_id":"label.taxiways","source_group":"LFLL Taxiways","vsmr_group_ids":[],"geometry_role":"text_label","text-field":"K1"},"geometry":{"type":"Point","coordinates":[5.0842675,45.718854722]}},{"type":"Feature","id":"LFLL-a62433a3d4e9f1f8f4cb","properties":{"airport":"LFLL","name":"K3","layer":"Labels","category":"Taxiways","object_type":"Label","style_id":"label.taxiways","source_group":"LFLL Taxiways","vsmr_group_ids":[],"geometry_role":"text_label","text-field":"K3"},"geometry":{"type":"Point","coordinates":[5.084388611,45.718139722]}},{"type":"Feature","id":"LFLL-0d23642010e1b9ecdaaa","properties":{"airport":"LFLL","name":"R1","layer":"Labels","category":"Taxiways","object_type":"Label","style_id":"label.taxiways","source_group":"LFLL Taxiways","vsmr_group_ids":[],"geometry_role":"text_label","text-field":"R1"},"geometry":{"type":"Point","coordinates":[5.082881111,45.72111]}},{"type":"Feature","id":"LFLL-ae2a2d74bf9593d8416e","properties":{"airport":"LFLL","name":"R2","layer":"Labels","category":"Taxiways","object_type":"Label","style_id":"label.taxiways","source_group":"LFLL Taxiways","vsmr_group_ids":[],"geometry_role":"text_label","text-field":"R2"},"geometry":{"type":"Point","coordinates":[5.081777778,45.7184425]}},{"type":"Feature","id":"LFLL-2eb30d005d7d773fe313","properties":{"airport":"LFLL","name":"R3","layer":"Labels","category":"Taxiways","object_type":"Label","style_id":"label.taxiways","source_group":"LFLL Taxiways","vsmr_group_ids":[],"geometry_role":"text_label","text-field":"R3"},"geometry":{"type":"Point","coordinates":[5.080263611,45.715746667]}},{"type":"Feature","id":"LFLL-470edcf6eab990de023c","properties":{"airport":"LFLL","name":"R4","layer":"Labels","category":"Taxiways","object_type":"Label","style_id":"label.taxiways","source_group":"LFLL Taxiways","vsmr_group_ids":[],"geometry_role":"text_label","text-field":"R4"},"geometry":{"type":"Point","coordinates":[5.078662778,45.714483889]}},{"type":"Feature","id":"LFLL-2112e13b21aeaceace20","properties":{"airport":"LFLL","name":"S6","layer":"Labels","category":"Taxiways","object_type":"Label","style_id":"label.taxiways","source_group":"LFLL Taxiways","vsmr_group_ids":[],"geometry_role":"text_label","text-field":"S6"},"geometry":{"type":"Point","coordinates":[5.086961944,45.717831389]}},{"type":"Feature","id":"LFLL-58dcff0423307fe56b08","properties":{"airport":"LFLL","name":"S6-N","layer":"Labels","category":"Taxiways","object_type":"Label","style_id":"label.taxiways","source_group":"LFLL Taxiways","vsmr_group_ids":[],"geometry_role":"text_label","text-field":"S6-N"},"geometry":{"type":"Point","coordinates":[5.086325556,45.718936944]}},{"type":"Feature","id":"LFLL-3400be4ce91a007def80","properties":{"airport":"LFLL","name":"S6-S","layer":"Labels","category":"Taxiways","object_type":"Label","style_id":"label.taxiways","source_group":"LFLL Taxiways","vsmr_group_ids":[],"geometry_role":"text_label","text-field":"S6-S"},"geometry":{"type":"Point","coordinates":[5.086613611,45.716583056]}},{"type":"Feature","id":"LFLL-3668019402d5a8b1d7fe","properties":{"airport":"LFLL","name":"T","layer":"Labels","category":"Taxiways","object_type":"Label","style_id":"label.taxiways","source_group":"LFLL Taxiways","vsmr_group_ids":[],"geometry_role":"text_label","text-field":"T"},"geometry":{"type":"Point","coordinates":[5.0859575,45.711377222]}},{"type":"Feature","id":"LFLL-947d7f19bbc97372b706","properties":{"airport":"LFLL","name":"T","layer":"Labels","category":"Taxiways","object_type":"Label","style_id":"label.taxiways","source_group":"LFLL Taxiways","vsmr_group_ids":[],"geometry_role":"text_label","text-field":"T"},"geometry":{"type":"Point","coordinates":[5.085265556,45.713429444]}},{"type":"Feature","id":"LFLL-6e302b26df7444d34b35","properties":{"airport":"LFLL","name":"T","layer":"Labels","category":"Taxiways","object_type":"Label","style_id":"label.taxiways","source_group":"LFLL Taxiways","vsmr_group_ids":[],"geometry_role":"text_label","text-field":"T"},"geometry":{"type":"Point","coordinates":[5.085064444,45.715973611]}},{"type":"Feature","id":"LFLL-43e4e52f01627b02c7cb","properties":{"airport":"LFLL","name":"T","layer":"Labels","category":"Taxiways","object_type":"Label","style_id":"label.taxiways","source_group":"LFLL Taxiways","vsmr_group_ids":[],"geometry_role":"text_label","text-field":"T"},"geometry":{"type":"Point","coordinates":[5.084794167,45.71757]}},{"type":"Feature","id":"LFLL-ade5a6c28c2390f41f2a","properties":{"airport":"LFLL","name":"T","layer":"Labels","category":"Taxiways","object_type":"Label","style_id":"label.taxiways","source_group":"LFLL Taxiways","vsmr_group_ids":[],"geometry_role":"text_label","text-field":"T"},"geometry":{"type":"Point","coordinates":[5.084388611,45.721116944]}},{"type":"Feature","id":"LFLL-c8022d829adc8b213877","properties":{"airport":"LFLL","name":"T","layer":"Labels","category":"Taxiways","object_type":"Label","style_id":"label.taxiways","source_group":"LFLL Taxiways","vsmr_group_ids":[],"geometry_role":"text_label","text-field":"T"},"geometry":{"type":"Point","coordinates":[5.084145278,45.723068056]}},{"type":"Feature","id":"LFLL-79307048ba36693ce41e","properties":{"airport":"LFLL","name":"T","layer":"Labels","category":"Taxiways","object_type":"Label","style_id":"label.taxiways","source_group":"LFLL Taxiways","vsmr_group_ids":[],"geometry_role":"text_label","text-field":"T"},"geometry":{"type":"Point","coordinates":[5.083663056,45.727383611]}},{"type":"Feature","id":"LFLL-5cc7637299ab9fb4c7c7","properties":{"airport":"LFLL","name":"T","layer":"Labels","category":"Taxiways","object_type":"Label","style_id":"label.taxiways","source_group":"LFLL Taxiways","vsmr_group_ids":[],"geometry_role":"text_label","text-field":"T"},"geometry":{"type":"Point","coordinates":[5.082923611,45.733237778]}},{"type":"Feature","id":"LFLL-cc4e74f7657ede6e45e7","properties":{"airport":"LFLL","name":"T","layer":"Labels","category":"Taxiways","object_type":"Label","style_id":"label.taxiways","source_group":"LFLL Taxiways","vsmr_group_ids":[],"geometry_role":"text_label","text-field":"T"},"geometry":{"type":"Point","coordinates":[5.08229,45.738503056]}},{"type":"Feature","id":"LFLL-8a71aecbda8f564fe0cd","properties":{"airport":"LFLL","name":"T","layer":"Labels","category":"Taxiways","object_type":"Label","style_id":"label.taxiways","source_group":"LFLL Taxiways","vsmr_group_ids":[],"geometry_role":"text_label","text-field":"T"},"geometry":{"type":"Point","coordinates":[5.082659722,45.741897778]}},{"type":"Feature","id":"LFLL-4a585d4218385e950766","properties":{"airport":"LFLL","name":"T","layer":"Labels","category":"Taxiways","object_type":"Label","style_id":"label.taxiways","source_group":"LFLL Taxiways","vsmr_group_ids":[],"geometry_role":"text_label","text-field":"T"},"geometry":{"type":"Point","coordinates":[5.083715833,45.745015278]}},{"type":"Feature","id":"LFLL-72a3fe490c5dce297f26","properties":{"airport":"LFLL","name":"T3","layer":"Labels","category":"Taxiways","object_type":"Label","style_id":"label.taxiways","source_group":"LFLL Taxiways","vsmr_group_ids":[],"geometry_role":"text_label","text-field":"T3"},"geometry":{"type":"Point","coordinates":[5.083711389,45.73059]}},{"type":"Feature","id":"LFLL-2d95767c8ffd9d2b7c02","properties":{"airport":"LFLL","name":"T4","layer":"Labels","category":"Taxiways","object_type":"Label","style_id":"label.taxiways","source_group":"LFLL Taxiways","vsmr_group_ids":[],"geometry_role":"text_label","text-field":"T4"},"geometry":{"type":"Point","coordinates":[5.084208889,45.725851111]}},{"type":"Feature","id":"LFLL-36b8768303a2938ac246","properties":{"airport":"LFLL","name":"T5","layer":"Labels","category":"Taxiways","object_type":"Label","style_id":"label.taxiways","source_group":"LFLL Taxiways","vsmr_group_ids":[],"geometry_role":"text_label","text-field":"T5"},"geometry":{"type":"Point","coordinates":[5.08449,45.723935556]}},{"type":"Feature","id":"LFLL-d61c5c97e49fdac2f668","properties":{"airport":"LFLL","name":"T6","layer":"Labels","category":"Taxiways","object_type":"Label","style_id":"label.taxiways","source_group":"LFLL Taxiways","vsmr_group_ids":[],"geometry_role":"text_label","text-field":"T6"},"geometry":{"type":"Point","coordinates":[5.085604722,45.714687222]}},{"type":"Feature","id":"LFLL-1575755dfe381d0f5174","properties":{"airport":"LFLL","name":"TB","layer":"Labels","category":"Taxiways","object_type":"Label","style_id":"label.taxiways","source_group":"LFLL Taxiways","vsmr_group_ids":[],"geometry_role":"text_label","text-field":"TB"},"geometry":{"type":"Point","coordinates":[5.083673889,45.723342778]}},{"type":"Feature","id":"LFLL-d6c4fb757d5cff45dcae","properties":{"airport":"LFLL","name":"TC","layer":"Labels","category":"Taxiways","object_type":"Label","style_id":"label.taxiways","source_group":"LFLL Taxiways","vsmr_group_ids":[],"geometry_role":"text_label","text-field":"TC"},"geometry":{"type":"Point","coordinates":[5.083715556,45.722571111]}},{"type":"Feature","id":"LFLL-af1896d84bfdaf86c956","properties":{"airport":"LFLL","name":"TD","layer":"Labels","category":"Taxiways","object_type":"Label","style_id":"label.taxiways","source_group":"LFLL Taxiways","vsmr_group_ids":[],"geometry_role":"text_label","text-field":"TD"},"geometry":{"type":"Point","coordinates":[5.083549444,45.719601667]}},{"type":"Feature","id":"LFLL-280f3893854e823e23bb","properties":{"airport":"LFLL","name":"TJ","layer":"Labels","category":"Taxiways","object_type":"Label","style_id":"label.taxiways","source_group":"LFLL Taxiways","vsmr_group_ids":[],"geometry_role":"text_label","text-field":"TJ"},"geometry":{"type":"Point","coordinates":[5.084155278,45.714114167]}},{"type":"Feature","id":"LFLL-87f894552829136eaefb","properties":{"airport":"LFLL","name":"TJ","layer":"Labels","category":"Taxiways","object_type":"Label","style_id":"label.taxiways","source_group":"LFLL Taxiways","vsmr_group_ids":[],"geometry_role":"text_label","text-field":"TJ"},"geometry":{"type":"Point","coordinates":[5.081620278,45.714291389]}},{"type":"Feature","id":"LFLL-92d25ebd2328d998cbaf","properties":{"airport":"LFLL","name":"TL","layer":"Labels","category":"Taxiways","object_type":"Label","style_id":"label.taxiways","source_group":"LFLL Taxiways","vsmr_group_ids":[],"geometry_role":"text_label","text-field":"TL"},"geometry":{"type":"Point","coordinates":[5.082102222,45.716839167]}},{"type":"Feature","id":"LFLL-89753017307c55a9cdc9","properties":{"airport":"LFLL","name":"TL","layer":"Labels","category":"Taxiways","object_type":"Label","style_id":"label.taxiways","source_group":"LFLL Taxiways","vsmr_group_ids":[],"geometry_role":"text_label","text-field":"TL"},"geometry":{"type":"Point","coordinates":[5.084395278,45.716871111]}},{"type":"Feature","id":"LFLL-5a18acf241fd75d14f0b","properties":{"airport":"LFLL","name":"TM","layer":"Labels","category":"Taxiways","object_type":"Label","style_id":"label.taxiways","source_group":"LFLL Taxiways","vsmr_group_ids":[],"geometry_role":"text_label","text-field":"TM"},"geometry":{"type":"Point","coordinates":[5.085956667,45.706265]}},{"type":"Feature","id":"LFLL-689b1ebe1d04d23ab812","properties":{"airport":"LFLL","name":"TM","layer":"Labels","category":"Taxiways","object_type":"Label","style_id":"label.taxiways","source_group":"LFLL Taxiways","vsmr_group_ids":[],"geometry_role":"text_label","text-field":"TM"},"geometry":{"type":"Point","coordinates":[5.086091944,45.708038611]}},{"type":"Feature","id":"LFLL-8d2a05bd9c8dcb070965","properties":{"airport":"LFLL","name":"TM","layer":"Labels","category":"Taxiways","object_type":"Label","style_id":"label.taxiways","source_group":"LFLL Taxiways","vsmr_group_ids":[],"geometry_role":"text_label","text-field":"TM"},"geometry":{"type":"Point","coordinates":[5.086476111,45.710496389]}},{"type":"Feature","id":"LFLL-eb91b44e2754c672662a","properties":{"airport":"LFLL","name":"TN1","layer":"Labels","category":"Taxiways","object_type":"Label","style_id":"label.taxiways","source_group":"LFLL Taxiways","vsmr_group_ids":[],"geometry_role":"text_label","text-field":"TN1"},"geometry":{"type":"Point","coordinates":[5.082843333,45.730098889]}},{"type":"Feature","id":"LFLL-dcd26fe40973a8e1a57e","properties":{"airport":"LFLL","name":"TN2","layer":"Labels","category":"Taxiways","object_type":"Label","style_id":"label.taxiways","source_group":"LFLL Taxiways","vsmr_group_ids":[],"geometry_role":"text_label","text-field":"TN2"},"geometry":{"type":"Point","coordinates":[5.082968056,45.729227222]}},{"type":"Feature","id":"LFLL-bac6c7570c591153f843","properties":{"airport":"LFLL","name":"TN3","layer":"Labels","category":"Taxiways","object_type":"Label","style_id":"label.taxiways","source_group":"LFLL Taxiways","vsmr_group_ids":[],"geometry_role":"text_label","text-field":"TN3"},"geometry":{"type":"Point","coordinates":[5.083064722,45.728364444]}},{"type":"Feature","id":"LFLL-65e6ad985e5aa2dfc155","properties":{"airport":"LFLL","name":"V4","layer":"Labels","category":"Taxiways","object_type":"Label","style_id":"label.taxiways","source_group":"LFLL Taxiways","vsmr_group_ids":[],"geometry_role":"text_label","text-field":"V4"},"geometry":{"type":"Point","coordinates":[5.091535556,45.728799167]}},{"type":"Feature","id":"LFLL-c82c79be36153e9b8c3a","properties":{"airport":"LFLL","name":"V5","layer":"Labels","category":"Taxiways","object_type":"Label","style_id":"label.taxiways","source_group":"LFLL Taxiways","vsmr_group_ids":[],"geometry_role":"text_label","text-field":"V5"},"geometry":{"type":"Point","coordinates":[5.091887222,45.725695556]}},{"type":"Feature","id":"LFLL-010e87b88aa2b4a59b28","properties":{"airport":"LFLL","name":"V6","layer":"Labels","category":"Taxiways","object_type":"Label","style_id":"label.taxiways","source_group":"LFLL Taxiways","vsmr_group_ids":[],"geometry_role":"text_label","text-field":"V6"},"geometry":{"type":"Point","coordinates":[5.092427778,45.7203925]}},{"type":"Feature","id":"LFLL-882867a83bfbc1b55e23","properties":{"airport":"LFLL","name":"V8","layer":"Labels","category":"Taxiways","object_type":"Label","style_id":"label.taxiways","source_group":"LFLL Taxiways","vsmr_group_ids":[],"geometry_role":"text_label","text-field":"V8"},"geometry":{"type":"Point","coordinates":[5.0928875,45.717022778]}},{"type":"Feature","id":"LFLL-e19e29895986a007e191","properties":{"airport":"LFLL","name":"Y","layer":"Labels","category":"Taxiways","object_type":"Label","style_id":"label.taxiways","source_group":"LFLL Taxiways","vsmr_group_ids":[],"geometry_role":"text_label","text-field":"Y"},"geometry":{"type":"Point","coordinates":[5.091612778,45.718274722]}}]}
