{"type":"FeatureCollection","name":"LFQQ AVISO","bbox":[3.075179444,50.557115833,3.124366944,50.576025],"metadata":{"schema":"vSMR AVISO","schema_version":2,"geometry_mode":"shared","airport":"LFQQ","coordinate_reference_system":"WGS84","coordinate_order":"longitude, latitude","default_color_palette":"dark","color_palettes":["dark","light"],"background_colors":{"dark":"#434A4F","light":"#434A4F"},"runways":[{"ends":["08","26"],"headings":[75,255],"thresholds":[[3.083016944,50.562880833],[3.1181,50.567871944]]},{"ends":["01","19"],"headings":[13,193],"thresholds":[[3.085443889,50.560107778],[3.091163889,50.573835833]]}],"saved_active_runways":[],"saved_active_airport_modes":[],"airport_reference":[3.086943889,50.563332778],"feature_count":224,"style_count":16,"layer_counts":{"Airfield surfaces":41,"Buildings and structures":47,"Guidance lines":3,"Labels":75,"Surface markings":8,"Terrain":50},"category_counts":{"Buildings":47,"Gates":57,"Grass":50,"Hard Surface 2":1,"Hard Surface 3":4,"Runways":1,"Stopbars":8,"Taxiway Blue":1,"Taxiways":19,"gate":1,"void_lfqq":1,"white":34},"geometry_source":"local GNG","geometry_source_url":"","geometry_license":"GPL-3.0"},"styles":{"polygon.grassurface.00512f":{"name":"Grass","layer":"Terrain","object_type":"Area","paint":{"fill":"#010D19","fill-opacity":1,"palette-overrides":{"light":{"fill":"#00512F"}}},"feature_count":50},"polygon.hardsurface4.969393":{"name":"Hard Surface 4","layer":"Airfield surfaces","object_type":"Area","paint":{"fill":"#152841","fill-opacity":1,"palette-overrides":{"light":{"fill":"#969393"}}},"feature_count":0},"polygon.terrain1.574242":{"name":"Terrain 1","layer":"Terrain","object_type":"Area","paint":{"fill":"#574242","fill-opacity":1,"palette-overrides":{"light":{"fill":"#574242"}}},"feature_count":0},"polygon.hardsurface2.595e5b":{"name":"Hard Surface 2","layer":"Airfield surfaces","object_type":"Area","paint":{"fill":"#2F3949","fill-opacity":1,"palette-overrides":{"light":{"fill":"#595E5B"}}},"feature_count":1},"polygon.hardsurface3.8a807f":{"name":"Hard Surface 3","layer":"Airfield surfaces","object_type":"Area","paint":{"fill":"#222D3C","fill-opacity":1,"palette-overrides":{"light":{"fill":"#8A807F"}}},"feature_count":4},"polygon.runwayconcrete.555555":{"name":"Runways","layer":"Airfield surfaces","object_type":"Area","paint":{"fill":"#111318","fill-opacity":1,"palette-overrides":{"light":{"fill":"#555555"}}},"feature_count":1},"polygon.building.394446":{"name":"Buildings","layer":"Buildings and structures","object_type":"Area","paint":{"fill":"#475570","fill-opacity":1,"palette-overrides":{"light":{"fill":"#394446"}}},"feature_count":47},"polygon.stopbar.7e0000":{"name":"Stopbars","layer":"Surface markings","object_type":"Area","paint":{"fill":"#7E0000","fill-opacity":1,"palette-overrides":{"light":{"fill":"#7E0000"}}},"feature_count":8},"line.taxiway.c0b631":{"name":"Taxiways","layer":"Guidance lines","object_type":"Line","paint":{"stroke":"#4E5A69","stroke-opacity":1,"stroke-width":1,"palette-overrides":{"light":{"stroke":"#C0B631"}}},"feature_count":1},"line.runwayborder.808080":{"name":"Runway Border","layer":"Guidance lines","object_type":"Line","paint":{"stroke":"#808080","stroke-opacity":1,"stroke-width":1,"palette-overrides":{"light":{"stroke":"#808080"}}},"feature_count":0},"label.gates":{"name":"Gates","layer":"Labels","object_type":"Label","paint":{"text-color":"#CCCCCC","text-font":"Arial","text-size":12,"text-halo-color":"#000000","text-halo-width":1,"text-anchor":"center","zoomLevel":9},"feature_count":57},"label.taxiways":{"name":"Taxiways","layer":"Labels","object_type":"Label","paint":{"text-color":"#CCCCCC","text-font":"Arial","text-size":12,"text-halo-color":"#000000","text-halo-width":1,"text-anchor":"center","zoomLevel":7},"feature_count":18},"polygon.void_lfqq":{"name":"void_lfqq","layer":"Airfield surfaces","object_type":"Area","paint":{"fill":"#35312B","fill-opacity":1},"feature_count":1},"polygon.white":{"name":"white","layer":"Airfield surfaces","object_type":"Area","paint":{"fill":"#FFFFFF","fill-opacity":1},"feature_count":34},"line.gate":{"name":"gate","layer":"Guidance lines","object_type":"Line","paint":{"stroke":"#A8A8A8","stroke-width":1,"stroke-opacity":1},"feature_count":1},"line.taxiwayblue.004080":{"name":"Taxiway Blue","layer":"Guidance lines","object_type":"Line","paint":{"stroke":"#3B5296","stroke-opacity":1,"stroke-width":1,"palette-overrides":{"light":{"stroke":"#004080"}}},"feature_count":1}},"vsmr_groups":[],"features":[{"type":"Feature","id":"LFQQ-c6d2ad83d7f75750bf39","properties":{"airport":"LFQQ","name":"LFQQ AVISO","layer":"Airfield surfaces","category":"void_lfqq","object_type":"Area","style_id":"polygon.void_lfqq","source_group":"LFQQ AVISO","vsmr_group_ids":[],"geometry_role":"filled_region"},"geometry":{"type":"Polygon","coordinates":[[[3.08979,50.575953333],[3.088556111,50.573034167],[3.087403889,50.570365833],[3.086066667,50.567070833],[3.084171667,50.566428889],[3.083535,50.566332222],[3.0823775,50.566111389],[3.081531389,50.565798611],[3.081082778,50.565844722],[3.078749444,50.565038056],[3.07765,50.5648125],[3.07765,50.564996389],[3.075508611,50.564816667],[3.075733333,50.564108889],[3.075213056,50.561564167],[3.077000833,50.559703611],[3.077348333,50.559129167],[3.082997222,50.559825278],[3.082636111,50.558800278],[3.087328611,50.559111667],[3.0879075,50.559116389],[3.088775556,50.5591025],[3.089715833,50.559066111],[3.090554722,50.559217778],[3.091994167,50.559576389],[3.092857778,50.559869167],[3.093328611,50.559286389],[3.094318611,50.559631944],[3.0952175,50.559926944],[3.094469167,50.560764444],[3.096036667,50.561394722],[3.096678056,50.5616475],[3.096914444,50.561715278],[3.099426389,50.562416944],[3.099996389,50.5625075],[3.101665278,50.562749167],[3.103559722,50.563024444],[3.104486667,50.563124167],[3.105189167,50.562114167],[3.105308889,50.56214],[3.105523889,50.562185],[3.1056625,50.562210833],[3.105994444,50.562235],[3.1070375,50.562375],[3.107084444,50.563494167],[3.108623611,50.563884167],[3.109378889,50.563496389],[3.109553611,50.563404167],[3.109711944,50.563339444],[3.110038333,50.563228333],[3.110631944,50.563064722],[3.110926667,50.562937222],[3.111268056,50.562843611],[3.112285556,50.562830833],[3.113236389,50.562851944],[3.11408,50.562932778],[3.1146425,50.563094444],[3.115573333,50.563408889],[3.115586667,50.563421667],[3.116236111,50.563761944],[3.116858889,50.564216944],[3.11743,50.564829167],[3.117751667,50.565463056],[3.117905833,50.565986111],[3.117885833,50.566228333],[3.119351389,50.566415556],[3.119532222,50.566492222],[3.119719722,50.566619722],[3.120114722,50.566721667],[3.120797778,50.566840556],[3.121942778,50.567031944],[3.122304444,50.567116944],[3.123054444,50.567286944],[3.123616944,50.567427222],[3.124119167,50.567571667],[3.124253333,50.567771667],[3.124199722,50.567886389],[3.123885,50.568201111],[3.123677778,50.568473333],[3.123529444,50.568674444],[3.122980556,50.569508056],[3.122545556,50.570239722],[3.121356667,50.571588889],[3.120781111,50.572414167],[3.117781667,50.572055],[3.117527222,50.572786389],[3.116549444,50.572705833],[3.113422222,50.572425278],[3.113275278,50.572863056],[3.1129475,50.573683889],[3.110884722,50.573709444],[3.110723889,50.573620278],[3.11057,50.573467222],[3.110288611,50.573233333],[3.110228333,50.573105556],[3.110174722,50.573011944],[3.109973889,50.572982222],[3.109712778,50.572999444],[3.109598889,50.572982222],[3.107383333,50.572098333],[3.105032778,50.572072778],[3.103793889,50.57243],[3.103445833,50.572485278],[3.103204722,50.572451389],[3.103191389,50.572489444],[3.1031175,50.572570278],[3.102876389,50.572642222],[3.102595,50.572586944],[3.102461111,50.572493333],[3.102353889,50.572399722],[3.096381111,50.571511944],[3.096173611,50.571541667],[3.096032778,50.571681944],[3.096032778,50.571801111],[3.096688333,50.572708611],[3.096902778,50.573125556],[3.096889167,50.573359444],[3.096266111,50.575064722],[3.094109722,50.574524444],[3.094424444,50.575226389],[3.092622778,50.575506944],[3.08979,50.575953333]]]}},{"type":"Feature","id":"LFQQ-f4acb766cc8f0f628fef","properties":{"airport":"LFQQ","name":"LFQQ AVISO","layer":"Terrain","category":"Grass","object_type":"Area","style_id":"polygon.grassurface.00512f","source_group":"LFQQ AVISO","vsmr_group_ids":[],"geometry_role":"filled_region"},"geometry":{"type":"Polygon","coordinates":[[[3.0842575,50.562858611],[3.084301111,50.5626825],[3.084341389,50.562458611],[3.084368611,50.562297778],[3.084381389,50.562151667],[3.084386667,50.5620175],[3.084380556,50.561783611],[3.084346389,50.561516667],[3.084318611,50.561326111],[3.084278611,50.561166944],[3.084266667,50.5610875],[3.084241944,50.561040556],[3.084319444,50.560896944],[3.084421389,50.560755556],[3.084538889,50.560620278],[3.084647222,50.560518056],[3.084773889,50.560423889],[3.084906944,50.5603275],[3.085076944,50.560239167],[3.085145,50.560191944],[3.085225278,50.560176389],[3.085290278,50.560184167],[3.086229722,50.562487778],[3.086526667,50.563188889],[3.0842575,50.562858611]]]}},{"type":"Feature","id":"LFQQ-a319cab9ffd524725024","properties":{"airport":"LFQQ","name":"LFQQ AVISO","layer":"Terrain","category":"Grass","object_type":"Area","style_id":"polygon.grassurface.00512f","source_group":"LFQQ AVISO","vsmr_group_ids":[],"geometry_role":"filled_region"},"geometry":{"type":"Polygon","coordinates":[[[3.084220278,50.562852778],[3.084050278,50.562827222],[3.083976111,50.562803611],[3.0838925,50.562760278],[3.083803056,50.562705278],[3.083747222,50.562636667],[3.0837225,50.562579722],[3.083731944,50.562506944],[3.084195556,50.561226944],[3.084245,50.561118889],[3.084263611,50.561168056],[3.084282222,50.561225],[3.084316111,50.5613625],[3.084328333,50.561529444],[3.08435,50.561662778],[3.084359167,50.561810278],[3.084368611,50.561947778],[3.084359167,50.562148056],[3.084331389,50.5623325],[3.084321944,50.562464444],[3.084275556,50.562658889],[3.084256944,50.562766667],[3.084220278,50.562852778]]]}},{"type":"Feature","id":"LFQQ-8e7c8f85dcd175e35c78","properties":{"airport":"LFQQ","name":"LFQQ AVISO","layer":"Terrain","category":"Grass","object_type":"Area","style_id":"polygon.grassurface.00512f","source_group":"LFQQ AVISO","vsmr_group_ids":[],"geometry_role":"filled_region"},"geometry":{"type":"Polygon","coordinates":[[[3.0912675,50.562706667],[3.091069444,50.563278889],[3.090926389,50.563625278],[3.090871111,50.563666111],[3.090786389,50.563706667],[3.090675833,50.563730833],[3.090579444,50.563741944],[3.090454167,50.563743889],[3.087354722,50.563298333],[3.087273056,50.563283611],[3.087270278,50.563240833],[3.087249722,50.563194722],[3.087217778,50.563163056],[3.087150556,50.563129722],[3.086993333,50.563066944],[3.0869525,50.563048333],[3.0868825,50.563053889],[3.085741389,50.560304722],[3.085776389,50.560258333],[3.085881389,50.560108333],[3.085928056,50.560099167],[3.085995,50.560197222],[3.086009722,50.560152778],[3.08603,50.560088056],[3.086059167,50.560045278],[3.086120556,50.560004722],[3.086199167,50.559963889],[3.086243056,50.559939722],[3.086283611,50.559954722],[3.086409167,50.560002778],[3.086563611,50.560075],[3.086659722,50.560108333],[3.086779167,50.560119444],[3.086849167,50.5601325],[3.086860833,50.56019],[3.086849167,50.560219444],[3.086852222,50.560241667],[3.087516944,50.560214167],[3.087464444,50.560267778],[3.087438056,50.560338056],[3.087449722,50.560395556],[3.087505,50.560451111],[3.087563333,50.56049],[3.087656667,50.560503056],[3.087735556,50.560499167],[3.087863611,50.560449167],[3.087930833,50.560369722],[3.087910278,50.560291944],[3.087878333,50.5602325],[3.087831667,50.560204722],[3.087776389,50.560186389],[3.087755833,50.560054722],[3.087938889,50.559899167],[3.088460833,50.559873056],[3.088705556,50.560000833],[3.088705556,50.560173056],[3.088621111,50.560228611],[3.088562778,50.560299167],[3.088562778,50.560310278],[3.088548333,50.560363889],[3.088600556,50.560447222],[3.088726111,50.560480556],[3.088854167,50.560478889],[3.088938889,50.560463889],[3.089014722,50.560399167],[3.089055556,50.560310278],[3.089003056,50.560230556],[3.088959167,50.5601825],[3.088901111,50.560147222],[3.088877778,50.560001111],[3.089096389,50.559849167],[3.0892625,50.559847222],[3.0894375,50.55984],[3.089594722,50.559847222],[3.089749444,50.559858333],[3.089848333,50.559865833],[3.08993,50.559876944],[3.090067222,50.560065833],[3.089944722,50.560210278],[3.089840278,50.560222222],[3.089761667,50.560264722],[3.089700556,50.560318333],[3.089688889,50.560407222],[3.089738333,50.560488889],[3.089822778,50.560522222],[3.0899425,50.560531389],[3.090053056,50.560514722],[3.090155278,50.560459167],[3.090178611,50.560394444],[3.090172778,50.560329444],[3.090117222,50.560279444],[3.090196111,50.560136944],[3.090309722,50.560096111],[3.090461389,50.560055556],[3.090528333,50.560048056],[3.090994722,50.560177778],[3.091082222,50.56035],[3.090971389,50.5605075],[3.090881111,50.560536944],[3.090785,50.560568611],[3.090761667,50.560598056],[3.090738333,50.56065],[3.0907325,50.560703611],[3.090787778,50.560764722],[3.090889722,50.560811111],[3.090977222,50.560822222],[3.091082222,50.560816667],[3.091178333,50.560768611],[3.091225,50.560703611],[3.091225,50.560633333],[3.09119,50.560586944],[3.091152222,50.560564722],[3.091251389,50.560413056],[3.091536944,50.560346389],[3.092134722,50.560514444],[3.092263056,50.560584722],[3.092368056,50.56067],[3.092464167,50.56077],[3.092519722,50.560882778],[3.092537222,50.560979167],[3.092525556,50.561097778],[3.092493333,50.561175556],[3.092370833,50.561286667],[3.092099722,50.561343889],[3.091884167,50.561281111],[3.091868889,50.561232222],[3.091833889,50.561187778],[3.0917725,50.561132222],[3.091711389,50.5611175],[3.091626944,50.561104444],[3.091556944,50.561106389],[3.091475278,50.561152778],[3.091399444,50.561213889],[3.091381944,50.561273056],[3.091378889,50.561321111],[3.091408056,50.561371111],[3.091492778,50.561423056],[3.091586111,50.561434167],[3.091661667,50.561430556],[3.091734722,50.561395278],[3.0919825,50.561461944],[3.092105,50.561652778],[3.091822222,50.561926944],[3.091699722,50.561969444],[3.091583056,50.561988056],[3.091466389,50.561973056],[3.091341111,50.561919444],[3.091253611,50.561854722],[3.091198333,50.561788056],[3.091125278,50.561747222],[3.0910175,50.561745278],[3.090892222,50.561769444],[3.090813333,50.561823056],[3.089507222,50.561929722],[3.089463333,50.561866667],[3.089396389,50.561775833],[3.089343889,50.561690833],[3.089250556,50.561655556],[3.089125278,50.561636944],[3.089026111,50.561651944],[3.088973611,50.561722222],[3.088944444,50.561809167],[3.089081389,50.562168611],[3.089410833,50.561946389],[3.090830833,50.561855556],[3.090848611,50.561911111],[3.090860278,50.561974167],[3.090869167,50.561979722],[3.090927222,50.562029722],[3.091078889,50.562031389],[3.091259722,50.562025833],[3.091388056,50.56205],[3.091469722,50.562083333],[3.091484167,50.562151944],[3.0915075,50.562240833],[3.091521944,50.562313056],[3.091452222,50.562386944],[3.091373333,50.562466667],[3.091315,50.562546389],[3.091283056,50.562624167],[3.0912675,50.562706667]]]}},{"type":"Feature","id":"LFQQ-1bd1df6b67dc0c26fd69","properties":{"airport":"LFQQ","name":"LFQQ AVISO","layer":"Terrain","category":"Grass","object_type":"Area","style_id":"polygon.grassurface.00512f","source_group":"LFQQ AVISO","vsmr_group_ids":[],"geometry_role":"filled_region"},"geometry":{"type":"Polygon","coordinates":[[[3.091421389,50.563881667],[3.091339444,50.563853889],[3.091273333,50.563820833],[3.091197778,50.563763889],[3.091156944,50.563696944],[3.091143333,50.563639167],[3.0911575,50.563564167],[3.091195278,50.563443056],[3.091337778,50.563048333],[3.091436944,50.562730556],[3.091606944,50.562781667],[3.091596389,50.562793611],[3.091551389,50.562795833],[3.091526944,50.562835278],[3.091464722,50.562997778],[3.091430278,50.563094444],[3.091385278,50.5632175],[3.091392222,50.563373611],[3.091361111,50.563481111],[3.091381667,50.563498889],[3.091450833,50.563470278],[3.091502778,50.563426389],[3.091565,50.563432778],[3.091627222,50.563529444],[3.091658333,50.563601944],[3.091717222,50.563410833],[3.091852222,50.563033056],[3.091841944,50.562962778],[3.091776111,50.562868333],[3.091596389,50.562778056],[3.091437222,50.562731944],[3.091490833,50.562614167],[3.09156,50.562513333],[3.091774444,50.562273611],[3.091936944,50.562091389],[3.092193056,50.562043611],[3.0924525,50.562113889],[3.092449167,50.562175278],[3.092507778,50.5622325],[3.092615,50.562271944],[3.092698056,50.562278611],[3.092812222,50.562258889],[3.092881389,50.562210556],[3.092888333,50.562203889],[3.092919444,50.562140278],[3.092919444,50.562063333],[3.092871111,50.562017222],[3.092795,50.561981944],[3.092729167,50.561971111],[3.092666944,50.561966667],[3.092583889,50.562012778],[3.092324722,50.561913889],[3.092213889,50.561749167],[3.092456111,50.561454722],[3.092753611,50.561401944],[3.092985278,50.561509722],[3.092985278,50.561549167],[3.093030278,50.561608611],[3.093133889,50.561645833],[3.093237778,50.561648056],[3.093362222,50.561621667],[3.093452222,50.561560278],[3.093490278,50.561496389],[3.0934625,50.561435],[3.093403889,50.561382222],[3.093296667,50.561340556],[3.093171944,50.561338333],[3.093037222,50.5613625],[3.092826111,50.561287778],[3.092729444,50.561109722],[3.092860833,50.5610725],[3.093040556,50.561019722],[3.093275833,50.561],[3.093535278,50.561035],[3.094067778,50.561184444],[3.094565833,50.561353611],[3.095226389,50.561584444],[3.095665833,50.56178],[3.096268333,50.562020278],[3.096302778,50.562066389],[3.096326944,50.562116944],[3.096347778,50.562180556],[3.0963375,50.562246667],[3.096278611,50.562396111],[3.096174722,50.562600278],[3.095880833,50.562571667],[3.095794444,50.562743056],[3.096105,50.562794444],[3.095482222,50.564321667],[3.09542,50.564394167],[3.095375,50.564416111],[3.095285278,50.564426944],[3.095202222,50.564426944],[3.091488056,50.563899722],[3.091421389,50.563881667]]]}},{"type":"Feature","id":"LFQQ-6941e532655feb49e547","properties":{"airport":"LFQQ","name":"LFQQ AVISO","layer":"Terrain","category":"Grass","object_type":"Area","style_id":"polygon.grassurface.00512f","source_group":"LFQQ AVISO","vsmr_group_ids":[],"geometry_role":"filled_region"},"geometry":{"type":"Polygon","coordinates":[[[3.084098611,50.564921944],[3.083716667,50.564846389],[3.083551111,50.564795],[3.083410833,50.564743889],[3.083309167,50.564663056],[3.083219167,50.564572222],[3.0832775,50.564544167],[3.083358056,50.564463056],[3.083385833,50.564424167],[3.083546944,50.564240833],[3.083663611,50.564081944],[3.0837775,50.563912778],[3.083866389,50.563785833],[3.083930278,50.563653333],[3.083994167,50.56359],[3.084112222,50.563544722],[3.084620278,50.563465],[3.084944444,50.563420556],[3.08518,50.563401944],[3.0866825,50.563608056],[3.087444444,50.565392778],[3.084098611,50.564921944]]]}},{"type":"Feature","id":"LFQQ-94e30c9d166d4f637595","properties":{"airport":"LFQQ","name":"LFQQ AVISO","layer":"Terrain","category":"Grass","object_type":"Area","style_id":"polygon.grassurface.00512f","source_group":"LFQQ AVISO","vsmr_group_ids":[],"geometry_role":"filled_region"},"geometry":{"type":"Polygon","coordinates":[[[3.083201389,50.564533056],[3.083172222,50.564479167],[3.083148333,50.564391667],[3.083182778,50.564270556],[3.083206667,50.564072222],[3.083214722,50.563961111],[3.0832625,50.563861944],[3.083286111,50.563794722],[3.083315278,50.563741111],[3.083344444,50.563705556],[3.083394722,50.563688889],[3.083521944,50.563671944],[3.083720278,50.563635],[3.083922222,50.563599722],[3.083852778,50.563749444],[3.083791667,50.563835278],[3.083706944,50.563959722],[3.083595833,50.564129444],[3.083505833,50.564236944],[3.083370833,50.564393333],[3.083325833,50.564453889],[3.0832675,50.564502778],[3.083201389,50.564533056]]]}},{"type":"Feature","id":"LFQQ-6512d8fd7cb5b86a4ad8","properties":{"airport":"LFQQ","name":"LFQQ AVISO","layer":"Terrain","category":"Grass","object_type":"Area","style_id":"polygon.grassurface.00512f","source_group":"LFQQ AVISO","vsmr_group_ids":[],"geometry_role":"filled_region"},"geometry":{"type":"Polygon","coordinates":[[[3.087237222,50.563964167],[3.087497778,50.563825556],[3.087453056,50.563706111],[3.090325,50.5641175],[3.090454167,50.564192778],[3.0905325,50.564319167],[3.090566111,50.564500833],[3.090543889,50.564714444],[3.090448333,50.565068611],[3.090361667,50.565260833],[3.090268056,50.565550833],[3.090209444,50.565627222],[3.090116944,50.5656825],[3.089996389,50.565732222],[3.089819722,50.565748333],[3.0881775,50.5655075],[3.088191389,50.56548],[3.088169722,50.565418333],[3.087793889,50.565283889],[3.087237222,50.563964167]]]}},{"type":"Feature","id":"LFQQ-6b5823e366ea7363e63f","properties":{"airport":"LFQQ","name":"LFQQ AVISO","layer":"Terrain","category":"Grass","object_type":"Area","style_id":"polygon.grassurface.00512f","source_group":"LFQQ AVISO","vsmr_group_ids":[],"geometry_role":"filled_region"},"geometry":{"type":"Polygon","coordinates":[[[3.090776111,50.565701389],[3.090716111,50.565579167],[3.090680278,50.565411667],[3.090704167,50.565203333],[3.090764167,50.564984722],[3.090852222,50.564773611],[3.090944444,50.564616111],[3.0910725,50.564445833],[3.0912125,50.564339167],[3.091360556,50.564278333],[3.091544444,50.564280833],[3.0956425,50.56487],[3.095734444,50.564953611],[3.095954722,50.565045278],[3.096090556,50.5651875],[3.0961225,50.565289167],[3.095850556,50.566084444],[3.095870556,50.566127778],[3.095806667,50.566247222],[3.095646667,50.566366667],[3.095529722,50.566405],[3.095261667,50.566440556],[3.094869444,50.566453333],[3.094565556,50.566425278],[3.091730833,50.566010556],[3.091290833,50.565926667],[3.090926944,50.565807222],[3.090776111,50.565701389]]]}},{"type":"Feature","id":"LFQQ-b29ddca980cd834e56f9","properties":{"airport":"LFQQ","name":"LFQQ AVISO","layer":"Terrain","category":"Grass","object_type":"Area","style_id":"polygon.grassurface.00512f","source_group":"LFQQ AVISO","vsmr_group_ids":[],"geometry_role":"filled_region"},"geometry":{"type":"Polygon","coordinates":[[[3.096423611,50.566556944],[3.096319722,50.566457778],[3.096291667,50.566351111],[3.096267778,50.566226667],[3.096283611,50.566158056],[3.096299722,50.566137778],[3.096371667,50.566155556],[3.096599722,50.565474444],[3.096639722,50.5653625],[3.096707778,50.565314444],[3.096823611,50.565243056],[3.096955833,50.5652075],[3.097075833,50.565179722],[3.097275833,50.565166944],[3.097331667,50.565111111],[3.107644444,50.566571667],[3.107828611,50.56663],[3.107936389,50.566716389],[3.107960556,50.566797778],[3.107956667,50.566935],[3.107776667,50.567410278],[3.107620833,50.567855],[3.107560833,50.568022778],[3.107504722,50.568109167],[3.107388889,50.5681725],[3.107248889,50.568195556],[3.107076667,50.568195556],[3.097290833,50.566809722],[3.097006667,50.566748611],[3.096766667,50.566685278],[3.096578611,50.566631944],[3.096423611,50.566556944]]]}},{"type":"Feature","id":"LFQQ-02d362f9a164fe3cb25f","properties":{"airport":"LFQQ","name":"LFQQ AVISO","layer":"Terrain","category":"Grass","object_type":"Area","style_id":"polygon.grassurface.00512f","source_group":"LFQQ AVISO","vsmr_group_ids":[],"geometry_role":"filled_region"},"geometry":{"type":"Polygon","coordinates":[[[3.095574167,50.564510278],[3.0955575,50.564393056],[3.095565833,50.564291944],[3.095762778,50.563826111],[3.096408889,50.562265833],[3.096446389,50.562212778],[3.096551389,50.562191389],[3.096672778,50.562180833],[3.096769167,50.562183333],[3.096844444,50.562201944],[3.098395,50.562635833],[3.099094722,50.562814167],[3.099459167,50.562896667],[3.100029167,50.562976667],[3.101418889,50.563181111],[3.102416389,50.563343611],[3.103141111,50.5634525],[3.103598056,50.563508611],[3.104155278,50.563572222],[3.104570278,50.5636175],[3.105085556,50.563654722],[3.105703333,50.563748056],[3.106725833,50.5639425],[3.107589167,50.564115278],[3.108073889,50.564228333],[3.108304444,50.5642975],[3.108304444,50.564366667],[3.108312778,50.564433333],[3.108354722,50.564483889],[3.108434444,50.564521111],[3.108497222,50.564531667],[3.108606111,50.564526389],[3.108664722,50.564510278],[3.108824167,50.564585],[3.108920556,50.564640833],[3.108920556,50.564723333],[3.108949722,50.564757778],[3.108876389,50.564850556],[3.1087675,50.564983611],[3.108688056,50.565084722],[3.108641944,50.5651725],[3.108516111,50.565340278],[3.108403056,50.565566667],[3.108356944,50.565736944],[3.1083025,50.565859444],[3.108235556,50.566005833],[3.108218889,50.566051111],[3.108160278,50.566101667],[3.108042778,50.566152222],[3.107929722,50.566192222],[3.107875278,50.5662],[3.107720278,50.566210833],[3.095574167,50.564510278]]]}},{"type":"Feature","id":"LFQQ-952fd445bd8285aeba5b","properties":{"airport":"LFQQ","name":"LFQQ AVISO","layer":"Terrain","category":"Grass","object_type":"Area","style_id":"polygon.grassurface.00512f","source_group":"LFQQ AVISO","vsmr_group_ids":[],"geometry_role":"filled_region"},"geometry":{"type":"Polygon","coordinates":[[[3.107842778,50.568268056],[3.107749444,50.568159444],[3.107721944,50.568070556],[3.107741389,50.567959167],[3.108168889,50.566823056],[3.108242778,50.566768611],[3.108359444,50.566731667],[3.108495556,50.566701944],[3.108623889,50.566711667],[3.115490556,50.567701111],[3.115570556,50.567741667],[3.115819167,50.567801667],[3.115897222,50.567878611],[3.1159525,50.5679475],[3.115981389,50.568043889],[3.115981389,50.568160833],[3.115965,50.568348333],[3.115923611,50.568544722],[3.1158825,50.568694444],[3.115808889,50.568835],[3.115714722,50.569001667],[3.115630556,50.569098056],[3.115528333,50.569182778],[3.115413056,50.569226667],[3.1152325,50.569273611],[3.115064444,50.569288056],[3.114886111,50.569289167],[3.114283611,50.569216389],[3.110551944,50.568696389],[3.108168889,50.568357778],[3.107921667,50.568313889],[3.107842778,50.568268056]]]}},{"type":"Feature","id":"LFQQ-f4e1c0b118bfa7b9572a","properties":{"airport":"LFQQ","name":"LFQQ AVISO","layer":"Terrain","category":"Grass","object_type":"Area","style_id":"polygon.grassurface.00512f","source_group":"LFQQ AVISO","vsmr_group_ids":[],"geometry_role":"filled_region"},"geometry":{"type":"Polygon","coordinates":[[[3.112338889,50.569534444],[3.112279722,50.569425],[3.112220278,50.569323056],[3.112151944,50.569243889],[3.112071667,50.569172222],[3.112018333,50.569130833],[3.1119025,50.5690575],[3.112813889,50.569196667],[3.112816944,50.5692325],[3.112778333,50.569262778],[3.112656667,50.569304167],[3.112558611,50.569341944],[3.112496389,50.569391111],[3.112431111,50.569455],[3.112383611,50.569519167],[3.112353889,50.5695625],[3.112338889,50.569534444]]]}},{"type":"Feature","id":"LFQQ-4c93965fc1edaa01acb0","properties":{"airport":"LFQQ","name":"LFQQ AVISO","layer":"Terrain","category":"Grass","object_type":"Area","style_id":"polygon.grassurface.00512f","source_group":"LFQQ AVISO","vsmr_group_ids":[],"geometry_role":"filled_region"},"geometry":{"type":"Polygon","coordinates":[[[3.096528889,50.567840278],[3.096306389,50.567797778],[3.096148056,50.567770556],[3.096013889,50.567715833],[3.095914722,50.567647778],[3.095826111,50.567548889],[3.095791389,50.567463889],[3.095799444,50.567351389],[3.095834167,50.567262778],[3.095938889,50.567135],[3.096075556,50.567034444],[3.096225833,50.566971389],[3.096421667,50.566940833],[3.09662,50.566935556],[3.096821389,50.566952778],[3.096976944,50.567010556],[3.097076111,50.567085556],[3.097116389,50.567194722],[3.097129722,50.567318889],[3.097016944,50.567623889],[3.096928611,50.567777222],[3.0968375,50.567831944],[3.096738056,50.567853889],[3.096641667,50.567853889],[3.096528889,50.567840278]]]}},{"type":"Feature","id":"LFQQ-113ffacc3d0998c62270","properties":{"airport":"LFQQ","name":"LFQQ AVISO","layer":"Terrain","category":"Grass","object_type":"Area","style_id":"polygon.grassurface.00512f","source_group":"LFQQ AVISO","vsmr_group_ids":[],"geometry_role":"filled_region"},"geometry":{"type":"Polygon","coordinates":[[[3.108902222,50.566388889],[3.108702222,50.5663325],[3.108620833,50.566287778],[3.108506111,50.566214722],[3.108454167,50.566153611],[3.108435556,50.566061944],[3.108428056,50.566005556],[3.108631667,50.565485833],[3.108742778,50.565309167],[3.108835278,50.565154167],[3.108961111,50.5650175],[3.10905,50.564906944],[3.109238611,50.564716667],[3.109291944,50.564673611],[3.109328889,50.564614722],[3.109373333,50.564588889],[3.109428889,50.564581667],[3.109565833,50.564621667],[3.110510278,50.564901667],[3.111006389,50.565026111],[3.111291389,50.565113056],[3.111717222,50.565193056],[3.112217222,50.565310556],[3.112741389,50.565409167],[3.113093333,50.565470278],[3.113474722,50.565550278],[3.113785556,50.565604167],[3.114045,50.565677222],[3.114118889,50.565726389],[3.114170833,50.565752222],[3.114193056,50.565778333],[3.114048889,50.566211111],[3.114145,50.566222778],[3.114382222,50.566617778],[3.114411944,50.566603611],[3.114178333,50.566222778],[3.114274722,50.566241667],[3.114341389,50.566105],[3.114115278,50.566074444],[3.114218889,50.565811111],[3.114285556,50.565745278],[3.114385556,50.565752222],[3.114844722,50.565841667],[3.115185556,50.565881667],[3.115370556,50.565905],[3.115392778,50.565855556],[3.115525556,50.565848889],[3.115740278,50.565825278],[3.115943889,50.565808889],[3.116106944,50.565815833],[3.116206944,50.565836944],[3.116269722,50.565841667],[3.116477222,50.565803889],[3.116591944,50.565801667],[3.116614167,50.565912222],[3.116632778,50.565999167],[3.116658611,50.566031944],[3.116773333,50.566071944],[3.116936389,50.5661025],[3.116995556,50.566168333],[3.117099444,50.566203611],[3.117232778,50.566238889],[3.11724,50.566243611],[3.11734,50.566271944],[3.117399444,50.566295278],[3.117639167,50.566324444],[3.117976111,50.566355],[3.118268611,50.566401944],[3.118501944,50.566446389],[3.118713056,50.5664675],[3.118998333,50.566486389],[3.119172222,50.5665075],[3.119387222,50.566603889],[3.119594444,50.566695556],[3.119779722,50.566770833],[3.1200575,50.566838889],[3.120428889,50.566916111],[3.120781667,50.566962222],[3.121257778,50.567015556],[3.121588333,50.567075833],[3.121980278,50.567171944],[3.122602222,50.567285556],[3.123055833,50.567378056],[3.123369722,50.567473889],[3.123638611,50.567552222],[3.123711389,50.567599167],[3.123761944,50.567655833],[3.123874444,50.567705556],[3.123915833,50.567765278],[3.123950278,50.567819167],[3.123966389,50.567855556],[3.124003056,50.567846667],[3.124028333,50.567825],[3.124058056,50.567840833],[3.124046667,50.567886111],[3.124019167,50.567926944],[3.123970833,50.567991111],[3.123902222,50.568046111],[3.123806111,50.568137778],[3.123716667,50.568232778],[3.123631667,50.568334722],[3.123553611,50.568417778],[3.123498611,50.568476111],[3.123395278,50.568544722],[3.1232875,50.568586944],[3.123161389,50.5686075],[3.123067222,50.568613333],[3.123021389,50.568591389],[3.122794167,50.568546389],[3.122667778,50.568534722],[3.122601389,50.568530278],[3.122505,50.568545],[3.122458889,50.568584167],[3.122417778,50.568615],[3.122378611,50.568633889],[3.122353333,50.568639722],[3.122339722,50.568635278],[3.122325833,50.5685725],[3.122396944,50.568289722],[3.108902222,50.566388889]]]}},{"type":"Feature","id":"LFQQ-f6b0b3e398f48981b765","properties":{"airport":"LFQQ","name":"LFQQ AVISO","layer":"Terrain","category":"Grass","object_type":"Area","style_id":"polygon.grassurface.00512f","source_group":"LFQQ AVISO","vsmr_group_ids":[],"geometry_role":"filled_region"},"geometry":{"type":"Polygon","coordinates":[[[3.111219722,50.564885],[3.1110225,50.564861111],[3.111203056,50.564810278],[3.111219722,50.564885]]]}},{"type":"Feature","id":"LFQQ-cd3d96b26142a0eafacd","properties":{"airport":"LFQQ","name":"LFQQ AVISO","layer":"Terrain","category":"Grass","object_type":"Area","style_id":"polygon.grassurface.00512f","source_group":"LFQQ AVISO","vsmr_group_ids":[],"geometry_role":"filled_region"},"geometry":{"type":"Polygon","coordinates":[[[3.111400556,50.564903611],[3.111387778,50.564823611],[3.111413056,50.564743611],[3.112240278,50.564530278],[3.112349444,50.564503333],[3.112488056,50.564516667],[3.113903333,50.564719444],[3.114067222,50.564815278],[3.114562778,50.565199444],[3.114546111,50.565292778],[3.114495833,50.56533],[3.114428611,50.565346111],[3.111400556,50.564903611]]]}},{"type":"Feature","id":"LFQQ-736603ac4fe6639e8c7d","properties":{"airport":"LFQQ","name":"LFQQ AVISO","layer":"Terrain","category":"Grass","object_type":"Area","style_id":"polygon.grassurface.00512f","source_group":"LFQQ AVISO","vsmr_group_ids":[],"geometry_role":"filled_region"},"geometry":{"type":"Polygon","coordinates":[[[3.110941389,50.564895833],[3.111005833,50.564898889],[3.111084722,50.564914167],[3.112629444,50.565135],[3.114990278,50.565472778],[3.115023611,50.565475833],[3.115011667,50.565454722],[3.114661944,50.565199167],[3.114081944,50.564780833],[3.113971944,50.564702222],[3.113878889,50.564673333],[3.112413611,50.564473889],[3.112330278,50.564464722],[3.112299167,50.564469444],[3.111256111,50.564759167],[3.110886111,50.564860833],[3.110747778,50.564895556],[3.110645,50.564881944],[3.110425556,50.564831944],[3.110160556,50.564754722],[3.1100125,50.564713889],[3.109525556,50.564560833],[3.109492222,50.564536389],[3.109501667,50.564506111],[3.109551667,50.564466667],[3.109647222,50.564419722],[3.110088611,50.564168056],[3.110344167,50.564202778],[3.110396667,50.564233056],[3.110435,50.564286111],[3.110449167,50.564349722],[3.110453889,50.564419722],[3.110477778,50.564516667],[3.110518611,50.564559167],[3.110645,50.564587778],[3.110807222,50.564584722],[3.110905278,50.564525833],[3.110953056,50.564471111],[3.110957778,50.564424167],[3.110943611,50.564386389],[3.110900556,50.564343889],[3.1108575,50.564330278],[3.1107525,50.564316667],[3.110675556,50.5642525],[3.110528611,50.564143056],[3.110625,50.563956389],[3.110725833,50.563913611],[3.110994722,50.563836111],[3.1112375,50.563775],[3.111393056,50.563812222],[3.111561111,50.563889722],[3.111582222,50.564031111],[3.111556944,50.564046944],[3.111519167,50.564095],[3.111498056,50.564153611],[3.111502222,50.564204444],[3.111531667,50.564241667],[3.111582222,50.564257778],[3.111775278,50.564249722],[3.111918056,50.564236389],[3.111951667,50.564220278],[3.111976944,50.564177778],[3.111976944,50.564118889],[3.111955833,50.564068333],[3.111892778,50.564033611],[3.111766944,50.563990833],[3.111716389,50.5638175],[3.111947222,50.563654722],[3.1126275,50.563649444],[3.112837778,50.563790833],[3.112795833,50.563961389],[3.112695,50.563993611],[3.112653056,50.5640175],[3.112627778,50.564084167],[3.112627778,50.564148333],[3.112690833,50.564185556],[3.112753889,50.5642175],[3.1128125,50.564246944],[3.112951111,50.564244167],[3.1129975,50.564225556],[3.113064444,50.564161389],[3.113081389,50.564145556],[3.113089722,50.564108056],[3.113085556,50.564068056],[3.113068611,50.564022778],[3.11301,50.563953333],[3.113030833,50.563793333],[3.113240833,50.563681389],[3.113345833,50.563691944],[3.113480278,50.563705278],[3.113706944,50.56374],[3.113853889,50.56378],[3.114063889,50.563825278],[3.114043056,50.563857222],[3.114488056,50.563985278],[3.11453,50.563966667],[3.114635,50.563987778],[3.114778056,50.564051944],[3.114962778,50.564147778],[3.115151667,50.564235833],[3.115143333,50.564428056],[3.114962778,50.564534722],[3.114887222,50.564521389],[3.114836944,50.564521389],[3.114757222,50.564531944],[3.114715278,50.564561389],[3.114660556,50.564625556],[3.114580833,50.564612222],[3.114534444,50.564593333],[3.114429444,50.564561389],[3.114349722,50.564516111],[3.114588889,50.564171944],[3.1145975,50.5641425],[3.114580556,50.564105278],[3.114525833,50.564073333],[3.1135725,50.563801389],[3.113492778,50.563793333],[3.113450833,50.563803889],[3.113433889,50.563825278],[3.113198889,50.564178889],[3.113207222,50.5642375],[3.1132575,50.564272222],[3.114320278,50.5645575],[3.114631111,50.564664167],[3.114626944,50.564698889],[3.114635278,50.564762778],[3.114668889,50.564816111],[3.114815833,50.564856111],[3.114958611,50.5648375],[3.115038333,50.5647975],[3.115105556,50.564744167],[3.115135,50.564672222],[3.115118056,50.564616111],[3.115281944,50.564501389],[3.115559167,50.564498611],[3.116016944,50.564888056],[3.115920556,50.565072222],[3.115710556,50.565125556],[3.115605556,50.565101389],[3.115475278,50.565106944],[3.115366111,50.565141667],[3.1153075,50.565200278],[3.115286389,50.565290833],[3.115311667,50.565333611],[3.115387222,50.565373611],[3.115500556,50.565421667],[3.115601389,50.565421667],[3.115698056,50.565381667],[3.115769444,50.565333611],[3.115794444,50.565269444],[3.116000278,50.565178889],[3.116105278,50.565181389],[3.116319444,50.565232222],[3.116357222,50.565274722],[3.116407778,50.565352222],[3.116470833,50.565493611],[3.116542222,50.565635],[3.1165675,50.565760278],[3.116412222,50.565792222],[3.116303056,50.565811111],[3.116185278,50.565813611],[3.116067778,50.565789722],[3.115929167,50.565781667],[3.115798889,50.5657925],[3.11561,50.565808333],[3.115450556,50.565816389],[3.115314722,50.565828889],[3.115041944,50.565759444],[3.114554722,50.565676944],[3.114147222,50.565602222],[3.113319722,50.565442222],[3.112513333,50.565271667],[3.110888056,50.564906389],[3.110941389,50.564895833]]]}},{"type":"Feature","id":"LFQQ-bc53ee059179398b57ab","properties":{"airport":"LFQQ","name":"LFQQ AVISO","layer":"Terrain","category":"Grass","object_type":"Area","style_id":"polygon.grassurface.00512f","source_group":"LFQQ AVISO","vsmr_group_ids":[],"geometry_role":"filled_region"},"geometry":{"type":"Polygon","coordinates":[[[3.109867778,50.563900278],[3.110211389,50.5637525],[3.109983056,50.563526667],[3.110018611,50.563514167],[3.1100625,50.563555833],[3.110102222,50.563584722],[3.110161667,50.563593611],[3.110201389,50.563595],[3.110266944,50.563613889],[3.110324444,50.563675556],[3.110370278,50.563772778],[3.110318611,50.563898889],[3.110253056,50.563945556],[3.110054444,50.564037778],[3.109943333,50.564060278],[3.109748611,50.564054167],[3.109675278,50.564028889],[3.109613611,50.563979722],[3.109528333,50.563906667],[3.109542222,50.563851111],[3.109538056,50.563786667],[3.1095025,50.563743889],[3.109446667,50.563707222],[3.109389167,50.563689444],[3.109369444,50.563683333],[3.109365278,50.563636667],[3.109375278,50.5635925],[3.109434722,50.563540833],[3.109504167,50.563488889],[3.109575833,50.56345],[3.109671111,50.563411944],[3.109746667,50.563389167],[3.109816111,50.563378056],[3.109925278,50.563372778],[3.109976944,50.563383056],[3.109980833,50.563424722],[3.109982778,50.563466111],[3.109998889,50.563490278],[3.110016667,50.563514167],[3.109621389,50.563686944],[3.109867778,50.563900278]]]}},{"type":"Feature","id":"LFQQ-3a7f901a73238d16c561","properties":{"airport":"LFQQ","name":"LFQQ AVISO","layer":"Terrain","category":"Grass","object_type":"Area","style_id":"polygon.grassurface.00512f","source_group":"LFQQ AVISO","vsmr_group_ids":[],"geometry_role":"filled_region"},"geometry":{"type":"Polygon","coordinates":[[[3.116972222,50.571469167],[3.117069722,50.571169722],[3.116314167,50.570066389],[3.116215,50.569892222],[3.116155556,50.56977],[3.116130278,50.569680278],[3.116121667,50.569563333],[3.116115833,50.569477222],[3.116146944,50.569320833],[3.116169722,50.569223889],[3.116254444,50.568961667],[3.116262778,50.568943611],[3.117010278,50.569049167],[3.117629722,50.569147778],[3.117621111,50.569192778],[3.1182575,50.569295],[3.118305556,50.569228333],[3.120280278,50.569503333],[3.120345556,50.569516111],[3.120379444,50.569548333],[3.1204725,50.569830278],[3.1205575,50.570011667],[3.120667778,50.570257778],[3.120766944,50.570523611],[3.120880278,50.570775],[3.120883056,50.570780278],[3.121024722,50.571094722],[3.121134444,50.571381667],[3.121213611,50.571568333],[3.121329722,50.5715575],[3.121318333,50.571537778],[3.121261667,50.571546944],[3.121176667,50.571361944],[3.120568056,50.569976944],[3.120474722,50.569736111],[3.120429167,50.569581667],[3.120420833,50.569524167],[3.120516944,50.569531389],[3.120729167,50.569543889],[3.120918611,50.569538333],[3.121144722,50.569518611],[3.121351111,50.569495278],[3.121538333,50.569446667],[3.1216175,50.569416111],[3.121792778,50.569333333],[3.121971111,50.569220278],[3.122163333,50.569058611],[3.122284722,50.568898611],[3.122380833,50.568761944],[3.122448611,50.568675833],[3.122519444,50.568613056],[3.122584444,50.568584167],[3.122671944,50.568578889],[3.122855833,50.568598611],[3.1229775,50.568623611],[3.123090556,50.568634444],[3.123209444,50.5686325],[3.123348056,50.568596667],[3.123466667,50.568533611],[3.123576944,50.568451111],[3.123671667,50.568371111],[3.123748056,50.568270556],[3.1238525,50.568171667],[3.124002222,50.568033333],[3.124121111,50.567889722],[3.124152222,50.567814167],[3.124149167,50.567699167],[3.124115278,50.567643611],[3.124007778,50.567593333],[3.1238125,50.567519722],[3.123671111,50.567465833],[3.123444722,50.567393889],[3.123181667,50.567333056],[3.122944167,50.567291667],[3.122661111,50.567231944],[3.122429167,50.5671675],[3.122222778,50.567104444],[3.121917222,50.567043611],[3.121685278,50.566995],[3.121147778,50.566921667],[3.120879167,50.566882222],[3.120559444,50.566831944],[3.120299444,50.566790556],[3.120014722,50.566725833],[3.119850556,50.566677222],[3.119661111,50.566616389],[3.119548056,50.566548056],[3.119420556,50.566476111],[3.119253611,50.566433056],[3.118871944,50.566379444],[3.118267222,50.566296667],[3.117905,50.566257222],[3.117633611,50.566226944],[3.117455278,50.566189167],[3.1172575,50.566181944],[3.117121667,50.566146111],[3.117053889,50.566113889],[3.116971667,50.566054444],[3.116926389,50.566004167],[3.116875556,50.56597],[3.116830278,50.565946667],[3.1168075,50.565930556],[3.116889722,50.56583],[3.116954722,50.565765278],[3.117039444,50.565741944],[3.117231667,50.565732778],[3.117336389,50.565786667],[3.117458056,50.565801111],[3.11754,50.565788611],[3.117630556,50.565754444],[3.117678611,50.565700556],[3.117684167,50.565616111],[3.117658611,50.565551389],[3.117579444,50.565499444],[3.117440833,50.565474167],[3.117336389,50.5654975],[3.117279722,50.565547778],[3.117271389,50.565555],[3.117211944,50.565591111],[3.116909444,50.565634167],[3.116833056,50.565594722],[3.116725556,50.565548056],[3.1166775,50.565523056],[3.116627778,50.565388056],[3.116578056,50.565320556],[3.116616944,50.565239444],[3.116677222,50.565149444],[3.116833056,50.565091111],[3.116953611,50.565086389],[3.117052778,50.5651225],[3.117187222,50.565102222],[3.117198056,50.5651],[3.117314722,50.565052778],[3.117360833,50.564962778],[3.117307778,50.564877222],[3.11718,50.564791667],[3.117013611,50.564796111],[3.116918056,50.564845833],[3.116889722,50.564917778],[3.116833056,50.564951389],[3.116641667,50.565007778],[3.116521389,50.565001111],[3.116344167,50.564967222],[3.116283889,50.564922222],[3.116149167,50.564749167],[3.1161775,50.5646275],[3.116191667,50.564546667],[3.116365278,50.564490278],[3.116436111,50.564476667],[3.116581389,50.564485833],[3.116676944,50.564451944],[3.116761944,50.564353056],[3.116740556,50.564240556],[3.116630833,50.564181944],[3.1165175,50.5641775],[3.116361667,50.564224722],[3.116315556,50.564265278],[3.116269444,50.564386944],[3.116064167,50.564465556],[3.115803611,50.5644475],[3.115700556,50.564393889],[3.1162875,50.563917778],[3.115516111,50.563485556],[3.114819722,50.563933889],[3.114763611,50.563896111],[3.114710556,50.563816944],[3.114682222,50.563729722],[3.114804167,50.563565],[3.114913333,50.563563056],[3.115013333,50.563519167],[3.115069444,50.563431944],[3.115069444,50.563384444],[3.115025556,50.563320833],[3.114903889,50.563265278],[3.114778889,50.5632575],[3.114650833,50.563295278],[3.114588611,50.563346667],[3.114554167,50.563412222],[3.114554167,50.563467778],[3.114598056,50.563515278],[3.114513611,50.56367],[3.114301389,50.563727778],[3.114101389,50.563693889],[3.114438611,50.563100833],[3.113458056,50.5629025],[3.113133333,50.563535556],[3.113053611,50.563532778],[3.112878889,50.563515],[3.112781944,50.563513056],[3.112731944,50.563501111],[3.112516389,50.563382222],[3.112497778,50.563213611],[3.112585,50.563146111],[3.11261,50.563046944],[3.112585,50.562961667],[3.112488333,50.562925833],[3.112350833,50.562921944],[3.112232222,50.562965556],[3.112141667,50.563031111],[3.112138611,50.563108333],[3.112157222,50.563148056],[3.112229167,50.563201667],[3.112282222,50.563241389],[3.112298056,50.563386111],[3.112110556,50.563531111],[3.111757778,50.563556944],[3.111517222,50.563471667],[3.111432778,50.563291111],[3.111503056,50.563251667],[3.111525,50.563213889],[3.111534444,50.563138611],[3.1114875,50.563083056],[3.111378333,50.563041389],[3.111215833,50.5630175],[3.111137778,50.563041389],[3.111081667,50.563091111],[3.111044167,50.563160556],[3.111066111,50.563243611],[3.111125278,50.563291389],[3.111228333,50.563350833],[3.111290833,50.563485833],[3.111187778,50.563656389],[3.110813333,50.563741667],[3.110569722,50.563696111],[3.110450833,50.563555278],[3.110478889,50.563410556],[3.110416389,50.563335],[3.110329167,50.563291389],[3.110232222,50.563279444],[3.110094722,50.563299444],[3.110010556,50.563343056],[3.10996,50.56334],[3.109828889,50.563328056],[3.109756944,50.563338056],[3.109613333,50.563383611],[3.109494722,50.563453056],[3.109382222,50.5635225],[3.109326111,50.563609722],[3.109263611,50.563689167],[3.10917,50.563710833],[3.109101389,50.563758611],[3.10907,50.563831944],[3.109076389,50.563905278],[3.1091075,50.563955],[3.109185556,50.563986667],[3.109288611,50.564006389],[3.109376111,50.564004444],[3.109529167,50.564105556],[3.109623056,50.564169167],[3.109635556,50.564226667],[3.109635556,50.564234444],[3.109588611,50.564292222],[3.109376389,50.564413056],[3.109348333,50.564448889],[3.109314444,50.564470556],[3.109186389,50.564494444],[3.109098889,50.564504167],[3.108974167,50.564488333],[3.108855278,50.564442778],[3.108774167,50.564409167],[3.108777222,50.564296111],[3.108708611,50.564238611],[3.108596111,50.564216667],[3.108449444,50.564216667],[3.108355833,50.564254444],[3.108208889,50.564188889],[3.108112222,50.564163056],[3.107993333,50.564155278],[3.107902778,50.5641275],[3.107949722,50.564115556],[3.107553056,50.564018333],[3.107094722,50.563905833],[3.106645,50.563834444],[3.106207778,50.563751111],[3.105848611,50.563689722],[3.105736389,50.563661944],[3.105673889,50.563612222],[3.105709444,50.563464722],[3.105749722,50.563314167],[3.105873333,50.5629625],[3.105986111,50.562668611],[3.105978889,50.562539167],[3.105931389,50.562346944],[3.105851389,50.562298611],[3.105632778,50.562282222],[3.105567222,50.562229167],[3.105319444,50.562150556],[3.105396111,50.562268333],[3.105465278,50.562395556],[3.105490833,50.56253],[3.105468889,50.5626825],[3.105476389,50.562749722],[3.105512778,50.562809722],[3.105509167,50.562906944],[3.105414444,50.563129167],[3.105323333,50.563300278],[3.105629444,50.563355833],[3.105549444,50.563626667],[3.105112222,50.563557222],[3.104824444,50.5635225],[3.104485833,50.563508611],[3.104241667,50.563490278],[3.103939444,50.563453333],[3.103516944,50.563409167],[3.103174444,50.563362222],[3.102671667,50.563288056],[3.102016111,50.563188611],[3.101640833,50.563133056],[3.101356944,50.563075278],[3.100945278,50.563019722],[3.100577222,50.562955],[3.100161944,50.562898889],[3.0996775,50.562815556],[3.0993825,50.562773889],[3.099010833,50.562688333],[3.098672222,50.562611944],[3.098078611,50.562433889],[3.097557778,50.562288056],[3.097011389,50.562133056],[3.096628889,50.562028889],[3.096501389,50.561991944],[3.096634722,50.5616725],[3.096528889,50.561664722],[3.096423333,50.561933333],[3.096345556,50.561945278],[3.096336111,50.561943333],[3.096208611,50.5619275],[3.096143333,50.561897778],[3.095885278,50.561789167],[3.095456111,50.561613333],[3.095058056,50.561453333],[3.094747222,50.561325],[3.094296389,50.561172778],[3.0940325,50.561081111],[3.093797778,50.561008056],[3.093592778,50.560928611],[3.093523056,50.560903333],[3.093513056,50.560846111],[3.093513056,50.560779444],[3.093553056,50.560706667],[3.093587778,50.56064],[3.094292222,50.559808611],[3.094456944,50.559751389],[3.093877778,50.559548333],[3.093323333,50.560189444],[3.093173333,50.560332222],[3.093023611,50.560424167],[3.092928611,50.560462222],[3.092593333,50.560505278],[3.092587778,50.560436667],[3.092739167,50.560301111],[3.092866111,50.560304444],[3.092971389,50.560290833],[3.093044167,50.560253056],[3.093103611,50.560167222],[3.093055,50.560066111],[3.092936389,50.560000833],[3.092801389,50.5599975],[3.09265,50.560045556],[3.092620278,50.5601175],[3.092612222,50.560218889],[3.092431111,50.560338889],[3.092101667,50.560381667],[3.091788611,50.560278889],[3.091726389,50.560131111],[3.091834444,50.559981944],[3.091926389,50.559964444],[3.09201,50.559925],[3.092066667,50.559844444],[3.092091111,50.559770833],[3.092061389,50.5597125],[3.091985833,50.559674722],[3.091893889,50.559652222],[3.091758889,50.559648889],[3.091648333,50.559696944],[3.091615833,50.559763889],[3.091626667,50.5598375],[3.091656389,50.5598925],[3.091634722,50.559943889],[3.091553611,50.560050278],[3.09127,50.5601225],[3.090789444,50.559991944],[3.090700278,50.559822222],[3.090805556,50.559672778],[3.090938056,50.559641944],[3.0909975,50.559618056],[3.091048611,50.559549444],[3.091078333,50.559497778],[3.091048611,50.559448056],[3.090989167,50.559398333],[3.090900278,50.559360556],[3.0907975,50.559351944],[3.0906625,50.559384722],[3.090584167,50.559472222],[3.090570833,50.559518333],[3.090619167,50.559621389],[3.090513889,50.5597725],[3.090198056,50.559825556],[3.089852222,50.559741389],[3.089685,50.559593889],[3.089693056,50.559413889],[3.08982,50.559355556],[3.089830833,50.559283333],[3.089846944,50.559221667],[3.089760556,50.559158056],[3.089654444,50.559123889],[3.089541111,50.559127222],[3.089433056,50.559161389],[3.089370833,50.559221667],[3.089368333,50.559319444],[3.089408611,50.559384444],[3.089489722,50.559429167],[3.089481667,50.559592222],[3.089260278,50.559724167],[3.088841667,50.559736111],[3.088609444,50.5596075],[3.088574167,50.559453056],[3.088666111,50.559388056],[3.088722778,50.559327778],[3.088695833,50.559238611],[3.0886525,50.559178611],[3.088541944,50.559140833],[3.088412222,50.559144444],[3.0882825,50.559195833],[3.088228611,50.559285],[3.088236667,50.559358889],[3.088296111,50.559405],[3.088390556,50.559473611],[3.088395833,50.559626389],[3.088204167,50.559755],[3.087696389,50.559775556],[3.0876075,50.559724167],[3.087515556,50.5596675],[3.087461667,50.559638333],[3.087450833,50.5594875],[3.08754,50.559416944],[3.087583056,50.559381111],[3.087545278,50.559286667],[3.087523611,50.55923],[3.087434722,50.559178611],[3.087288889,50.559178611],[3.087172778,50.559226667],[3.087123056,50.559293889],[3.0871175,50.559347222],[3.087131111,50.559400278],[3.087185,50.559436389],[3.087260556,50.559479167],[3.087274167,50.559635278],[3.0871175,50.559758889],[3.087033889,50.559784722],[3.086693611,50.559791389],[3.086523333,50.5598],[3.086420833,50.559808611],[3.086296389,50.559813889],[3.086180278,50.559818889],[3.085969722,50.559846389],[3.085783333,50.559875556],[3.085526667,50.559935556],[3.085286389,50.560017778],[3.0851,50.560091667],[3.084905556,50.560177222],[3.084794167,50.560245278],[3.084705,50.560291389],[3.084543056,50.5603],[3.084416111,50.5603],[3.084351389,50.560289722],[3.084256944,50.560246944],[3.084221667,50.560205556],[3.084216389,50.560121667],[3.084167778,50.560066667],[3.084089444,50.560021944],[3.084032778,50.560008333],[3.083932778,50.560008333],[3.083832778,50.560028889],[3.083741111,50.560083889],[3.083730278,50.560167778],[3.083765278,50.560224444],[3.083808611,50.560269167],[3.083876111,50.560303333],[3.083975833,50.560325833],[3.084067778,50.560305278],[3.084302778,50.560399444],[3.084348611,50.560598611],[3.084224444,50.560739167],[3.084073056,50.560787222],[3.083913611,50.560828333],[3.083746389,50.560799167],[3.0836625,50.560756389],[3.083613889,50.560703056],[3.083541111,50.560663611],[3.083438333,50.56065],[3.083330556,50.560665278],[3.083265556,50.560704722],[3.083219722,50.560780278],[3.083222222,50.560867778],[3.083270833,50.560926111],[3.083378889,50.560955278],[3.083454444,50.560963889],[3.083605833,50.5609175],[3.083900278,50.560948611],[3.084024444,50.561128611],[3.084005556,50.561248611],[3.083673611,50.561355556],[3.083408889,50.562158333],[3.083595,50.562352222],[3.083436944,50.562749722],[3.082996667,50.562689444],[3.082843889,50.5631525],[3.082846667,50.563276111],[3.082886944,50.563358611],[3.082968056,50.563454444],[3.083019444,50.563509444],[3.083040833,50.563547222],[3.0830275,50.563598611],[3.0829625,50.5636125],[3.082911389,50.563598611],[3.082822222,50.563554167],[3.082676389,50.563536944],[3.077813611,50.562851111],[3.077681389,50.562825278],[3.077565278,50.562791111],[3.077497778,50.562760278],[3.077376111,50.562734444],[3.077300556,50.562724167],[3.077535833,50.562094444],[3.077473611,50.562077222],[3.0772575,50.562713889],[3.077125,50.562696667],[3.076946944,50.562670833],[3.076765833,50.562653611],[3.076617222,50.562629722],[3.076530833,50.562600556],[3.076420278,50.562540278],[3.07635,50.562480278],[3.076285278,50.562380833],[3.076261111,50.562293333],[3.076204444,50.562186944],[3.076163889,50.562094167],[3.076166667,50.562054722],[3.076263889,50.561761389],[3.076188333,50.561752778],[3.076131667,50.561859167],[3.076045,50.561848889],[3.076045,50.5619175],[3.076136944,50.561938056],[3.076109722,50.5620275],[3.076153056,50.56212],[3.07618,50.562217778],[3.076206944,50.562284722],[3.076236667,50.562373889],[3.076239444,50.5623825],[3.076266389,50.562452778],[3.0763175,50.562504444],[3.0764175,50.562578056],[3.076422778,50.562585],[3.076493056,50.562621111],[3.076595833,50.562643333],[3.076952222,50.562696667],[3.077265556,50.562744722],[3.077441111,50.562770556],[3.077422222,50.562791111],[3.076987222,50.562730833],[3.076560556,50.5626725],[3.076441667,50.562638056],[3.076209444,50.562564444],[3.076139444,50.5625025],[3.076055833,50.562185278],[3.075996389,50.561987778],[3.075950556,50.561819722],[3.07598,50.561799444],[3.0760475,50.561686111],[3.076196111,50.561554167],[3.07692,50.561363889],[3.076963056,50.561384722],[3.077115556,50.561366111],[3.077086389,50.561283333],[3.083169722,50.562158056],[3.083518333,50.561093333],[3.083025,50.560899722],[3.083112222,50.560333056],[3.082945556,50.559775278],[3.082209444,50.557949722],[3.085757222,50.557180278],[3.0859025,50.557115833],[3.086598889,50.557245],[3.087976111,50.557468333],[3.089858333,50.557958889],[3.091786944,50.558449722],[3.093236389,50.559188056],[3.093865556,50.559470556],[3.095280556,50.55992],[3.094543056,50.560756111],[3.096493889,50.561535],[3.096811389,50.561655],[3.098463333,50.562114167],[3.099338333,50.562342778],[3.099736944,50.562435556],[3.101195,50.562647778],[3.102700556,50.562870833],[3.103331111,50.562963333],[3.103768333,50.563028611],[3.104137222,50.563055833],[3.1044675,50.563094167],[3.104806111,50.562625556],[3.105024722,50.562304167],[3.105166389,50.562099722],[3.105445,50.562154167],[3.105646667,50.562197778],[3.105898333,50.5622125],[3.106288611,50.562245278],[3.106820278,50.562316111],[3.107094722,50.562359444],[3.107112222,50.5630025],[3.107120833,50.563479167],[3.108608889,50.563855],[3.1091175,50.56359],[3.109494722,50.563413056],[3.109825,50.563282222],[3.109996389,50.563173056],[3.110416667,50.563069722],[3.110763889,50.563006944],[3.110943889,50.562840833],[3.111368611,50.5627425],[3.111574444,50.562718056],[3.112024722,50.562715278],[3.112335833,50.562791944],[3.113202222,50.5628],[3.113210556,50.562712778],[3.114342778,50.562876111],[3.114321389,50.562971389],[3.115145,50.563194722],[3.115277222,50.563251944],[3.116045,50.563581389],[3.116551389,50.563946389],[3.116735833,50.564101667],[3.116881667,50.564180556],[3.117061667,50.564363056],[3.117516667,50.564836944],[3.117778333,50.565335833],[3.117881389,50.56557],[3.117963056,50.565981389],[3.117908333,50.566216111],[3.118585833,50.566283889],[3.119203333,50.5663575],[3.119456389,50.566400833],[3.119619444,50.566520833],[3.119855556,50.566624167],[3.120619722,50.566769167],[3.121288889,50.566858889],[3.121837778,50.566967778],[3.12267,50.567152778],[3.123813611,50.567426667],[3.124135278,50.567511111],[3.124225556,50.567579167],[3.124272778,50.567718056],[3.124328333,50.567734444],[3.124366944,50.567745278],[3.12421,50.567909722],[3.124051389,50.568089722],[3.123832778,50.568299444],[3.12367,50.568544722],[3.123374444,50.568986111],[3.123100278,50.569411111],[3.122997222,50.569498333],[3.1225825,50.570237778],[3.122376667,50.570453056],[3.121913889,50.57097],[3.121679444,50.571236389],[3.121515278,50.571407778],[3.121459444,50.571484167],[3.121374444,50.571586389],[3.121345278,50.571606944],[3.121167222,50.571883056],[3.120973056,50.572209444],[3.120785556,50.572443333],[3.117771111,50.572055833],[3.117830278,50.571961389],[3.116768333,50.571806944],[3.116818611,50.571684167],[3.117146111,50.571732222],[3.117120833,50.571822778],[3.118195556,50.571953333],[3.118266944,50.571721389],[3.117246667,50.571564167],[3.117192222,50.571644167],[3.116864722,50.571604167],[3.116877222,50.571561667],[3.116608611,50.571513611],[3.116616944,50.5714575],[3.116646389,50.571425556],[3.116972222,50.571469167]]]}},{"type":"Feature","id":"LFQQ-549978f4dc40e27c5cc6","properties":{"airport":"LFQQ","name":"LFQQ AVISO","layer":"Terrain","category":"Grass","object_type":"Area","style_id":"polygon.grassurface.00512f","source_group":"LFQQ AVISO","vsmr_group_ids":[],"geometry_role":"filled_region"},"geometry":{"type":"Polygon","coordinates":[[[3.116576111,50.571601389],[3.116649444,50.571618889],[3.116692222,50.571660556],[3.116705,50.571710278],[3.116677222,50.571791944],[3.116498056,50.571763333],[3.116576111,50.571601389]]]}},{"type":"Feature","id":"LFQQ-78601faae7b1603f4936","properties":{"airport":"LFQQ","name":"LFQQ AVISO","layer":"Terrain","category":"Grass","object_type":"Area","style_id":"polygon.grassurface.00512f","source_group":"LFQQ AVISO","vsmr_group_ids":[],"geometry_role":"filled_region"},"geometry":{"type":"Polygon","coordinates":[[[3.116277778,50.5689175],[3.116409444,50.568519722],[3.116435833,50.568469444],[3.116435833,50.568424722],[3.116421111,50.568395],[3.1163625,50.568359722],[3.116453333,50.568210833],[3.116570278,50.568084444],[3.116710833,50.567978333],[3.116889444,50.567941111],[3.117024167,50.567918889],[3.117153056,50.567928056],[3.1194225,50.568255],[3.119640278,50.568280556],[3.119871667,50.568373611],[3.12085,50.5689275],[3.121011111,50.569009444],[3.121136944,50.569033333],[3.1212775,50.569040833],[3.121376944,50.569026111],[3.121503889,50.569000278],[3.121623889,50.568963056],[3.121746667,50.568890278],[3.121814167,50.568825278],[3.121863889,50.568773056],[3.121890278,50.568715556],[3.121934167,50.568680278],[3.122232778,50.568693056],[3.122279444,50.568693056],[3.122323611,50.5687025],[3.122335278,50.5687525],[3.122323611,50.568786111],[3.122188889,50.568946111],[3.122074722,50.569083611],[3.121928611,50.569193611],[3.121761667,50.569305],[3.121545,50.569394444],[3.121307778,50.569457778],[3.121006389,50.569489444],[3.120795556,50.569498889],[3.120572778,50.569491389],[3.120206944,50.569458056],[3.1196125,50.569381944],[3.118419444,50.569216389],[3.116277778,50.5689175]]]}},{"type":"Feature","id":"LFQQ-4fffba5300fcaf88ccb9","properties":{"airport":"LFQQ","name":"LFQQ AVISO","layer":"Terrain","category":"Grass","object_type":"Area","style_id":"polygon.grassurface.00512f","source_group":"LFQQ AVISO","vsmr_group_ids":[],"geometry_role":"filled_region"},"geometry":{"type":"Polygon","coordinates":[[[3.113728611,50.571933611],[3.113334167,50.571862778],[3.113471111,50.571389167],[3.113514167,50.571402778],[3.113449722,50.571620556],[3.113685556,50.571655833],[3.113732778,50.571593333],[3.113844167,50.571615],[3.113728611,50.571933611]]]}},{"type":"Feature","id":"LFQQ-90e1f3847f4e8210afd7","properties":{"airport":"LFQQ","name":"LFQQ AVISO","layer":"Terrain","category":"Grass","object_type":"Area","style_id":"polygon.grassurface.00512f","source_group":"LFQQ AVISO","vsmr_group_ids":[],"geometry_role":"filled_region"},"geometry":{"type":"Polygon","coordinates":[[[3.113869722,50.57134],[3.112099167,50.571100556],[3.111889167,50.571740556],[3.113295556,50.571955556],[3.11333,50.57198],[3.113338611,50.572023611],[3.11333,50.572078056],[3.113295556,50.572126944],[3.113235556,50.5721625],[3.112832778,50.572216944],[3.112506944,50.572230556],[3.111555,50.572083611],[3.111910556,50.570991667],[3.111966111,50.570956389],[3.112094722,50.570929167],[3.112326389,50.57094],[3.113663889,50.571122222],[3.113831111,50.571190278],[3.113908333,50.571239167],[3.113946944,50.571271944],[3.113955556,50.571293611],[3.113925556,50.571315556],[3.113869722,50.57134]]]}},{"type":"Feature","id":"LFQQ-d525f85df47262fddcc4","properties":{"airport":"LFQQ","name":"LFQQ AVISO","layer":"Terrain","category":"Grass","object_type":"Area","style_id":"polygon.grassurface.00512f","source_group":"LFQQ AVISO","vsmr_group_ids":[],"geometry_role":"filled_region"},"geometry":{"type":"Polygon","coordinates":[[[3.113696944,50.572361111],[3.113873333,50.571936389],[3.114012778,50.571959722],[3.113893889,50.572298611],[3.113856944,50.572353333],[3.113820278,50.572368889],[3.113754444,50.572371389],[3.113696944,50.572361111]]]}},{"type":"Feature","id":"LFQQ-a449060bac2ca92e3f38","properties":{"airport":"LFQQ","name":"LFQQ AVISO","layer":"Terrain","category":"Grass","object_type":"Area","style_id":"polygon.grassurface.00512f","source_group":"LFQQ AVISO","vsmr_group_ids":[],"geometry_role":"filled_region"},"geometry":{"type":"Polygon","coordinates":[[[3.116220278,50.57253],[3.116265278,50.572522222],[3.116310556,50.572509167],[3.116351389,50.572472778],[3.116380278,50.572402222],[3.11654,50.571839444],[3.116601389,50.5718525],[3.116621944,50.571888889],[3.116408889,50.572550833],[3.116363889,50.572610833],[3.116306389,50.572613333],[3.116261389,50.572613333],[3.116212222,50.572600278],[3.116220278,50.57253]]]}},{"type":"Feature","id":"LFQQ-c1c28497669d653a16f5","properties":{"airport":"LFQQ","name":"LFQQ AVISO","layer":"Terrain","category":"Grass","object_type":"Area","style_id":"polygon.grassurface.00512f","source_group":"LFQQ AVISO","vsmr_group_ids":[],"geometry_role":"filled_region"},"geometry":{"type":"Polygon","coordinates":[[[3.116515556,50.572540556],[3.116749167,50.571875833],[3.116905,50.571907222],[3.116745278,50.572415278],[3.116675556,50.572446667],[3.116642778,50.572480556],[3.116634722,50.572522222],[3.11661,50.572553333],[3.116585556,50.572576944],[3.116528056,50.572571667],[3.116515556,50.572540556]]]}},{"type":"Feature","id":"LFQQ-720c9e1ded5b5502c68a","properties":{"airport":"LFQQ","name":"LFQQ AVISO","layer":"Terrain","category":"Grass","object_type":"Area","style_id":"polygon.grassurface.00512f","source_group":"LFQQ AVISO","vsmr_group_ids":[],"geometry_role":"filled_region"},"geometry":{"type":"Polygon","coordinates":[[[3.117791389,50.572058056],[3.117541389,50.572834722],[3.116465,50.572707778],[3.116485556,50.572676389],[3.116551111,50.572663611],[3.116719444,50.5727025],[3.117347222,50.572783333],[3.117420833,50.572775278],[3.117449722,50.572731111],[3.117576667,50.572426111],[3.11763,50.572428889],[3.117753056,50.572053611],[3.117791389,50.572058056]]]}},{"type":"Feature","id":"LFQQ-6047a744299f1862aa8c","properties":{"airport":"LFQQ","name":"LFQQ AVISO","layer":"Terrain","category":"Grass","object_type":"Area","style_id":"polygon.grassurface.00512f","source_group":"LFQQ AVISO","vsmr_group_ids":[],"geometry_role":"filled_region"},"geometry":{"type":"Polygon","coordinates":[[[3.113000556,50.570588333],[3.112955556,50.570717222],[3.112896111,50.570790833],[3.112856667,50.570898333],[3.112941389,50.570926944],[3.113429444,50.571000278],[3.113592778,50.570582778],[3.11368,50.570283611],[3.113682778,50.570276667],[3.113733611,50.570190556],[3.113716667,50.570145833],[3.113598333,50.570126111],[3.113166667,50.570079722],[3.11313,50.570144167],[3.113090556,50.570264167],[3.113048333,50.570375278],[3.113000556,50.5704075],[3.112980833,50.570468333],[3.112946944,50.570488056],[3.112868056,50.570547222],[3.112746667,50.570905556],[3.112724167,50.570937778],[3.112698889,50.570946667],[3.112684722,50.570934167],[3.112693333,50.5709],[3.112814444,50.57054],[3.112422222,50.570491667],[3.112326389,50.570765833],[3.112597222,50.570803333],[3.112608611,50.570901944],[3.112600278,50.570926944],[3.112583333,50.570941389],[3.112555,50.570941389],[3.1124675,50.570932222],[3.112205278,50.570901944],[3.112100833,50.570893056],[3.112036111,50.570891111],[3.111971111,50.570914444],[3.111928889,50.570930556],[3.112420278,50.5695675],[3.112473889,50.569479722],[3.11255,50.569404444],[3.112662778,50.569348889],[3.112753056,50.569315],[3.112868611,50.569295278],[3.113060556,50.5692575],[3.113133889,50.569246944],[3.115236389,50.569545556],[3.115349167,50.569574167],[3.115433889,50.569633333],[3.115470556,50.569697778],[3.115490278,50.569783611],[3.115473333,50.569866111],[3.115263333,50.570418611],[3.115201389,50.570470556],[3.115139167,50.570486944],[3.115066111,50.570503056],[3.114981389,50.570506667],[3.114882778,50.570501111],[3.114544167,50.570442222],[3.1143075,50.571119167],[3.114268056,50.571181944],[3.114191944,50.571216111],[3.114031111,50.571255556],[3.113994444,50.571253611],[3.113949444,50.571217778],[3.113940833,50.5712125],[3.113864722,50.571158611],[3.113678611,50.571094167],[3.113492222,50.571053611],[3.113325833,50.571028333],[3.11299,50.570989167],[3.112863333,50.570969444],[3.112826667,50.570946111],[3.112818056,50.570897778],[3.112818056,50.5708475],[3.112925,50.570532222],[3.1130125,50.570534167],[3.113000556,50.570588333]]]}},{"type":"Feature","id":"LFQQ-9768c1a92b8c29b4d007","properties":{"airport":"LFQQ","name":"LFQQ AVISO","layer":"Terrain","category":"Grass","object_type":"Area","style_id":"polygon.grassurface.00512f","source_group":"LFQQ AVISO","vsmr_group_ids":[],"geometry_role":"filled_region"},"geometry":{"type":"Polygon","coordinates":[[[3.109226667,50.571770833],[3.109401111,50.571290556],[3.109438611,50.571163611],[3.109446667,50.571064722],[3.109446667,50.571061389],[3.109428056,50.571004167],[3.109393611,50.5709],[3.109393611,50.570841389],[3.107444444,50.570571944],[3.107330833,50.570521389],[3.107243333,50.570461111],[3.107126944,50.570360278],[3.107060833,50.570257778],[3.107060833,50.570131944],[3.107095278,50.569985278],[3.107264444,50.569533333],[3.107386111,50.5692025],[3.107478333,50.569049167],[3.107541944,50.568946667],[3.107636944,50.568839167],[3.107732222,50.568750278],[3.107808889,50.568701389],[3.107941111,50.568649444],[3.108120833,50.5686275],[3.108324167,50.568625],[3.108633056,50.568628611],[3.108977778,50.568658889],[3.109227222,50.568681389],[3.111786111,50.5690425],[3.111875278,50.569106667],[3.111982222,50.569178333],[3.112077222,50.569299167],[3.1121725,50.569393611],[3.112249722,50.569472778],[3.112291389,50.569597222],[3.112273611,50.569718056],[3.112208333,50.569910556],[3.111466111,50.572088333],[3.109226667,50.571770833]]]}},{"type":"Feature","id":"LFQQ-9817338761b771ce8616","properties":{"airport":"LFQQ","name":"LFQQ AVISO","layer":"Terrain","category":"Grass","object_type":"Area","style_id":"polygon.grassurface.00512f","source_group":"LFQQ AVISO","vsmr_group_ids":[],"geometry_role":"filled_region"},"geometry":{"type":"Polygon","coordinates":[[[3.103246944,50.569608889],[3.103192778,50.569496944],[3.103192778,50.569356389],[3.103206111,50.56915],[3.103278333,50.568863333],[3.103373333,50.568608056],[3.103445278,50.568464722],[3.103562778,50.568278333],[3.103666667,50.568131944],[3.103793056,50.568054722],[3.104050278,50.568011667],[3.104515278,50.568023056],[3.104790556,50.568040278],[3.105056944,50.568086111],[3.106185556,50.568249444],[3.106506111,50.568323889],[3.1067725,50.56843],[3.106948611,50.568521667],[3.107079722,50.568627778],[3.107138333,50.568805556],[3.107143056,50.569043611],[3.107043611,50.569338889],[3.10694,50.569608611],[3.106858611,50.569754722],[3.106696111,50.569972778],[3.106560833,50.570047222],[3.106371111,50.5701075],[3.106168056,50.570121944],[3.105626389,50.570093056],[3.105341944,50.570058889],[3.104483889,50.569941389],[3.104195,50.569898333],[3.103879167,50.569829444],[3.10359,50.569752222],[3.103350833,50.569683333],[3.103246944,50.569608889]]]}},{"type":"Feature","id":"LFQQ-3215aac24ceaa93f4493","properties":{"airport":"LFQQ","name":"LFQQ AVISO","layer":"Terrain","category":"Grass","object_type":"Area","style_id":"polygon.grassurface.00512f","source_group":"LFQQ AVISO","vsmr_group_ids":[],"geometry_role":"filled_region"},"geometry":{"type":"Polygon","coordinates":[[[3.101765556,50.570703889],[3.100856944,50.570577778],[3.100700278,50.570514722],[3.100548611,50.570438611],[3.100454722,50.570365556],[3.100407778,50.570285833],[3.100376389,50.570146667],[3.100397222,50.570010556],[3.100830556,50.568786667],[3.100861944,50.568710278],[3.100830556,50.568657222],[3.100746944,50.568620833],[3.100579722,50.568587778],[3.100454444,50.568571111],[3.1004075,50.568557778],[3.100370833,50.568528056],[3.100418056,50.568381944],[3.1004775,50.568212222],[3.100576667,50.568033056],[3.100649722,50.567933611],[3.100728056,50.567853889],[3.100811667,50.567781111],[3.100968333,50.567694722],[3.101093611,50.567638333],[3.101276389,50.567601944],[3.101453889,50.567568611],[3.102169444,50.567678056],[3.102435833,50.567741111],[3.1028275,50.567837222],[3.103015556,50.567913611],[3.103125278,50.568013056],[3.103166944,50.568099167],[3.103166944,50.568235278],[3.103125278,50.568533889],[3.103078333,50.568736111],[3.102953056,50.569091111],[3.102791111,50.569528889],[3.102088056,50.569804167],[3.101816667,50.57064],[3.101765556,50.570703889]]]}},{"type":"Feature","id":"LFQQ-ecbec42f3808c77ae200","properties":{"airport":"LFQQ","name":"LFQQ AVISO","layer":"Terrain","category":"Grass","object_type":"Area","style_id":"polygon.grassurface.00512f","source_group":"LFQQ AVISO","vsmr_group_ids":[],"geometry_role":"filled_region"},"geometry":{"type":"Polygon","coordinates":[[[3.100526111,50.567936944],[3.100529722,50.567868333],[3.100512222,50.567771389],[3.100456667,50.567647778],[3.100387222,50.567566111],[3.100331667,50.567495556],[3.100258611,50.567446944],[3.100154444,50.567393889],[3.101241944,50.567537222],[3.101116944,50.567570556],[3.100956944,50.567618889],[3.100859722,50.5676675],[3.100748611,50.567729444],[3.100686111,50.567775833],[3.10062,50.567828611],[3.100581944,50.567877222],[3.100526111,50.567936944]]]}},{"type":"Feature","id":"LFQQ-71421a586786b47124ca","properties":{"airport":"LFQQ","name":"LFQQ AVISO","layer":"Terrain","category":"Grass","object_type":"Area","style_id":"polygon.grassurface.00512f","source_group":"LFQQ AVISO","vsmr_group_ids":[],"geometry_role":"filled_region"},"geometry":{"type":"Polygon","coordinates":[[[3.100480278,50.568758611],[3.100515556,50.568673889],[3.100637222,50.568650278],[3.100700833,50.568670556],[3.100764167,50.568714167],[3.100774722,50.568757778],[3.100658611,50.5691375],[3.100616111,50.569164444],[3.100579167,50.569177778],[3.100541944,50.569130833],[3.100446944,50.569060278],[3.100288056,50.568999722],[3.100081667,50.568962778],[3.099907222,50.568939444],[3.099637222,50.568905833],[3.099436111,50.568892222],[3.099266944,50.5689125],[3.099081667,50.568946111],[3.0991875,50.568781389],[3.099420278,50.568818333],[3.099605556,50.5682975],[3.099176944,50.568236944],[3.098965278,50.568936111],[3.098928333,50.568976389],[3.09887,50.568979722],[3.098854167,50.568952778],[3.098880556,50.5689125],[3.098933611,50.568744444],[3.098727222,50.5687175],[3.098668889,50.568895556],[3.098748333,50.568909167],[3.098700833,50.568986389],[3.098647778,50.568996389],[3.098557778,50.568986389],[3.098436111,50.568956111],[3.09887,50.567746389],[3.097441389,50.567554722],[3.097330278,50.567514444],[3.097271944,50.567460556],[3.097261389,50.567393333],[3.097309167,50.567265833],[3.097367222,50.567165],[3.097488889,50.567097778],[3.097674167,50.567043889],[3.097806389,50.5670575],[3.100039167,50.567376667],[3.100113333,50.567430278],[3.100271944,50.567558056],[3.100346111,50.567652222],[3.100399167,50.567753056],[3.100436111,50.567873889],[3.100446667,50.568015],[3.100436111,50.568122778],[3.100372778,50.568273889],[3.100340833,50.568374722],[3.100325,50.568455278],[3.100309167,50.5685025],[3.100134722,50.568532778],[3.100073333,50.5687],[3.100043611,50.568825833],[3.100561667,50.568898056],[3.100610556,50.5687775],[3.100480278,50.568758611]]]}},{"type":"Feature","id":"LFQQ-35f3169c980387db9843","properties":{"airport":"LFQQ","name":"LFQQ AVISO","layer":"Terrain","category":"Grass","object_type":"Area","style_id":"polygon.grassurface.00512f","source_group":"LFQQ AVISO","vsmr_group_ids":[],"geometry_role":"filled_region"},"geometry":{"type":"Polygon","coordinates":[[[3.099841667,50.570216944],[3.100309444,50.570281389],[3.100338611,50.570320556],[3.100349444,50.570375833],[3.100331389,50.570433333],[3.100284167,50.570495556],[3.10019,50.570527778],[3.100117222,50.570541667],[3.100070278,50.570543889],[3.098525556,50.57033],[3.098438333,50.570290833],[3.098413056,50.570242222],[3.098398611,50.570198611],[3.098383889,50.570184722],[3.098445556,50.570186944],[3.09854,50.5699175],[3.098463889,50.569899167],[3.098489167,50.569864722],[3.098525278,50.569866944],[3.098616111,50.569878333],[3.098663056,50.569887778],[3.098819167,50.569906111],[3.099091111,50.569938333],[3.099218056,50.569952222],[3.099279722,50.569986667],[3.099297778,50.570030556],[3.099279722,50.570071944],[3.0992,50.570067222],[3.099112778,50.570290833],[3.099366667,50.570325278],[3.099410278,50.57027],[3.099798333,50.570329722],[3.099841667,50.570216944]]]}},{"type":"Feature","id":"LFQQ-5a933d3035e7dd39038d","properties":{"airport":"LFQQ","name":"LFQQ AVISO","layer":"Terrain","category":"Grass","object_type":"Area","style_id":"polygon.grassurface.00512f","source_group":"LFQQ AVISO","vsmr_group_ids":[],"geometry_role":"filled_region"},"geometry":{"type":"Polygon","coordinates":[[[3.099134444,50.569431667],[3.099225278,50.569440833],[3.099250556,50.569367222],[3.099207222,50.569341944],[3.099196111,50.569295833],[3.099188889,50.569270556],[3.099301389,50.569270556],[3.0993375,50.569254167],[3.099348611,50.5692175],[3.099333889,50.569196667],[3.099294167,50.569171389],[3.099239722,50.569171389],[3.099199722,50.5691875],[3.09916,50.569185278],[3.099149167,50.5691575],[3.099098333,50.569093056],[3.099058333,50.569033333],[3.099116389,50.569003333],[3.099174444,50.568991667],[3.099326667,50.568966389],[3.099464444,50.568957222],[3.099656667,50.5689525],[3.099932222,50.568989444],[3.100055556,50.5690125],[3.100128056,50.569049167],[3.100305833,50.569081389],[3.1004,50.569136667],[3.100468889,50.569212778],[3.100519722,50.569275],[3.100519722,50.569351111],[3.100516111,50.569445278],[3.100494444,50.5695675],[3.100429167,50.5697125],[3.100403889,50.569832222],[3.100320278,50.570002778],[3.100186111,50.569956667],[3.100084722,50.569924444],[3.100005,50.569899167],[3.099885278,50.569883056],[3.099932222,50.569836944],[3.099675,50.569806944],[3.099609722,50.569786389],[3.099558889,50.569883056],[3.099413889,50.569876111],[3.099399444,50.569924444],[3.099334167,50.56989],[3.099337778,50.569843889],[3.099403056,50.569825556],[3.099446389,50.569848611],[3.0995225,50.569811667],[3.099511667,50.569790833],[3.099569722,50.569756389],[3.099663889,50.569767778],[3.099754722,50.569687222],[3.099718333,50.569664167],[3.09978,50.569611389],[3.099678611,50.569546667],[3.099431944,50.569413333],[3.0993775,50.569461667],[3.099276111,50.569459167],[3.099221667,50.569592778],[3.099029444,50.56954],[3.0989425,50.569698889],[3.099051111,50.569726389],[3.099207222,50.569749444],[3.099218056,50.569710278],[3.099261389,50.569696389],[3.099308611,50.569717222],[3.099308611,50.569770278],[3.099286944,50.569823056],[3.099257778,50.569866944],[3.099218056,50.56989],[3.099127222,50.569892222],[3.0985,50.569806944],[3.098514444,50.569758611],[3.098634167,50.569761111],[3.098663056,50.569629722],[3.098743056,50.569620556],[3.098753889,50.569574444],[3.098503611,50.569533056],[3.098420278,50.569420278],[3.098496389,50.569046944],[3.098601389,50.569049444],[3.098692222,50.569046944],[3.098877222,50.569035556],[3.098942222,50.569060833],[3.098993056,50.569095278],[3.098993056,50.5691275],[3.099018611,50.569219722],[3.099094722,50.569353333],[3.099134444,50.569431667]]]}},{"type":"Feature","id":"LFQQ-2f48d4fa2b81c908a02b","properties":{"airport":"LFQQ","name":"LFQQ AVISO","layer":"Terrain","category":"Grass","object_type":"Area","style_id":"polygon.grassurface.00512f","source_group":"LFQQ AVISO","vsmr_group_ids":[],"geometry_role":"filled_region"},"geometry":{"type":"Polygon","coordinates":[[[3.097704167,50.568923333],[3.097530278,50.569263333],[3.0977175,50.5692975],[3.097690833,50.569361111],[3.096017778,50.569118889],[3.096071389,50.569016944],[3.096961389,50.569157222],[3.097061667,50.568838333],[3.097704167,50.568923333]]]}},{"type":"Feature","id":"LFQQ-0b46811f5cf6099da7ee","properties":{"airport":"LFQQ","name":"LFQQ AVISO","layer":"Terrain","category":"Grass","object_type":"Area","style_id":"polygon.grassurface.00512f","source_group":"LFQQ AVISO","vsmr_group_ids":[],"geometry_role":"filled_region"},"geometry":{"type":"Polygon","coordinates":[[[3.098058889,50.569718333],[3.098166111,50.569386667],[3.098038889,50.569369722],[3.098192778,50.568978611],[3.098232778,50.569004167],[3.098192778,50.569144444],[3.098259722,50.569178333],[3.098226111,50.569408056],[3.09832,50.569429167],[3.098326667,50.569493056],[3.098406944,50.569526944],[3.09834,50.569730833],[3.098413611,50.569743611],[3.098413611,50.569811667],[3.098025556,50.569748056],[3.098058889,50.569718333]]]}},{"type":"Feature","id":"LFQQ-77c4a8957290c89da89a","properties":{"airport":"LFQQ","name":"LFQQ AVISO","layer":"Terrain","category":"Grass","object_type":"Area","style_id":"polygon.grassurface.00512f","source_group":"LFQQ AVISO","vsmr_group_ids":[],"geometry_role":"filled_region"},"geometry":{"type":"Polygon","coordinates":[[[3.094773056,50.568485556],[3.095609722,50.568608889],[3.095576111,50.568736389],[3.094739722,50.568596111],[3.094773056,50.568485556]]]}},{"type":"Feature","id":"LFQQ-50408ee590586a347f7d","properties":{"airport":"LFQQ","name":"LFQQ AVISO","layer":"Terrain","category":"Grass","object_type":"Area","style_id":"polygon.grassurface.00512f","source_group":"LFQQ AVISO","vsmr_group_ids":[],"geometry_role":"filled_region"},"geometry":{"type":"Polygon","coordinates":[[[3.091943333,50.573254722],[3.091829722,50.573265],[3.091707778,50.573272778],[3.091585833,50.573257222],[3.091463889,50.573215833],[3.091362222,50.573203056],[3.091268889,50.573203056],[3.091203611,50.573159167],[3.091008611,50.573025],[3.088215,50.566338333],[3.088243333,50.566299722],[3.088251667,50.5662325],[3.088271944,50.566181111],[3.088296389,50.566129444],[3.088328889,50.566103611],[3.088401944,50.566057222],[3.0884425,50.566039167],[3.088475,50.565982222],[3.088523889,50.565920278],[3.088580833,50.565884167],[3.088661944,50.565850556],[3.088735278,50.565822222],[3.088796111,50.565801667],[3.088873333,50.565791111],[3.092801944,50.566346389],[3.094553056,50.566603611],[3.094735833,50.566634444],[3.094914722,50.566668056],[3.095191111,50.566719722],[3.095329167,50.566781667],[3.095447222,50.566871944],[3.095552778,50.5669625],[3.095585278,50.567083611],[3.095573056,50.567174167],[3.095520278,50.567285],[3.095463333,50.567341944],[3.095394167,50.567372778],[3.095199167,50.567375556],[3.094045,50.5672075],[3.094008333,50.567349722],[3.093923056,50.5674425],[3.093910833,50.567452778],[3.093760556,50.567532778],[3.093618333,50.567581944],[3.09348,50.567612778],[3.09322,50.567592222],[3.0930175,50.567554444],[3.0928225,50.568130278],[3.092737222,50.568305556],[3.092615278,50.568305556],[3.092444444,50.568863333],[3.093111111,50.568956111],[3.093139444,50.568899444],[3.0932775,50.568927778],[3.092686111,50.5707425],[3.092673889,50.570895],[3.092686111,50.5709775],[3.092738889,50.571039444],[3.092840556,50.571101389],[3.092998889,50.571147778],[3.093206389,50.571173611],[3.094366944,50.571346389],[3.094841389,50.571413333],[3.095038333,50.571436944],[3.095247222,50.571436944],[3.095407222,50.571425],[3.095585556,50.571413333],[3.095616111,50.571491389],[3.095634722,50.571511111],[3.095751389,50.571604722],[3.095806667,50.571643889],[3.095954444,50.571835],[3.096175556,50.572108333],[3.096403056,50.572444167],[3.096636667,50.57278],[3.096735278,50.573002778],[3.0967475,50.573205833],[3.096765833,50.573361944],[3.096661389,50.573619722],[3.0965875,50.573799167],[3.09652,50.573978889],[3.096495278,50.574060833],[3.096384722,50.574088056],[3.096175556,50.574025833],[3.096034167,50.573978889],[3.096028056,50.573951389],[3.096126389,50.573924167],[3.096329444,50.573885],[3.096433889,50.57385],[3.096489167,50.573822778],[3.096563056,50.573697778],[3.096507778,50.573592222],[3.096630556,50.573119722],[3.096618333,50.573076944],[3.096298611,50.572998611],[3.09636,50.572834722],[3.094743056,50.572600556],[3.094663056,50.572783889],[3.094491111,50.572764444],[3.094497222,50.572729444],[3.093335278,50.572565278],[3.093359722,50.572483333],[3.093132222,50.57246],[3.093089167,50.572538056],[3.092996944,50.572569167],[3.092628056,50.573041667],[3.092548056,50.5731275],[3.092474444,50.573174444],[3.092117778,50.573225278],[3.091943333,50.573254722]]]}},{"type":"Feature","id":"LFQQ-24f367f1c00ef550042f","properties":{"airport":"LFQQ","name":"LFQQ AVISO","layer":"Terrain","category":"Grass","object_type":"Area","style_id":"polygon.grassurface.00512f","source_group":"LFQQ AVISO","vsmr_group_ids":[],"geometry_role":"filled_region"},"geometry":{"type":"Polygon","coordinates":[[[3.095255833,50.573730833],[3.095931389,50.573822778],[3.095941944,50.573873889],[3.095883056,50.573925],[3.095164722,50.573730833],[3.095255833,50.573730833]]]}},{"type":"Feature","id":"LFQQ-14dcf9ba855b06a120e9","properties":{"airport":"LFQQ","name":"LFQQ AVISO","layer":"Terrain","category":"Grass","object_type":"Area","style_id":"polygon.grassurface.00512f","source_group":"LFQQ AVISO","vsmr_group_ids":[],"geometry_role":"filled_region"},"geometry":{"type":"Polygon","coordinates":[[[3.091000833,50.573855],[3.093154722,50.573503889],[3.0934075,50.573497222],[3.093770833,50.573523889],[3.09425,50.5735975],[3.094566111,50.573671111],[3.094703056,50.573734722],[3.094713333,50.573781667],[3.094713333,50.573825],[3.095008333,50.573831667],[3.095577222,50.573992222],[3.095561389,50.5740925],[3.095645556,50.574122778],[3.095698333,50.574079167],[3.095761389,50.574049167],[3.095945833,50.574099167],[3.096306667,50.574201667],[3.096216944,50.574422222],[3.095969444,50.574900556],[3.094252778,50.574408889],[3.094310556,50.574338611],[3.094368611,50.574295278],[3.094395,50.574215],[3.094384444,50.574138056],[3.0943475,50.574097778],[3.094426667,50.574010833],[3.094573889,50.574041111],[3.094584444,50.573974167],[3.094516111,50.573927222],[3.094584444,50.573826944],[3.094531944,50.573816944],[3.0944475,50.573893889],[3.094236944,50.573810278],[3.094310556,50.573726667],[3.094168611,50.573673056],[3.094073611,50.573676389],[3.094026389,50.57372],[3.093863056,50.57371],[3.093836667,50.573806944],[3.093873611,50.573833611],[3.093562778,50.574258333],[3.091983056,50.573816944],[3.091930278,50.573773333],[3.091861944,50.573773333],[3.091803889,50.573810278],[3.091867222,50.573846944],[3.092014722,50.573883611],[3.093141667,50.574215],[3.093068056,50.574281944],[3.092573056,50.574145],[3.092457222,50.574218333],[3.092583611,50.574542778],[3.092999722,50.57467],[3.093052222,50.574686667],[3.093083889,50.57467],[3.093126111,50.574626389],[3.093136667,50.574345556],[3.093178889,50.574298611],[3.093268333,50.574302222],[3.093489444,50.574322222],[3.0941425,50.574526111],[3.0944425,50.575235278],[3.092320278,50.575576389],[3.089675556,50.576025],[3.0859625,50.567110556],[3.084065278,50.566459444],[3.083535556,50.566375278],[3.083233056,50.566303056],[3.082296389,50.566152778],[3.081520833,50.565852222],[3.081293889,50.565924167],[3.081114167,50.565948333],[3.079188611,50.565288889],[3.078611667,50.565078611],[3.0779875,50.564934167],[3.077760278,50.564916111],[3.077779167,50.565018333],[3.077713056,50.565084444],[3.075934722,50.564958056],[3.075584722,50.564945833],[3.075452222,50.564909722],[3.075338889,50.564819722],[3.075443056,50.564525278],[3.075575556,50.564290833],[3.075708056,50.564140833],[3.075679722,50.563954444],[3.075179444,50.561568889],[3.075220556,50.561514167],[3.076819722,50.559796111],[3.076942778,50.559639722],[3.077037222,50.559621667],[3.077084722,50.5594475],[3.077207778,50.559116944],[3.077238333,50.559031944],[3.0831875,50.559819722],[3.083149444,50.560606944],[3.083158889,50.560913333],[3.083518333,50.561039722],[3.083603333,50.561171944],[3.083224722,50.562223333],[3.078953056,50.561618611],[3.0770575,50.561278889],[3.076957778,50.561315833],[3.0767625,50.561371111],[3.076521389,50.561431944],[3.076346667,50.561476667],[3.076234444,50.561518889],[3.076180556,50.56154],[3.0760975,50.561590278],[3.075976667,50.561724722],[3.075931111,50.561806667],[3.075935,50.561915],[3.076022222,50.562268611],[3.076080278,50.562493056],[3.076126111,50.562561667],[3.076225833,50.562611944],[3.076350556,50.562651667],[3.076433611,50.562680556],[3.07687,50.562751944],[3.077285556,50.562802222],[3.077410278,50.562826111],[3.077505833,50.562860278],[3.0819225,50.563465556],[3.082441944,50.563544722],[3.082649722,50.563573889],[3.082757778,50.563600278],[3.082874167,50.563626667],[3.082899167,50.563655833],[3.082853333,50.563745556],[3.082849167,50.563758611],[3.082795278,50.563935556],[3.082674444,50.564257778],[3.082674444,50.564265556],[3.082603889,50.564463611],[3.082793889,50.564648889],[3.082698056,50.564926111],[3.085706111,50.565348056],[3.087230278,50.565563056],[3.087350833,50.565589444],[3.087425556,50.565626389],[3.087512778,50.565679444],[3.087616944,50.565748056],[3.091000833,50.573855]]]}},{"type":"Feature","id":"LFQQ-52a01d0ef459a8d04615","properties":{"airport":"LFQQ","name":"LFQQ AVISO","layer":"Terrain","category":"Grass","object_type":"Area","style_id":"polygon.grassurface.00512f","source_group":"LFQQ AVISO","vsmr_group_ids":[],"geometry_role":"filled_region"},"geometry":{"type":"Polygon","coordinates":[[[3.094079444,50.571249167],[3.093805833,50.571209444],[3.093047222,50.57111],[3.092922222,50.571055278],[3.0928125,50.571005556],[3.092757778,50.570926111],[3.09275,50.570811944],[3.092961389,50.570230833],[3.093047222,50.570171111],[3.094400278,50.570355],[3.094400278,50.570414722],[3.094290833,50.57038],[3.093101944,50.570215833],[3.0929925,50.570474167],[3.092890833,50.570856667],[3.092914444,50.570946111],[3.092969167,50.571005833],[3.093141111,50.571035556],[3.094095278,50.571169722],[3.094079444,50.571249167]]]}},{"type":"Feature","id":"LFQQ-fc8c12f0dd93f6427754","properties":{"airport":"LFQQ","name":"LFQQ AVISO","layer":"Terrain","category":"Grass","object_type":"Area","style_id":"polygon.grassurface.00512f","source_group":"LFQQ AVISO","vsmr_group_ids":[],"geometry_role":"filled_region"},"geometry":{"type":"Polygon","coordinates":[[[3.094329722,50.571263611],[3.094325,50.571186667],[3.0943625,50.571097778],[3.094376389,50.571032778],[3.094357778,50.570938056],[3.094320278,50.57087],[3.094297222,50.570807778],[3.094469722,50.570378333],[3.094530278,50.570360556],[3.095858611,50.570556111],[3.0957375,50.570961667],[3.095881944,50.571136389],[3.095802778,50.571210278],[3.0956675,50.571269722],[3.095588333,50.571328889],[3.095397222,50.571385],[3.095276111,50.571391111],[3.0951175,50.571393889],[3.094954444,50.571367222],[3.094329722,50.571263611]]]}},{"type":"Feature","id":"LFQQ-e0eefe2dd04a337a5040","properties":{"airport":"LFQQ","name":"LFQQ AVISO","layer":"Terrain","category":"Grass","object_type":"Area","style_id":"polygon.grassurface.00512f","source_group":"LFQQ AVISO","vsmr_group_ids":[],"geometry_role":"filled_region"},"geometry":{"type":"Polygon","coordinates":[[[3.095853889,50.5715425],[3.095768333,50.571508333],[3.095721944,50.571454167],[3.095721944,50.571390556],[3.095761111,50.571327222],[3.095853889,50.571279722],[3.096003611,50.571284167],[3.096078333,50.571327222],[3.096081944,50.571331944],[3.096110556,50.571386111],[3.096121111,50.571431389],[3.096110556,50.571481111],[3.096031944,50.571533333],[3.095939444,50.571549167],[3.095853889,50.5715425]]]}},{"type":"Feature","id":"LFQQ-8cd13562ac87a50e3501","properties":{"airport":"LFQQ","name":"LFQQ AVISO","layer":"Terrain","category":"Grass","object_type":"Area","style_id":"polygon.grassurface.00512f","source_group":"LFQQ AVISO","vsmr_group_ids":[],"geometry_role":"filled_region"},"geometry":{"type":"Polygon","coordinates":[[[3.095928333,50.571025278],[3.095897222,50.570975556],[3.096011667,50.570605556],[3.096068889,50.570476667],[3.096339444,50.569650833],[3.095996111,50.569571667],[3.095990833,50.569495556],[3.095938889,50.569386667],[3.095819167,50.569320556],[3.094830833,50.569231389],[3.094617778,50.569224722],[3.094471944,50.569251111],[3.094399167,50.569261111],[3.094269167,50.569254444],[3.094607222,50.569138889],[3.094981667,50.569141944],[3.096510833,50.569396389],[3.096084444,50.570602222],[3.095928333,50.571025278]]]}},{"type":"Feature","id":"LFQQ-cf54562703fa6aa9e057","properties":{"airport":"LFQQ","name":"LFQQ AVISO","layer":"Terrain","category":"Grass","object_type":"Area","style_id":"polygon.grassurface.00512f","source_group":"LFQQ AVISO","vsmr_group_ids":[],"geometry_role":"filled_region"},"geometry":{"type":"Polygon","coordinates":[[[3.096438056,50.570813611],[3.096464167,50.5707775],[3.096776389,50.570800556],[3.097166389,50.569776389],[3.097020833,50.569716944],[3.096755556,50.569687222],[3.096687778,50.569703611],[3.096323611,50.570691389],[3.096375833,50.570701389],[3.096328889,50.57085],[3.09623,50.570876389],[3.096126111,50.571186944],[3.096178056,50.571213333],[3.096261389,50.571292778],[3.097135278,50.571431389],[3.097801111,50.5715075],[3.098024722,50.5715075],[3.098144167,50.571523889],[3.098274444,50.571609722],[3.098269167,50.571656111],[3.098206667,50.5716825],[3.097196667,50.571528889],[3.096489167,50.5714],[3.096359167,50.571366944],[3.096260278,50.571323889],[3.0961825,50.571277778],[3.096099167,50.571225],[3.096047222,50.571162222],[3.096005556,50.571096111],[3.096530833,50.569662222],[3.096624444,50.569616111],[3.096759722,50.569602778],[3.096806667,50.569665556],[3.097264167,50.569725],[3.097846944,50.5698175],[3.097872778,50.569774722],[3.0982525,50.5698275],[3.098346111,50.569863889],[3.098372222,50.569943056],[3.098335833,50.570065278],[3.098330556,50.570078611],[3.098190278,50.570475],[3.098413889,50.570517778],[3.098351389,50.5707325],[3.098887222,50.570801944],[3.09896,50.570626944],[3.099043333,50.570534444],[3.099121111,50.570531111],[3.099485278,50.570583889],[3.100015833,50.570656667],[3.100114722,50.570656667],[3.100291667,50.570600556],[3.100385278,50.570587222],[3.103523056,50.571018889],[3.103476389,50.571108333],[3.103668889,50.571137778],[3.104001944,50.571920833],[3.104261944,50.571901111],[3.104475278,50.571864722],[3.104698889,50.571815],[3.1047925,50.571785278],[3.104912222,50.571735833],[3.105000556,50.571696111],[3.104953889,50.571841389],[3.104636389,50.571924167],[3.104449167,50.571970278],[3.10421,50.57201],[3.103975833,50.572033056],[3.103700278,50.572033056],[3.103455833,50.572023333],[3.1032425,50.571983611],[3.103143611,50.571976944],[3.103133056,50.571887778],[3.103200833,50.571772222],[3.103190278,50.571722778],[3.103034444,50.571663333],[3.098140556,50.570926111],[3.098098889,50.570975556],[3.098057222,50.570988889],[3.097994722,50.571055],[3.096438056,50.570813611]]]}},{"type":"Feature","id":"LFQQ-eabe16d4cc9c243eca22","properties":{"airport":"LFQQ","name":"LFQQ AVISO","layer":"Terrain","category":"Grass","object_type":"Area","style_id":"polygon.grassurface.00512f","source_group":"LFQQ AVISO","vsmr_group_ids":[],"geometry_role":"filled_region"},"geometry":{"type":"Polygon","coordinates":[[[3.098355833,50.571651667],[3.098390278,50.571614167],[3.098454444,50.571576389],[3.101133056,50.571968056],[3.102174167,50.572118333],[3.1022925,50.572137222],[3.102366389,50.572096389],[3.102450278,50.57209],[3.102450278,50.572030556],[3.102553889,50.572036944],[3.102608056,50.572049444],[3.102790833,50.5720525],[3.102918889,50.571720278],[3.102988056,50.571754722],[3.102988056,50.57183],[3.102968333,50.571942778],[3.102938611,50.572015],[3.102933889,50.572021111],[3.102884444,50.572086944],[3.102741389,50.572096389],[3.102726667,50.5721025],[3.102553889,50.572158889],[3.102489722,50.572196667],[3.102302222,50.572221667],[3.102095278,50.572231111],[3.1019225,50.572234167],[3.098706111,50.571739444],[3.098720833,50.571708056],[3.098355833,50.571651667]]]}},{"type":"Feature","id":"LFQQ-25d270d4419c37a70ad8","properties":{"airport":"LFQQ","name":"LFQQ AVISO","layer":"Terrain","category":"Grass","object_type":"Area","style_id":"polygon.grassurface.00512f","source_group":"LFQQ AVISO","vsmr_group_ids":[],"geometry_role":"filled_region"},"geometry":{"type":"Polygon","coordinates":[[[3.102677222,50.5725225],[3.102563889,50.572463056],[3.102544167,50.572384722],[3.102563889,50.572296944],[3.102628056,50.572243611],[3.102716667,50.572206111],[3.10285,50.572190278],[3.102993056,50.572231111],[3.103061944,50.572296944],[3.103076944,50.572365833],[3.103052222,50.572453611],[3.102948611,50.572525556],[3.102805556,50.5725475],[3.102677222,50.5725225]]]}},{"type":"Feature","id":"LFQQ-98675a656821839c9e0c","properties":{"airport":"LFQQ","name":"LFQQ AVISO","layer":"Terrain","category":"Grass","object_type":"Area","style_id":"polygon.grassurface.00512f","source_group":"LFQQ AVISO","vsmr_group_ids":[],"geometry_role":"filled_region"},"geometry":{"type":"Polygon","coordinates":[[[3.105148611,50.571898889],[3.104325,50.572168333],[3.103999444,50.572274722],[3.103688611,50.572381389],[3.103511111,50.572406389],[3.103363056,50.572406389],[3.103284167,50.572353333],[3.103244722,50.572281111],[3.103190278,50.572218611],[3.103141111,50.572171389],[3.103091667,50.572140278],[3.103081667,50.572105833],[3.103121111,50.572068056],[3.103150833,50.57204],[3.103283889,50.572068056],[3.103436944,50.572080556],[3.103609722,50.572086944],[3.103796944,50.572086944],[3.104019167,50.572083611],[3.104196667,50.572071111],[3.104413611,50.572046111],[3.104581389,50.572017778],[3.104926667,50.571923889],[3.105045,50.571889444],[3.105128889,50.571861111],[3.105148611,50.571898889]]]}},{"type":"Feature","id":"LFQQ-bc4cab081bb931e7200d","properties":{"airport":"LFQQ","name":"LFQQ AVISO","layer":"Terrain","category":"Grass","object_type":"Area","style_id":"polygon.grassurface.00512f","source_group":"LFQQ AVISO","vsmr_group_ids":[],"geometry_role":"filled_region"},"geometry":{"type":"Polygon","coordinates":[[[3.109628889,50.572898333],[3.107206111,50.5719375],[3.108200556,50.571914722],[3.108591389,50.571919167],[3.108690833,50.571770278],[3.110083333,50.571964167],[3.110466944,50.572018333],[3.110836389,50.572067778],[3.111205833,50.572099444],[3.111369167,50.5721625],[3.111411944,50.572243889],[3.111511389,50.572397222],[3.111639167,50.572555],[3.111774167,50.572658889],[3.111859444,50.572735556],[3.111532778,50.572979167],[3.112151111,50.573304167],[3.112300278,50.573254444],[3.112435278,50.573344722],[3.112669722,50.573344444],[3.112719444,50.573173056],[3.112705,50.572974444],[3.1126625,50.572929444],[3.113216667,50.572915833],[3.113237778,50.572730833],[3.112825833,50.572586389],[3.112811389,50.572595556],[3.112491944,50.572681389],[3.112435,50.572843889],[3.112243333,50.572798611],[3.111809722,50.572536944],[3.111660556,50.572424167],[3.111525556,50.572306944],[3.111546667,50.572212222],[3.111710278,50.572203056],[3.111958889,50.572266389],[3.112370833,50.572293333],[3.112761667,50.572306667],[3.113003333,50.572333889],[3.113344167,50.5723925],[3.113472222,50.572423889],[3.113018056,50.57371],[3.111011667,50.573680278],[3.110841111,50.573535833],[3.110578333,50.573413889],[3.110514167,50.573305833],[3.110372222,50.573111667],[3.110315278,50.572980833],[3.110194444,50.572859167],[3.110151667,50.572710278],[3.110066389,50.5725975],[3.109895833,50.572489167],[3.109803611,50.57248],[3.111181944,50.572506944],[3.111245556,50.572200278],[3.110776667,50.572141667],[3.110329167,50.572073889],[3.110108889,50.572051389],[3.109846111,50.572065],[3.109625833,50.572065],[3.109242222,50.572069722],[3.109036111,50.572060556],[3.108730556,50.572065],[3.108616944,50.572047222],[3.108453611,50.572011111],[3.108325833,50.571988333],[3.108190833,50.571988611],[3.108034444,50.572038056],[3.108006111,50.572101389],[3.108006111,50.572164444],[3.108063056,50.572232222],[3.108695278,50.572493889],[3.109029167,50.572570556],[3.109235278,50.572714722],[3.1097325,50.572741944],[3.109896111,50.572741667],[3.110031111,50.572777778],[3.110023889,50.5728725],[3.109938611,50.572895278],[3.109817778,50.572931389],[3.109628889,50.572898333]]]}},{"type":"Feature","id":"LFQQ-0ed6c1f492f4c40f6628","properties":{"airport":"LFQQ","name":"LFQQ AVISO","layer":"Airfield surfaces","category":"Hard Surface 3","object_type":"Area","style_id":"polygon.hardsurface3.8a807f","source_group":"LFQQ AVISO","vsmr_group_ids":[],"geometry_role":"filled_region"},"geometry":{"type":"Polygon","coordinates":[[[3.095964167,50.567141389],[3.095942222,50.5671575],[3.095922222,50.567185278],[3.095893611,50.567212778],[3.095868889,50.567243611],[3.095851389,50.567280833],[3.095838889,50.567318611],[3.095829167,50.567347778],[3.095826667,50.567374722],[3.095821667,50.567400556],[3.095822778,50.567423611],[3.095830278,50.567467778],[3.095840278,50.567500833],[3.095848889,50.567527778],[3.095868611,50.567559167],[3.095891111,50.567597222],[3.095918333,50.567623056],[3.095948333,50.567643611],[3.095979167,50.567671389],[3.096032778,50.567705278],[3.096069444,50.567724722],[3.096119167,50.567742778],[3.096170278,50.567758611],[3.096222222,50.567772778],[3.096301944,50.567788611],[3.096352778,50.567791667],[3.096428611,50.567805833],[3.096496944,50.567819167],[3.096583889,50.567830278],[3.096659722,50.567834167],[3.096721667,50.567830278],[3.096771389,50.567824722],[3.09681,50.567816944],[3.096850833,50.567800278],[3.096886944,50.567773611],[3.096913056,50.567749167],[3.096946667,50.567709722],[3.096963889,50.567666944],[3.096971389,50.567639444],[3.096975278,50.567617222],[3.0969875,50.567600833],[3.096996389,50.567568333],[3.097003611,50.567528056],[3.097016111,50.567486944],[3.097038056,50.567435],[3.097051389,50.567398611],[3.097061389,50.567365556],[3.097067222,50.567343333],[3.097070556,50.567323333],[3.097075556,50.5673],[3.097318333,50.567335],[3.097309167,50.567345],[3.097304167,50.567351667],[3.097292778,50.567388889],[3.097292778,50.567416111],[3.097292778,50.567439167],[3.097313333,50.567472222],[3.097335833,50.567499444],[3.097374167,50.567519722],[3.097415,50.567531111],[3.097455556,50.5675425],[3.097534722,50.567555556],[3.098890278,50.567740278],[3.098446944,50.568964444],[3.094443056,50.568386111],[3.094434444,50.568415],[3.094363611,50.568409722],[3.094375,50.568384444],[3.0928025,50.568125278],[3.092901389,50.567856389],[3.093008333,50.567543333],[3.093116667,50.567558611],[3.0932775,50.567580833],[3.093373333,50.567594167],[3.093429444,50.567595833],[3.093493056,50.567587778],[3.093559167,50.567574444],[3.093620278,50.567560278],[3.093691389,50.567538889],[3.093755,50.567512778],[3.093814722,50.567485],[3.093870833,50.56745],[3.093915833,50.567412222],[3.093946944,50.567369444],[3.093965556,50.567337778],[3.093986667,50.567319444],[3.093999167,50.567288611],[3.094010556,50.567245833],[3.094024444,50.567187222],[3.094233056,50.567212778],[3.094436944,50.567243333],[3.094536667,50.567257222],[3.094649722,50.567273611],[3.094720833,50.567288056],[3.094779722,50.567296667],[3.0948525,50.567306111],[3.094913611,50.567316944],[3.094979167,50.567324444],[3.095049444,50.567335],[3.095132222,50.567348889],[3.0951775,50.567354167],[3.095224444,50.567356389],[3.095270556,50.567358056],[3.095314167,50.567359167],[3.095354444,50.567353611],[3.095402222,50.567341389],[3.095443889,50.567321111],[3.095465833,50.5673],[3.095484167,50.567273333],[3.095501111,50.567247778],[3.095515278,50.567225556],[3.095521944,50.567201389],[3.095531111,50.567179167],[3.095531944,50.567162222],[3.095534444,50.567141944],[3.095540556,50.567113056],[3.095542222,50.567082778],[3.095964167,50.567141389]]]}},{"type":"Feature","id":"LFQQ-8ebc769733860e560dd4","properties":{"airport":"LFQQ","name":"LFQQ AVISO","layer":"Airfield surfaces","category":"Hard Surface 3","object_type":"Area","style_id":"polygon.hardsurface3.8a807f","source_group":"LFQQ AVISO","vsmr_group_ids":[],"geometry_role":"filled_region"},"geometry":{"type":"Polygon","coordinates":[[[3.115460556,50.569846667],[3.116266389,50.569959444],[3.116294722,50.570001944],[3.116319722,50.570044444],[3.116350833,50.570091667],[3.116382778,50.570134722],[3.116429722,50.570199167],[3.116479722,50.570268889],[3.116516111,50.5703175],[3.116604444,50.570453611],[3.116758611,50.570678611],[3.117081389,50.571166111],[3.1169825,50.571470833],[3.114301111,50.571101667],[3.11454,50.570435278],[3.114598056,50.570440556],[3.114699444,50.5704575],[3.114813056,50.570473333],[3.114868611,50.570483889],[3.114924167,50.570490833],[3.114983611,50.570497778],[3.1150225,50.570499722],[3.115064167,50.570493611],[3.115093333,50.570484722],[3.115125278,50.570475],[3.115177778,50.570462778],[3.115204167,50.570451111],[3.115233333,50.570432778],[3.115251389,50.570398333],[3.115276389,50.570366667],[3.1153,50.570309444],[3.115460556,50.569846667]]]}},{"type":"Feature","id":"LFQQ-bf11dfd480d35327b100","properties":{"airport":"LFQQ","name":"LFQQ AVISO","layer":"Airfield surfaces","category":"Hard Surface 3","object_type":"Area","style_id":"polygon.hardsurface3.8a807f","source_group":"LFQQ AVISO","vsmr_group_ids":[],"geometry_role":"filled_region"},"geometry":{"type":"Polygon","coordinates":[[[3.101745556,50.5707075],[3.101942778,50.5702075],[3.101953611,50.570156944],[3.101955278,50.5701225],[3.101966111,50.57008],[3.101984167,50.570059444],[3.102038889,50.569907222],[3.102069722,50.569784444],[3.102313889,50.569680833],[3.102585278,50.569578611],[3.102704722,50.569535],[3.102744444,50.569514444],[3.1027625,50.569495833],[3.102784167,50.569453333],[3.102845278,50.569271667],[3.103237222,50.5693275],[3.103235556,50.569378611],[3.103238889,50.569415833],[3.103235556,50.569445],[3.103233333,50.5694725],[3.103234722,50.569500278],[3.103240556,50.569531111],[3.103247222,50.569560278],[3.103270278,50.5695925],[3.103298889,50.569611389],[3.103339167,50.569635833],[3.103383611,50.5696625],[3.103428611,50.569680833],[3.103481667,50.569699167],[3.103566944,50.569723333],[3.103699167,50.569758056],[3.103830278,50.569789722],[3.103951111,50.569821111],[3.104093611,50.569853611],[3.104209444,50.569876944],[3.1043225,50.569895556],[3.1044825,50.569918056],[3.104684722,50.569948611],[3.104926667,50.569981667],[3.105111111,50.570010833],[3.105286667,50.570035],[3.105363889,50.5700425],[3.105460556,50.570053889],[3.105548333,50.570062778],[3.105628611,50.570068333],[3.105713889,50.570070833],[3.105834722,50.570075556],[3.105944167,50.570081111],[3.106019167,50.570086944],[3.106108056,50.570094167],[3.106173056,50.570095],[3.106225278,50.570098333],[3.106274722,50.570098889],[3.106331944,50.570094167],[3.106390278,50.570087222],[3.106446111,50.570069444],[3.106508333,50.570045833],[3.106568333,50.570013611],[3.106620278,50.569977222],[3.1066725,50.56994],[3.106710833,50.569907778],[3.106733611,50.569876944],[3.106768056,50.569841389],[3.106813611,50.569766389],[3.106854444,50.569683056],[3.106902778,50.569596667],[3.107234167,50.569646111],[3.107231111,50.56966],[3.107223056,50.569684167],[3.107210833,50.569715556],[3.107202222,50.569744444],[3.107195556,50.569762778],[3.107188056,50.569781944],[3.107176389,50.569801111],[3.107171667,50.569821667],[3.107166667,50.569840833],[3.107151389,50.569890278],[3.107133333,50.569945],[3.107105556,50.569994444],[3.107092778,50.570042222],[3.107081667,50.570094444],[3.107076111,50.570124444],[3.107077222,50.570156111],[3.107078333,50.570181111],[3.107083056,50.570216389],[3.107088611,50.570249167],[3.107096667,50.570268333],[3.107113056,50.570298333],[3.107128056,50.570325556],[3.10715,50.570351389],[3.107166111,50.570372778],[3.107182222,50.570390278],[3.107213611,50.570418056],[3.107235556,50.570437222],[3.107278333,50.570465],[3.107321111,50.570487778],[3.107353333,50.570507778],[3.107378889,50.570524444],[3.107404167,50.570542778],[3.107426111,50.570554722],[3.109398889,50.570831944],[3.109411389,50.570838056],[3.109414444,50.570858611],[3.109414444,50.570890278],[3.109414444,50.570918056],[3.109419167,50.570949722],[3.109433333,50.570975556],[3.109447222,50.571004167],[3.109455,50.571030833],[3.109462778,50.571054722],[3.109458056,50.571087222],[3.109465,50.571109444],[3.109463611,50.571155833],[3.109452778,50.571201389],[3.109441667,50.571227222],[3.109233333,50.5717725],[3.1087175,50.571700278],[3.108606944,50.5716875],[3.1081925,50.571655833],[3.107975556,50.571634167],[3.1079025,50.571626389],[3.107564167,50.571581667],[3.107324444,50.571545278],[3.105131667,50.571211111],[3.104830833,50.571151667],[3.101745556,50.5707075]]]}},{"type":"Feature","id":"LFQQ-1899f648f89381df45c5","properties":{"airport":"LFQQ","name":"LFQQ AVISO","layer":"Airfield surfaces","category":"Hard Surface 3","object_type":"Area","style_id":"polygon.hardsurface3.8a807f","source_group":"LFQQ AVISO","vsmr_group_ids":[],"geometry_role":"filled_region"},"geometry":{"type":"Polygon","coordinates":[[[3.092208889,50.573194167],[3.092359444,50.573167778],[3.092453889,50.573149722],[3.092488056,50.573131944],[3.09252,50.573113333],[3.092548056,50.573090556],[3.0925775,50.573058611],[3.092598333,50.573033056],[3.092611944,50.573013611],[3.092652222,50.572967778],[3.092988611,50.572552222],[3.093078056,50.572527222],[3.093113611,50.572430833],[3.093385556,50.572472778],[3.0933475,50.572563889],[3.094503889,50.572721389],[3.094530833,50.57272],[3.094532222,50.572726111],[3.094518611,50.57273],[3.09451,50.572756389],[3.0964175,50.573033611],[3.096458056,50.573021944],[3.096483611,50.572961389],[3.096486111,50.572958056],[3.096504444,50.572881944],[3.0965375,50.572903056],[3.096508333,50.573013333],[3.096514444,50.573031389],[3.0965425,50.573043889],[3.096624722,50.5730625],[3.096519444,50.573579167],[3.096568333,50.573624444],[3.096556111,50.573632222],[3.096507222,50.573623611],[3.096454444,50.573610278],[3.096464167,50.573581667],[3.094713056,50.573338889],[3.093336111,50.573141944],[3.093079167,50.573171111],[3.092936944,50.573320556],[3.093163611,50.573358611],[3.093183333,50.573325833],[3.093281111,50.573335278],[3.09322,50.573494722],[3.092391667,50.57363],[3.092208889,50.573194167]]]}},{"type":"Feature","id":"LFQQ-d72d30a3032fc5b97b95","properties":{"airport":"LFQQ","name":"LFQQ AVISO","layer":"Airfield surfaces","category":"Hard Surface 2","object_type":"Area","style_id":"polygon.hardsurface2.595e5b","source_group":"LFQQ AVISO","vsmr_group_ids":[],"geometry_role":"filled_region"},"geometry":{"type":"Polygon","coordinates":[[[3.089342222,50.565870556],[3.089411944,50.565675833],[3.089576389,50.565701111],[3.08971,50.565718889],[3.089788889,50.565732222],[3.089825556,50.565738056],[3.089868889,50.565733333],[3.089925278,50.565726111],[3.0899825,50.565717778],[3.090034167,50.565702778],[3.090087778,50.565685556],[3.090109167,50.565671944],[3.090146944,50.565650278],[3.0901825,50.565626389],[3.090215556,50.565593611],[3.090234167,50.565569722],[3.090252222,50.565526667],[3.090310556,50.565374444],[3.090333056,50.565298056],[3.090713889,50.565351944],[3.090708056,50.565409722],[3.090713889,50.565475556],[3.090722222,50.565535833],[3.090735278,50.565590833],[3.090757778,50.565639722],[3.090790833,50.565680278],[3.090823611,50.565708889],[3.090858611,50.565733333],[3.090915833,50.565766111],[3.090970556,50.565795556],[3.09103,50.565820833],[3.091102222,50.565843889],[3.091155833,50.56586],[3.091222222,50.565881389],[3.091309722,50.565905833],[3.0914075,50.565925833],[3.091545,50.565950278],[3.091666111,50.5659725],[3.091759444,50.565991111],[3.091866389,50.566010278],[3.091938889,50.566027222],[3.092097778,50.566049444],[3.092569722,50.566120556],[3.093446111,50.56624],[3.094146667,50.566339167],[3.094327778,50.566363333],[3.094462222,50.566381944],[3.094562222,50.566397222],[3.094686389,50.566413611],[3.09475,50.566421389],[3.094879444,50.566431111],[3.095,50.566434444],[3.095138056,50.566435556],[3.0953,50.566424722],[3.095418889,50.566411667],[3.095531111,50.5663875],[3.095591389,50.566363889],[3.095668889,50.566321111],[3.095725833,50.566281667],[3.095768889,50.56624],[3.095815556,50.566181111],[3.095833889,50.566150556],[3.095854444,50.566118611],[3.095808611,50.566101667],[3.095815556,50.566076944],[3.096317778,50.566155833],[3.096316111,50.566207222],[3.096316111,50.566272222],[3.096320833,50.566326944],[3.096328889,50.566372778],[3.096346111,50.566415833],[3.096366667,50.566453889],[3.096396667,50.566488333],[3.096439167,50.566518889],[3.096485,50.566549722],[3.096538056,50.566578056],[3.096576944,50.566598889],[3.096613333,50.566619167],[3.096673611,50.566641389],[3.0967475,50.566663611],[3.096841667,50.566691944],[3.096924722,50.566713889],[3.097018889,50.566733611],[3.097135556,50.566753333],[3.097247222,50.566774444],[3.097335,50.566791389],[3.097434444,50.566809167],[3.097592778,50.566830556],[3.097825278,50.566863889],[3.098363333,50.566941944],[3.099123333,50.567050278],[3.099736389,50.567140833],[3.100789722,50.567285833],[3.101871111,50.567440278],[3.102703333,50.567559167],[3.104067222,50.567753333],[3.104799444,50.56786],[3.106574167,50.568110833],[3.106963611,50.568165],[3.107095556,50.5681825],[3.107210556,50.568177222],[3.107302222,50.568163611],[3.1073725,50.568140556],[3.107427778,50.568112222],[3.107480833,50.5680825],[3.107514167,50.568046667],[3.107533056,50.5680075],[3.107566944,50.567936667],[3.107609444,50.567822222],[3.1076275,50.567758889],[3.107827222,50.567791389],[3.107808056,50.567859722],[3.107793333,50.567919722],[3.107777778,50.567973611],[3.107765556,50.568005833],[3.107755833,50.568034444],[3.107751111,50.568062778],[3.107748611,50.568091389],[3.107757222,50.568128889],[3.107783611,50.568168056],[3.107807778,50.568201667],[3.107836667,50.568229444],[3.107876667,50.568261667],[3.107928889,50.568285556],[3.107991944,50.568308056],[3.10805,50.568319444],[3.109614722,50.568543056],[3.111893333,50.568861111],[3.114429722,50.569225833],[3.114597778,50.569244444],[3.114725,50.569258056],[3.114830556,50.569265556],[3.114928333,50.569273056],[3.1150475,50.569274167],[3.115133611,50.569269167],[3.115215556,50.569261944],[3.115288056,50.569245556],[3.11537,50.569225833],[3.115440556,50.569200833],[3.115493333,50.569179722],[3.11555,50.569146389],[3.115596944,50.569109167],[3.115641667,50.569069444],[3.115668056,50.569035833],[3.115695278,50.569],[3.115724444,50.568955556],[3.115748333,50.568915278],[3.116153889,50.568975],[3.116061667,50.569238889],[3.116049444,50.569278889],[3.116037778,50.569340278],[3.11603,50.569403333],[3.11603,50.56946],[3.116038889,50.569500833],[3.116065,50.569567778],[3.116096667,50.569650278],[3.116121944,50.569705],[3.116153333,50.569770278],[3.116183889,50.569825278],[3.116218889,50.569876944],[3.11627,50.569961111],[3.115459722,50.569847778],[3.115466667,50.5698125],[3.115473333,50.569783056],[3.115463333,50.569743611],[3.115453056,50.569708611],[3.115435,50.569674167],[3.115401111,50.569641111],[3.115376667,50.569624167],[3.115339722,50.569599722],[3.1153025,50.569576944],[3.115266944,50.56956],[3.115213333,50.569546111],[3.109183611,50.568689722],[3.109100556,50.568683333],[3.1090075,50.568676111],[3.108909167,50.568668611],[3.108806944,50.568659722],[3.108734167,50.568654167],[3.108628333,50.568649167],[3.108519722,50.568642778],[3.108413889,50.568636389],[3.1082925,50.568635556],[3.108188611,50.568637778],[3.108085,50.568642778],[3.10802,50.56865],[3.107949722,50.568663889],[3.107893611,50.568680833],[3.107845,50.568701944],[3.107803056,50.568727222],[3.107748056,50.568756389],[3.107704722,50.568794444],[3.1076625,50.568835],[3.107616667,50.568885278],[3.107582778,50.568925833],[3.107565,50.5689575],[3.107526667,50.568994167],[3.107501111,50.5690175],[3.107488333,50.569045833],[3.107474167,50.569075833],[3.10745,50.569120556],[3.107413056,50.569186944],[3.107385,50.569243056],[3.107342778,50.569335278],[3.107316111,50.569418056],[3.107291944,50.569483889],[3.1072675,50.569542222],[3.107243333,50.569603889],[3.107234444,50.5696475],[3.1069,50.569598889],[3.106929167,50.569540556],[3.106956111,50.569485278],[3.106984167,50.569418056],[3.107009722,50.569343611],[3.107035278,50.569272222],[3.107053056,50.569203333],[3.107066944,50.569145],[3.107074444,50.569072778],[3.107082222,50.569021667],[3.107082222,50.568990833],[3.107073056,50.568958611],[3.107074444,50.568911389],[3.107078333,50.568858056],[3.107078333,50.568808611],[3.107073056,50.5687575],[3.107057778,50.568708056],[3.107053889,50.568680278],[3.107038611,50.568642222],[3.107019444,50.568617778],[3.106973611,50.568570833],[3.106931389,50.5685375],[3.106868889,50.568495278],[3.106793611,50.568455556],[3.106696389,50.568414167],[3.106618611,50.568390833],[3.106485833,50.568350278],[3.106388889,50.568315278],[3.106298056,50.568293333],[3.106216667,50.568275833],[3.106110556,50.568252778],[3.104985278,50.568087222],[3.104864722,50.568075833],[3.104807222,50.568066667],[3.104775,50.5680725],[3.104740833,50.568076944],[3.104656111,50.568071389],[3.104458889,50.568056667],[3.104266667,50.568046389],[3.104146111,50.568043889],[3.104043611,50.568039444],[3.103959167,50.568042778],[3.103892778,50.568055556],[3.103806389,50.5680875],[3.103738056,50.568120556],[3.103671667,50.568182222],[3.103631944,50.568238056],[3.10351,50.568464444],[3.103403889,50.568635833],[3.103355278,50.56875],[3.103333889,50.568818611],[3.103310556,50.568889167],[3.103294167,50.568968056],[3.103280278,50.569038889],[3.103262222,50.569115278],[3.103260556,50.569180278],[3.103251667,50.569227222],[3.1032425,50.569270556],[3.1032425,50.569312778],[3.103238333,50.569331111],[3.102843889,50.569273333],[3.103001667,50.568815278],[3.103026111,50.568744444],[3.103041667,50.568701389],[3.103051389,50.568678889],[3.103063611,50.568624167],[3.103074444,50.568561111],[3.103085556,50.568495556],[3.103088611,50.568433056],[3.103098333,50.568353611],[3.103111667,50.568271111],[3.103118889,50.568230278],[3.103128611,50.568181111],[3.103134722,50.568129444],[3.103135833,50.568094722],[3.103116389,50.568053889],[3.103095833,50.568021667],[3.103075833,50.567986111],[3.103041667,50.567956111],[3.103004167,50.567922778],[3.102959167,50.567900556],[3.102925278,50.567884444],[3.102838056,50.5678575],[3.102785833,50.567848889],[3.102681667,50.567822778],[3.10253,50.567786667],[3.102474167,50.567774167],[3.102215833,50.567713333],[3.102190278,50.567698056],[3.102154167,50.567688056],[3.101405833,50.567579444],[3.100203056,50.567411667],[3.0999825,50.56738],[3.0977775,50.567067778],[3.097720833,50.567066111],[3.097643611,50.567075833],[3.097574167,50.567093889],[3.0975175,50.567111944],[3.097463333,50.567136389],[3.097419722,50.567164167],[3.097381111,50.567193611],[3.097355278,50.5672425],[3.097326944,50.567285278],[3.097318333,50.567299444],[3.097318333,50.567316111],[3.097320556,50.5673375],[3.097073333,50.567304167],[3.097085278,50.567274444],[3.097089722,50.567254167],[3.097092778,50.567216667],[3.097086389,50.567185556],[3.097079722,50.567157778],[3.097065556,50.567126944],[3.097043611,50.567099167],[3.097020833,50.567076944],[3.096983611,50.567048611],[3.096950833,50.567022778],[3.096913611,50.567005556],[3.0968675,50.566988889],[3.096825833,50.566975],[3.096781944,50.566963889],[3.096737222,50.566959722],[3.096681389,50.566951389],[3.096637778,50.566948611],[3.096585278,50.566948611],[3.096515278,50.566949167],[3.096438611,50.566951944],[3.096378333,50.566956111],[3.096322778,50.566965833],[3.096265833,50.566981111],[3.0961925,50.567003333],[3.09614,50.567027778],[3.096099444,50.567047222],[3.096055833,50.567072222],[3.096016389,50.567098056],[3.095985833,50.567123611],[3.095961667,50.567143056],[3.095539167,50.567084167],[3.095536111,50.567063611],[3.095528611,50.567035833],[3.09552,50.567010278],[3.095519167,50.566989167],[3.095508611,50.566969167],[3.095503889,50.566960833],[3.095497222,50.566941389],[3.095483889,50.566924444],[3.095465833,50.566916667],[3.095430556,50.566883889],[3.095405833,50.566860278],[3.095378056,50.566843889],[3.095359167,50.566831944],[3.095325833,50.566814444],[3.095291667,50.566796944],[3.095261944,50.566778056],[3.095230556,50.566765556],[3.095209722,50.566750278],[3.095181944,50.56674],[3.095161111,50.566734444],[3.0951525,50.566740556],[3.095094444,50.566723611],[3.095063056,50.566712778],[3.094934444,50.566688611],[3.094854444,50.566672778],[3.094787778,50.566658333],[3.094713611,50.566641944],[3.094651667,50.566628056],[3.094603056,50.566618333],[3.089342222,50.565870556]]]}},{"type":"Feature","id":"LFQQ-c34d7f5e059fd8354435","properties":{"airport":"LFQQ","name":"LFQQ AVISO","layer":"Buildings and structures","category":"Buildings","object_type":"Area","style_id":"polygon.building.394446","source_group":"LFQQ AVISO","vsmr_group_ids":[],"geometry_role":"filled_region"},"geometry":{"type":"Polygon","coordinates":[[[3.114157778,50.566086111],[3.114255278,50.566103333],[3.114245556,50.566126111],[3.114146667,50.566112778],[3.114157778,50.566086111]]]}},{"type":"Feature","id":"LFQQ-fbd6c73750fe02cba89c","properties":{"airport":"LFQQ","name":"LFQQ AVISO","layer":"Buildings and structures","category":"Buildings","object_type":"Area","style_id":"polygon.building.394446","source_group":"LFQQ AVISO","vsmr_group_ids":[],"geometry_role":"filled_region"},"geometry":{"type":"Polygon","coordinates":[[[3.116938333,50.572327222],[3.116815278,50.572376111],[3.116712222,50.572285],[3.116817222,50.572242778],[3.116948056,50.571866111],[3.117791389,50.571983889],[3.117630278,50.572423333],[3.116938333,50.572327222]]]}},{"type":"Feature","id":"LFQQ-154a05b3b9dc5dc5010d","properties":{"airport":"LFQQ","name":"LFQQ AVISO","layer":"Buildings and structures","category":"Buildings","object_type":"Area","style_id":"polygon.building.394446","source_group":"LFQQ AVISO","vsmr_group_ids":[],"geometry_role":"filled_region"},"geometry":{"type":"Polygon","coordinates":[[[3.116181944,50.572293333],[3.115051389,50.572135],[3.115071389,50.572095556],[3.114954444,50.5720775],[3.114940278,50.572125],[3.113994167,50.571985278],[3.114010278,50.571944444],[3.113915556,50.571932778],[3.1140625,50.571512778],[3.1141575,50.571519167],[3.114169444,50.571480556],[3.114782778,50.571565],[3.114808889,50.571444722],[3.1157175,50.571574167],[3.115675278,50.571686944],[3.115967778,50.571730556],[3.116001944,50.571621667],[3.1165325,50.571691944],[3.116486111,50.571803333],[3.116548611,50.571811111],[3.116401667,50.572226111],[3.116181944,50.572293333]]]}},{"type":"Feature","id":"LFQQ-12935b5c1920958968cc","properties":{"airport":"LFQQ","name":"LFQQ AVISO","layer":"Buildings and structures","category":"Buildings","object_type":"Area","style_id":"polygon.building.394446","source_group":"LFQQ AVISO","vsmr_group_ids":[],"geometry_role":"filled_region"},"geometry":{"type":"Polygon","coordinates":[[[3.113507222,50.57152],[3.1135425,50.571403889],[3.113743889,50.571432778],[3.113697222,50.571547778],[3.113507222,50.57152]]]}},{"type":"Feature","id":"LFQQ-5f25bd013739accaf7cc","properties":{"airport":"LFQQ","name":"LFQQ AVISO","layer":"Buildings and structures","category":"Buildings","object_type":"Area","style_id":"polygon.building.394446","source_group":"LFQQ AVISO","vsmr_group_ids":[],"geometry_role":"filled_region"},"geometry":{"type":"Polygon","coordinates":[[[3.113472222,50.571549722],[3.113697222,50.571589444],[3.113673889,50.571640556],[3.113444444,50.571608889],[3.113472222,50.571549722]]]}},{"type":"Feature","id":"LFQQ-3dda2934df4d87a84a79","properties":{"airport":"LFQQ","name":"LFQQ AVISO","layer":"Buildings and structures","category":"Buildings","object_type":"Area","style_id":"polygon.building.394446","source_group":"LFQQ AVISO","vsmr_group_ids":[],"geometry_role":"filled_region"},"geometry":{"type":"Polygon","coordinates":[[[3.113064722,50.571615556],[3.113104167,50.571557222],[3.113115833,50.571496667],[3.113294167,50.571518056],[3.113267778,50.571581111],[3.11324,50.571644167],[3.113064722,50.571615556]]]}},{"type":"Feature","id":"LFQQ-df89cf9f5f3a8cf6aa54","properties":{"airport":"LFQQ","name":"LFQQ AVISO","layer":"Buildings and structures","category":"Buildings","object_type":"Area","style_id":"polygon.building.394446","source_group":"LFQQ AVISO","vsmr_group_ids":[],"geometry_role":"filled_region"},"geometry":{"type":"Polygon","coordinates":[[[3.112456944,50.571556389],[3.112538611,50.571336389],[3.112623333,50.571345556],[3.112544722,50.571566389],[3.112456944,50.571556389]]]}},{"type":"Feature","id":"LFQQ-9e063a3b2544487017f5","properties":{"airport":"LFQQ","name":"LFQQ AVISO","layer":"Buildings and structures","category":"Buildings","object_type":"Area","style_id":"polygon.building.394446","source_group":"LFQQ AVISO","vsmr_group_ids":[],"geometry_role":"filled_region"},"geometry":{"type":"Polygon","coordinates":[[[3.112372222,50.571472778],[3.112356111,50.571460833],[3.112350278,50.571442222],[3.112358889,50.57142],[3.112386667,50.571398611],[3.112429167,50.571393889],[3.112467222,50.5713975],[3.112486111,50.571415278],[3.112491944,50.5714375],[3.1124875,50.571455],[3.112465556,50.571476389],[3.112443889,50.571483889],[3.112408611,50.571483889],[3.112372222,50.571472778]]]}},{"type":"Feature","id":"LFQQ-52810b219a02d66d4d36","properties":{"airport":"LFQQ","name":"LFQQ AVISO","layer":"Buildings and structures","category":"Buildings","object_type":"Area","style_id":"polygon.building.394446","source_group":"LFQQ AVISO","vsmr_group_ids":[],"geometry_role":"filled_region"},"geometry":{"type":"Polygon","coordinates":[[[3.112455278,50.571314167],[3.112436389,50.571308611],[3.1124175,50.571289167],[3.112413056,50.571269444],[3.112424722,50.571247222],[3.112440833,50.5712325],[3.112480278,50.571225833],[3.112525556,50.571227778],[3.112545833,50.571243611],[3.112554722,50.571258333],[3.112551667,50.571278889],[3.112544444,50.571294722],[3.112525556,50.571309444],[3.112494722,50.571320556],[3.112455278,50.571314167]]]}},{"type":"Feature","id":"LFQQ-a7338c86321a36fe3b39","properties":{"airport":"LFQQ","name":"LFQQ AVISO","layer":"Buildings and structures","category":"Buildings","object_type":"Area","style_id":"polygon.building.394446","source_group":"LFQQ AVISO","vsmr_group_ids":[],"geometry_role":"filled_region"},"geometry":{"type":"Polygon","coordinates":[[[3.108381389,50.571817778],[3.108194444,50.571908056],[3.1072075,50.571944167],[3.107268611,50.571995833],[3.105116111,50.571970278],[3.105197222,50.571913333],[3.105006389,50.571712222],[3.105185,50.5717225],[3.105107778,50.571689167],[3.105237778,50.571673611],[3.105103611,50.571216944],[3.107325278,50.571539167],[3.107361944,50.571781667],[3.108381389,50.571817778]]]}},{"type":"Feature","id":"LFQQ-142d2cf0ea83f8d96aa4","properties":{"airport":"LFQQ","name":"LFQQ AVISO","layer":"Buildings and structures","category":"Buildings","object_type":"Area","style_id":"polygon.building.394446","source_group":"LFQQ AVISO","vsmr_group_ids":[],"geometry_role":"filled_region"},"geometry":{"type":"Polygon","coordinates":[[[3.100033889,50.568836667],[3.100088333,50.568693056],[3.100629167,50.568780556],[3.100574722,50.568915833],[3.100033889,50.568836667]]]}},{"type":"Feature","id":"LFQQ-0dca07494be83dc878c6","properties":{"airport":"LFQQ","name":"LFQQ AVISO","layer":"Buildings and structures","category":"Buildings","object_type":"Area","style_id":"polygon.building.394446","source_group":"LFQQ AVISO","vsmr_group_ids":[],"geometry_role":"filled_region"},"geometry":{"type":"Polygon","coordinates":[[[3.098678611,50.568888611],[3.098739722,50.568714722],[3.098950278,50.568741944],[3.098886944,50.568913056],[3.098678611,50.568888611]]]}},{"type":"Feature","id":"LFQQ-72de40378de6aa6b37ae","properties":{"airport":"LFQQ","name":"LFQQ AVISO","layer":"Buildings and structures","category":"Buildings","object_type":"Area","style_id":"polygon.building.394446","source_group":"LFQQ AVISO","vsmr_group_ids":[],"geometry_role":"filled_region"},"geometry":{"type":"Polygon","coordinates":[[[3.099450278,50.570266667],[3.099515833,50.570066944],[3.099884722,50.570128611],[3.09981,50.570316944],[3.099450278,50.570266667]]]}},{"type":"Feature","id":"LFQQ-c054e37c99036edd15e2","properties":{"airport":"LFQQ","name":"LFQQ AVISO","layer":"Buildings and structures","category":"Buildings","object_type":"Area","style_id":"polygon.building.394446","source_group":"LFQQ AVISO","vsmr_group_ids":[],"geometry_role":"filled_region"},"geometry":{"type":"Polygon","coordinates":[[[3.099509167,50.569666944],[3.099441389,50.5696325],[3.099466667,50.569617778],[3.099398889,50.5696325],[3.099389167,50.569612778],[3.099325278,50.569574722],[3.099365833,50.569545278],[3.099305833,50.569512222],[3.099336944,50.569465278],[3.099373611,50.569467778],[3.099468611,50.569402778],[3.099538056,50.569422222],[3.099509167,50.569444444],[3.099689167,50.569547778],[3.099509167,50.569666944]]]}},{"type":"Feature","id":"LFQQ-82e0ee93b539a3b24994","properties":{"airport":"LFQQ","name":"LFQQ AVISO","layer":"Buildings and structures","category":"Buildings","object_type":"Area","style_id":"polygon.building.394446","source_group":"LFQQ AVISO","vsmr_group_ids":[],"geometry_role":"filled_region"},"geometry":{"type":"Polygon","coordinates":[[[3.099278889,50.569279722],[3.099203333,50.569268611],[3.099176111,50.569226944],[3.099193611,50.569186389],[3.099247778,50.569164167],[3.099309722,50.569173889],[3.099346389,50.569208333],[3.099344722,50.569246389],[3.099278889,50.569279722]]]}},{"type":"Feature","id":"LFQQ-cef44e68ae45ca72c1c8","properties":{"airport":"LFQQ","name":"LFQQ AVISO","layer":"Buildings and structures","category":"Buildings","object_type":"Area","style_id":"polygon.building.394446","source_group":"LFQQ AVISO","vsmr_group_ids":[],"geometry_role":"filled_region"},"geometry":{"type":"Polygon","coordinates":[[[3.099296111,50.569459167],[3.099255556,50.569552778],[3.099141389,50.569537778],[3.099147222,50.569529444],[3.099118056,50.569521944],[3.099106389,50.569526944],[3.098978611,50.569512222],[3.0990175,50.569418611],[3.099296111,50.569459167]]]}},{"type":"Feature","id":"LFQQ-811e7c2ee9c2139c0511","properties":{"airport":"LFQQ","name":"LFQQ AVISO","layer":"Buildings and structures","category":"Buildings","object_type":"Area","style_id":"polygon.building.394446","source_group":"LFQQ AVISO","vsmr_group_ids":[],"geometry_role":"filled_region"},"geometry":{"type":"Polygon","coordinates":[[[3.099226389,50.569403889],[3.098963333,50.569366944],[3.098963333,50.569397778],[3.098550833,50.569336389],[3.098587778,50.569216944],[3.099083333,50.569284722],[3.099056111,50.5693325],[3.099243889,50.569359722],[3.099226389,50.569403889]]]}},{"type":"Feature","id":"LFQQ-1d5cbeab685ade063efa","properties":{"airport":"LFQQ","name":"LFQQ AVISO","layer":"Buildings and structures","category":"Buildings","object_type":"Area","style_id":"polygon.building.394446","source_group":"LFQQ AVISO","vsmr_group_ids":[],"geometry_role":"filled_region"},"geometry":{"type":"Polygon","coordinates":[[[3.098965278,50.569504722],[3.098883889,50.569683056],[3.098926389,50.569706389],[3.099052222,50.569723611],[3.099009722,50.569812222],[3.09882,50.569776389],[3.098823889,50.569744444],[3.098787222,50.56971],[3.098721389,50.569697778],[3.098816111,50.56948],[3.098825833,50.569434722],[3.098876111,50.569441944],[3.098864444,50.569485],[3.098965278,50.569504722]]]}},{"type":"Feature","id":"LFQQ-3f3256d3cdf27ab4cc07","properties":{"airport":"LFQQ","name":"LFQQ AVISO","layer":"Buildings and structures","category":"Buildings","object_type":"Area","style_id":"polygon.building.394446","source_group":"LFQQ AVISO","vsmr_group_ids":[],"geometry_role":"filled_region"},"geometry":{"type":"Polygon","coordinates":[[[3.098787222,50.569440833],[3.098606944,50.56942],[3.098630278,50.569371944],[3.098798611,50.569400278],[3.098787222,50.569440833]]]}},{"type":"Feature","id":"LFQQ-f03e81fb48758c3d8df2","properties":{"airport":"LFQQ","name":"LFQQ AVISO","layer":"Buildings and structures","category":"Buildings","object_type":"Area","style_id":"polygon.building.394446","source_group":"LFQQ AVISO","vsmr_group_ids":[],"geometry_role":"filled_region"},"geometry":{"type":"Polygon","coordinates":[[[3.098454167,50.569111389],[3.098388333,50.569098889],[3.098388333,50.569118611],[3.098314722,50.569103889],[3.098347778,50.569036389],[3.098401944,50.569048611],[3.098411389,50.569028889],[3.098490833,50.56904],[3.098454167,50.569111389]]]}},{"type":"Feature","id":"LFQQ-cf538a01d3778e918aef","properties":{"airport":"LFQQ","name":"LFQQ AVISO","layer":"Buildings and structures","category":"Buildings","object_type":"Area","style_id":"polygon.building.394446","source_group":"LFQQ AVISO","vsmr_group_ids":[],"geometry_role":"filled_region"},"geometry":{"type":"Polygon","coordinates":[[[3.099034167,50.569996667],[3.098980833,50.570124167],[3.098945833,50.570123056],[3.098941944,50.570133333],[3.098818611,50.57011],[3.098874167,50.569962778],[3.098951944,50.569971667],[3.098948056,50.569982222],[3.099034167,50.569996667]]]}},{"type":"Feature","id":"LFQQ-5022e3507f2b348a5da5","properties":{"airport":"LFQQ","name":"LFQQ AVISO","layer":"Buildings and structures","category":"Buildings","object_type":"Area","style_id":"polygon.building.394446","source_group":"LFQQ AVISO","vsmr_group_ids":[],"geometry_role":"filled_region"},"geometry":{"type":"Polygon","coordinates":[[[3.098558333,50.570182778],[3.098642222,50.569928889],[3.098808611,50.569946944],[3.09871,50.570201111],[3.098558333,50.570182778]]]}},{"type":"Feature","id":"LFQQ-96d76b92650d5b4bcf21","properties":{"airport":"LFQQ","name":"LFQQ AVISO","layer":"Buildings and structures","category":"Buildings","object_type":"Area","style_id":"polygon.building.394446","source_group":"LFQQ AVISO","vsmr_group_ids":[],"geometry_role":"filled_region"},"geometry":{"type":"Polygon","coordinates":[[[3.098681389,50.570709167],[3.098500833,50.570678056],[3.098396111,50.570668889],[3.098488333,50.570406944],[3.098588889,50.570416111],[3.098777778,50.570440833],[3.098681389,50.570709167]]]}},{"type":"Feature","id":"LFQQ-bac7eab5f7e448fa32c7","properties":{"airport":"LFQQ","name":"LFQQ AVISO","layer":"Buildings and structures","category":"Buildings","object_type":"Area","style_id":"polygon.building.394446","source_group":"LFQQ AVISO","vsmr_group_ids":[],"geometry_role":"filled_region"},"geometry":{"type":"Polygon","coordinates":[[[3.098416389,50.56925],[3.098360556,50.569411667],[3.097777222,50.569326944],[3.0978425,50.569167222],[3.098416389,50.56925]]]}},{"type":"Feature","id":"LFQQ-13df9fc152a8101a5240","properties":{"airport":"LFQQ","name":"LFQQ AVISO","layer":"Buildings and structures","category":"Buildings","object_type":"Area","style_id":"polygon.building.394446","source_group":"LFQQ AVISO","vsmr_group_ids":[],"geometry_role":"filled_region"},"geometry":{"type":"Polygon","coordinates":[[[3.0981,50.569445278],[3.098031667,50.5696225],[3.097898333,50.569606944],[3.097882778,50.569618611],[3.097802222,50.569602778],[3.097811389,50.569579167],[3.097528889,50.569533889],[3.097563056,50.569433333],[3.097904444,50.569480556],[3.097929444,50.569423611],[3.0981,50.569445278]]]}},{"type":"Feature","id":"LFQQ-186ef99761253fce360b","properties":{"airport":"LFQQ","name":"LFQQ AVISO","layer":"Buildings and structures","category":"Buildings","object_type":"Area","style_id":"polygon.building.394446","source_group":"LFQQ AVISO","vsmr_group_ids":[],"geometry_role":"filled_region"},"geometry":{"type":"Polygon","coordinates":[[[3.097774167,50.569112222],[3.097730833,50.569226389],[3.097761667,50.569228333],[3.097730833,50.5692975],[3.097535278,50.5692875],[3.097578611,50.569139722],[3.097597222,50.569141667],[3.097625278,50.569088333],[3.097774167,50.569112222]]]}},{"type":"Feature","id":"LFQQ-1f08dfc863dd7b41f732","properties":{"airport":"LFQQ","name":"LFQQ AVISO","layer":"Buildings and structures","category":"Buildings","object_type":"Area","style_id":"polygon.building.394446","source_group":"LFQQ AVISO","vsmr_group_ids":[],"geometry_role":"filled_region"},"geometry":{"type":"Polygon","coordinates":[[[3.097491944,50.569175278],[3.097426944,50.569170556],[3.097454722,50.569101111],[3.097436111,50.569098611],[3.097454722,50.569056111],[3.097568056,50.569076111],[3.097534722,50.569122222],[3.097512222,50.569115],[3.097491944,50.569175278]]]}},{"type":"Feature","id":"LFQQ-e8267f2a83e71b2e6178","properties":{"airport":"LFQQ","name":"LFQQ AVISO","layer":"Buildings and structures","category":"Buildings","object_type":"Area","style_id":"polygon.building.394446","source_group":"LFQQ AVISO","vsmr_group_ids":[],"geometry_role":"filled_region"},"geometry":{"type":"Polygon","coordinates":[[[3.096862222,50.569131667],[3.095996944,50.569000833],[3.095985833,50.569027778],[3.095995,50.569039722],[3.095995,50.569055],[3.095983889,50.569063333],[3.095961667,50.569069167],[3.0959375,50.569063333],[3.095922778,50.569045556],[3.095924444,50.569027778],[3.095945,50.569019722],[3.095958056,50.569019722],[3.095974722,50.568986667],[3.095868889,50.568974722],[3.095859444,50.568988889],[3.095815,50.568979444],[3.095809444,50.568997222],[3.095874444,50.569015],[3.095831667,50.569108056],[3.095766667,50.569098611],[3.095755556,50.569113889],[3.095651389,50.5690975],[3.095647778,50.569106944],[3.094482778,50.568939722],[3.094599722,50.568622222],[3.0958775,50.568805278],[3.095915833,50.568731111],[3.095824722,50.568719444],[3.095854444,50.5686475],[3.096714167,50.568778333],[3.096680833,50.568833889],[3.096586111,50.568823333],[3.096534167,50.568922222],[3.0967775,50.568963611],[3.0967625,50.568996667],[3.096584444,50.568976667],[3.096573056,50.568989444],[3.096898056,50.569036667],[3.096862222,50.569131667]]]}},{"type":"Feature","id":"LFQQ-8ffaebf1e7eba99ec65f","properties":{"airport":"LFQQ","name":"LFQQ AVISO","layer":"Buildings and structures","category":"Buildings","object_type":"Area","style_id":"polygon.building.394446","source_group":"LFQQ AVISO","vsmr_group_ids":[],"geometry_role":"filled_region"},"geometry":{"type":"Polygon","coordinates":[[[3.094152222,50.568865556],[3.094280833,50.568886667],[3.094267778,50.568912778],[3.094147222,50.568895],[3.094152222,50.568865556]]]}},{"type":"Feature","id":"LFQQ-e3afd03d6c629333302a","properties":{"airport":"LFQQ","name":"LFQQ AVISO","layer":"Buildings and structures","category":"Buildings","object_type":"Area","style_id":"polygon.building.394446","source_group":"LFQQ AVISO","vsmr_group_ids":[],"geometry_role":"filled_region"},"geometry":{"type":"Polygon","coordinates":[[[3.094175278,50.568839444],[3.094243056,50.568651944],[3.094356944,50.568659167],[3.094290833,50.568815278],[3.094300833,50.568820556],[3.094327222,50.5687775],[3.094373333,50.568781944],[3.094341944,50.5688625],[3.094175278,50.568839444]]]}},{"type":"Feature","id":"LFQQ-a204e05a1078b35df4db","properties":{"airport":"LFQQ","name":"LFQQ AVISO","layer":"Buildings and structures","category":"Buildings","object_type":"Area","style_id":"polygon.building.394446","source_group":"LFQQ AVISO","vsmr_group_ids":[],"geometry_role":"filled_region"},"geometry":{"type":"Polygon","coordinates":[[[3.094092778,50.568858889],[3.093214722,50.568751944],[3.092640556,50.56867],[3.092733056,50.568394444],[3.093317222,50.568475278],[3.093305556,50.568503611],[3.093506944,50.568524444],[3.0934575,50.568652222],[3.093490278,50.568658611],[3.093462222,50.568741389],[3.093564722,50.568757222],[3.093729722,50.568348333],[3.094265833,50.568423889],[3.094092778,50.568858889]]]}},{"type":"Feature","id":"LFQQ-51eac06a2bae0c3889cb","properties":{"airport":"LFQQ","name":"LFQQ AVISO","layer":"Buildings and structures","category":"Buildings","object_type":"Area","style_id":"polygon.building.394446","source_group":"LFQQ AVISO","vsmr_group_ids":[],"geometry_role":"filled_region"},"geometry":{"type":"Polygon","coordinates":[[[3.093095833,50.572498611],[3.093103333,50.57248],[3.093130833,50.5724825],[3.093118611,50.572504444],[3.093095833,50.572498611]]]}},{"type":"Feature","id":"LFQQ-70980f8241cf4e3fc8f8","properties":{"airport":"LFQQ","name":"LFQQ AVISO","layer":"Buildings and structures","category":"Buildings","object_type":"Area","style_id":"polygon.building.394446","source_group":"LFQQ AVISO","vsmr_group_ids":[],"geometry_role":"filled_region"},"geometry":{"type":"Polygon","coordinates":[[[3.093194167,50.572475278],[3.093211944,50.572478611],[3.093203889,50.572489167],[3.093186667,50.572485556],[3.093194167,50.572475278]]]}},{"type":"Feature","id":"LFQQ-0a738616f2728b893c24","properties":{"airport":"LFQQ","name":"LFQQ AVISO","layer":"Buildings and structures","category":"Buildings","object_type":"Area","style_id":"polygon.building.394446","source_group":"LFQQ AVISO","vsmr_group_ids":[],"geometry_role":"filled_region"},"geometry":{"type":"Polygon","coordinates":[[[3.093269167,50.572486111],[3.093284167,50.572488611],[3.093278056,50.572500556],[3.093262222,50.5724975],[3.093269167,50.572486111]]]}},{"type":"Feature","id":"LFQQ-5eab9dcc253754719bf4","properties":{"airport":"LFQQ","name":"LFQQ AVISO","layer":"Buildings and structures","category":"Buildings","object_type":"Area","style_id":"polygon.building.394446","source_group":"LFQQ AVISO","vsmr_group_ids":[],"geometry_role":"filled_region"},"geometry":{"type":"Polygon","coordinates":[[[3.093167222,50.572512778],[3.093185278,50.5725175],[3.093180278,50.572524444],[3.093163333,50.572520556],[3.093167222,50.572512778]]]}},{"type":"Feature","id":"LFQQ-6f72db0d4a410f0dde52","properties":{"airport":"LFQQ","name":"LFQQ AVISO","layer":"Buildings and structures","category":"Buildings","object_type":"Area","style_id":"polygon.building.394446","source_group":"LFQQ AVISO","vsmr_group_ids":[],"geometry_role":"filled_region"},"geometry":{"type":"Polygon","coordinates":[[[3.093223611,50.572518056],[3.093245,50.572521944],[3.093242222,50.572528333],[3.093219444,50.572522778],[3.093223611,50.572518056]]]}},{"type":"Feature","id":"LFQQ-84703be45f3b31a484fe","properties":{"airport":"LFQQ","name":"LFQQ AVISO","layer":"Buildings and structures","category":"Buildings","object_type":"Area","style_id":"polygon.building.394446","source_group":"LFQQ AVISO","vsmr_group_ids":[],"geometry_role":"filled_region"},"geometry":{"type":"Polygon","coordinates":[[[3.093275833,50.572526111],[3.093288333,50.572529167],[3.093282778,50.572536667],[3.093271111,50.572532778],[3.093275833,50.572526111]]]}},{"type":"Feature","id":"LFQQ-f841eefd5f84128a9e53","properties":{"airport":"LFQQ","name":"LFQQ AVISO","layer":"Buildings and structures","category":"Buildings","object_type":"Area","style_id":"polygon.building.394446","source_group":"LFQQ AVISO","vsmr_group_ids":[],"geometry_role":"filled_region"},"geometry":{"type":"Polygon","coordinates":[[[3.094652222,50.572760278],[3.094689167,50.572690556],[3.094715556,50.572591389],[3.096373611,50.572825],[3.096311667,50.572994722],[3.094652222,50.572760278]]]}},{"type":"Feature","id":"LFQQ-36cc541b127b23b89788","properties":{"airport":"LFQQ","name":"LFQQ AVISO","layer":"Buildings and structures","category":"Buildings","object_type":"Area","style_id":"polygon.building.394446","source_group":"LFQQ AVISO","vsmr_group_ids":[],"geometry_role":"filled_region"},"geometry":{"type":"Polygon","coordinates":[[[3.094687778,50.573503611],[3.0947525,50.573324444],[3.096475278,50.5735675],[3.096410556,50.573752222],[3.094687778,50.573503611]]]}},{"type":"Feature","id":"LFQQ-7b7868117213e839817a","properties":{"airport":"LFQQ","name":"LFQQ AVISO","layer":"Buildings and structures","category":"Buildings","object_type":"Area","style_id":"polygon.building.394446","source_group":"LFQQ AVISO","vsmr_group_ids":[],"geometry_role":"filled_region"},"geometry":{"type":"Polygon","coordinates":[[[3.093304444,50.573336944],[3.0931875,50.573316389],[3.093316944,50.573163611],[3.093358333,50.573172778],[3.093385278,50.573133889],[3.094416389,50.573277778],[3.094357222,50.573453333],[3.093315,50.573309444],[3.093304444,50.573336944]]]}},{"type":"Feature","id":"LFQQ-cec2a8060bdff5e1ba6c","properties":{"airport":"LFQQ","name":"LFQQ AVISO","layer":"Buildings and structures","category":"Buildings","object_type":"Area","style_id":"polygon.building.394446","source_group":"LFQQ AVISO","vsmr_group_ids":[],"geometry_role":"filled_region"},"geometry":{"type":"Polygon","coordinates":[[[3.0953375,50.574074722],[3.095473611,50.574093611],[3.095426667,50.574212222],[3.095295,50.574190833],[3.0953375,50.574074722]]]}},{"type":"Feature","id":"LFQQ-94fad5646b33a7fffc6e","properties":{"airport":"LFQQ","name":"LFQQ AVISO","layer":"Buildings and structures","category":"Buildings","object_type":"Area","style_id":"polygon.building.394446","source_group":"LFQQ AVISO","vsmr_group_ids":[],"geometry_role":"filled_region"},"geometry":{"type":"Polygon","coordinates":[[[3.093814444,50.574198889],[3.0939525,50.574001944],[3.094366667,50.5741125],[3.094211667,50.574313611],[3.093814444,50.574198889]]]}},{"type":"Feature","id":"LFQQ-b9c3d60d891df7e4d9ae","properties":{"airport":"LFQQ","name":"LFQQ AVISO","layer":"Buildings and structures","category":"Buildings","object_type":"Area","style_id":"polygon.building.394446","source_group":"LFQQ AVISO","vsmr_group_ids":[],"geometry_role":"filled_region"},"geometry":{"type":"Polygon","coordinates":[[[3.093059722,50.575392222],[3.093057222,50.575331667],[3.093110833,50.5753275],[3.093111944,50.575395556],[3.093059722,50.575392222]]]}},{"type":"Feature","id":"LFQQ-c409ac539ba5c19ed2c4","properties":{"airport":"LFQQ","name":"LFQQ AVISO","layer":"Buildings and structures","category":"Buildings","object_type":"Area","style_id":"polygon.building.394446","source_group":"LFQQ AVISO","vsmr_group_ids":[],"geometry_role":"filled_region"},"geometry":{"type":"Polygon","coordinates":[[[3.093156389,50.575393056],[3.093156389,50.575325278],[3.093202222,50.575323611],[3.093211389,50.575388889],[3.093156389,50.575393056]]]}},{"type":"Feature","id":"LFQQ-e8e8e38f3e527ae74bd8","properties":{"airport":"LFQQ","name":"LFQQ AVISO","layer":"Buildings and structures","category":"Buildings","object_type":"Area","style_id":"polygon.building.394446","source_group":"LFQQ AVISO","vsmr_group_ids":[],"geometry_role":"filled_region"},"geometry":{"type":"Polygon","coordinates":[[[3.093217778,50.575266389],[3.093204722,50.575225556],[3.093846944,50.575227222],[3.093855,50.575263889],[3.093845833,50.575292778],[3.09321,50.575291944],[3.093217778,50.575266389]]]}},{"type":"Feature","id":"LFQQ-0112265f2fb88a885f1d","properties":{"airport":"LFQQ","name":"LFQQ AVISO","layer":"Buildings and structures","category":"Buildings","object_type":"Area","style_id":"polygon.building.394446","source_group":"LFQQ AVISO","vsmr_group_ids":[],"geometry_role":"filled_region"},"geometry":{"type":"Polygon","coordinates":[[[3.105587222,50.571295833],[3.105620833,50.571167222],[3.105635833,50.571163611],[3.105641389,50.571155278],[3.105506389,50.571030278],[3.105491389,50.571035],[3.105476389,50.571020833],[3.105478333,50.5710125],[3.105493333,50.571003056],[3.105515833,50.571000556],[3.105532778,50.571006389],[3.105538333,50.571017222],[3.105528889,50.571024444],[3.105676944,50.571149444],[3.105665833,50.571169722],[3.105750278,50.571185278],[3.105707222,50.571316111],[3.106862222,50.571491111],[3.106901389,50.571345833],[3.106914722,50.571349444],[3.106918333,50.5713375],[3.106770278,50.5712375],[3.106755278,50.571243333],[3.106742222,50.571230278],[3.106743889,50.571218333],[3.106757222,50.571211389],[3.106790833,50.571230278],[3.106923889,50.571311389],[3.106961389,50.5713375],[3.106948333,50.571351667],[3.107027222,50.571370833],[3.107025278,50.571394722],[3.107055278,50.571400556],[3.107216389,50.571346944],[3.107227778,50.5713375],[3.107261389,50.571333889],[3.107261389,50.571344722],[3.107246389,50.57136],[3.107229722,50.571357778],[3.107079722,50.571403056],[3.107058889,50.571416111],[3.107012222,50.5714125],[3.106978333,50.571525556],[3.105579722,50.571308889],[3.105587222,50.571295833]]]}},{"type":"Feature","id":"LFQQ-d65057c97992731bd363","properties":{"airport":"LFQQ","name":"LFQQ AVISO","layer":"Buildings and structures","category":"Buildings","object_type":"Area","style_id":"polygon.building.394446","source_group":"LFQQ AVISO","vsmr_group_ids":[],"geometry_role":"filled_region"},"geometry":{"type":"Polygon","coordinates":[[[3.105731111,50.571209167],[3.105772222,50.571213611],[3.105889444,50.571130278],[3.105889444,50.571124167],[3.105912778,50.571115278],[3.1059375,50.571118333],[3.105938611,50.571130278],[3.105935,50.57114],[3.105915278,50.571142778],[3.105793333,50.571221111],[3.1057875,50.57123],[3.105772222,50.571235],[3.105752222,50.571234444],[3.105721944,50.571226944],[3.105731111,50.571209167]]]}},{"type":"Feature","id":"LFQQ-cba67c63f9e18ac91be9","properties":{"airport":"LFQQ","name":"LFQQ AVISO","layer":"Airfield surfaces","category":"Runways","object_type":"Area","style_id":"polygon.runwayconcrete.555555","source_group":"LFQQ AVISO","vsmr_group_ids":[],"geometry_role":"filled_region"},"geometry":{"type":"Polygon","coordinates":[[[3.085183611,50.563398611],[3.085068333,50.563410556],[3.084838056,50.5634375],[3.084565556,50.563481944],[3.084098611,50.563570556],[3.083799444,50.563629722],[3.083584444,50.563665278],[3.083448056,50.56369],[3.083398333,50.563692778],[3.083238611,50.563634444],[3.0831175,50.563588056],[3.083032778,50.563547222],[3.082971389,50.563496667],[3.082913889,50.563421389],[3.082871111,50.563366389],[3.082839444,50.563301389],[3.082820833,50.563229722],[3.08282,50.563168611],[3.082846389,50.563077778],[3.082991944,50.562676944],[3.086503333,50.563170278],[3.085257778,50.560173889],[3.085345,50.560133611],[3.085450556,50.560098611],[3.085584722,50.560058889],[3.085639444,50.560046111],[3.086971944,50.563236111],[3.122392222,50.568276389],[3.122402778,50.568266667],[3.122433889,50.568273611],[3.122404167,50.568394167],[3.122350278,50.568537778],[3.122290833,50.568694444],[3.122232778,50.568710278],[3.121933333,50.5687],[3.121908333,50.568742778],[3.121854167,50.568808333],[3.121797778,50.568863889],[3.121707222,50.568930833],[3.121630278,50.568967778],[3.121540833,50.568998333],[3.121398889,50.569033056],[3.12132,50.569045833],[3.121228611,50.569049722],[3.121134722,50.569048611],[3.121043889,50.5690325],[3.120984444,50.569016944],[3.1202025,50.568571667],[3.119799167,50.568358889],[3.119750278,50.568338333],[3.119714167,50.568323056],[3.1196625,50.568305833],[3.119626389,50.568296944],[3.117078333,50.567934444],[3.117,50.567941944],[3.116895278,50.567948889],[3.116811111,50.567971111],[3.116711111,50.567999722],[3.116666111,50.568023889],[3.116599444,50.568076111],[3.116537222,50.568143333],[3.116493889,50.5681975],[3.116455833,50.568251667],[3.116423056,50.568299167],[3.116390278,50.568348611],[3.116379167,50.568365],[3.116154444,50.568978333],[3.115743611,50.568919722],[3.115764167,50.56889],[3.115785278,50.568850556],[3.115809167,50.5688075],[3.115825,50.568773056],[3.115848889,50.568726667],[3.115870278,50.568673889],[3.115883333,50.568618889],[3.115904167,50.568548056],[3.115918611,50.568483056],[3.115934167,50.568418333],[3.115941944,50.568366389],[3.115953611,50.568311111],[3.115958056,50.568247222],[3.115963611,50.568183333],[3.115959444,50.568116111],[3.115957222,50.5680825],[3.115952222,50.568027222],[3.115941667,50.567979722],[3.115929444,50.567943056],[3.115908333,50.567908333],[3.115877222,50.56787],[3.115844444,50.567830833],[3.115814722,50.567808889],[3.115793056,50.567788333],[3.115765278,50.567761944],[3.115735,50.567745556],[3.108517778,50.5667225],[3.108480278,50.5667275],[3.1084225,50.566735278],[3.108367778,50.5667475],[3.108311111,50.566769444],[3.108264722,50.566787222],[3.108231944,50.566809444],[3.108196944,50.566836111],[3.108173889,50.5668725],[3.108154167,50.56691],[3.108003611,50.567317778],[3.107906667,50.567593611],[3.107849722,50.567737222],[3.107827778,50.567789722],[3.107625,50.567760278],[3.107729167,50.567464167],[3.107813056,50.567215],[3.10786,50.567079167],[3.107895556,50.5669675],[3.107912778,50.566905],[3.107916389,50.566849167],[3.1079175,50.566810278],[3.107916944,50.566773611],[3.107904167,50.5667475],[3.107884444,50.5667225],[3.107861389,50.566699722],[3.107838333,50.566675556],[3.107795,50.566649167],[3.107753333,50.566627222],[3.107721667,50.566611667],[3.107662778,50.566593611],[3.097346389,50.565128611],[3.097335278,50.565153333],[3.097316111,50.565176944],[3.097300278,50.565188611],[3.0972175,50.565178889],[3.097159722,50.5651825],[3.097067778,50.565193056],[3.096984167,50.565208333],[3.096908611,50.565234167],[3.096836389,50.565263611],[3.096762222,50.565300278],[3.096712222,50.565328889],[3.096673889,50.565359722],[3.096654167,50.565397222],[3.096387778,50.566170556],[3.095813611,50.566081389],[3.095823611,50.566026389],[3.095855833,50.565921389],[3.096015833,50.565475833],[3.096034722,50.565414722],[3.096055278,50.565351389],[3.096071944,50.565305278],[3.096083333,50.565266667],[3.096085833,50.565236389],[3.096075,50.565210556],[3.096048611,50.565185278],[3.096022222,50.565160278],[3.096000833,50.565133056],[3.095972778,50.565106667],[3.09595,50.565081667],[3.095923611,50.5650575],[3.095880278,50.565032222],[3.095823333,50.565006667],[3.095778056,50.564986944],[3.095751111,50.564975833],[3.095714167,50.564967778],[3.095692222,50.564966389],[3.095693333,50.564925278],[3.095673611,50.564907778],[3.095635278,50.564884722],[3.0914925,50.564295833],[3.091443056,50.564302778],[3.091398611,50.564313889],[3.091343889,50.564329444],[3.091281944,50.564351389],[3.091244167,50.564366944],[3.091206111,50.564388056],[3.091171389,50.564413611],[3.091145278,50.564434722],[3.091113889,50.564467778],[3.091083889,50.564500833],[3.091053889,50.564535],[3.091014444,50.564578611],[3.090962778,50.564652222],[3.090910833,50.564746389],[3.090874444,50.5648225],[3.090839722,50.564902778],[3.090810556,50.564968333],[3.0907825,50.565047778],[3.090762222,50.565116111],[3.090746389,50.565189167],[3.090737778,50.565241944],[3.09073,50.5652775],[3.090723611,50.565316111],[3.090717222,50.565355],[3.090330556,50.565295],[3.090363611,50.565214722],[3.090393333,50.565134167],[3.090423056,50.565053611],[3.090444167,50.564971944],[3.090470278,50.564896944],[3.090484444,50.564822778],[3.090496944,50.564752222],[3.090509444,50.564678056],[3.090521389,50.564618889],[3.090528333,50.564561944],[3.090532222,50.564493889],[3.090530278,50.564443333],[3.09052,50.564388056],[3.090508056,50.564341667],[3.090495556,50.564305833],[3.090471389,50.564265833],[3.090441944,50.5642275],[3.090407222,50.564199167],[3.0903775,50.564171944],[3.090345833,50.56415],[3.090317778,50.564130278],[3.087140556,50.563673056],[3.087890278,50.565448889],[3.089425,50.565676944],[3.0893575,50.565873611],[3.088843611,50.565800278],[3.088798056,50.565806389],[3.088738056,50.565816944],[3.088693056,50.565838889],[3.088634167,50.565857778],[3.088585278,50.565881944],[3.088538611,50.565916944],[3.088495833,50.565963333],[3.088465833,50.566005],[3.088446944,50.566030278],[3.088389722,50.566073333],[3.088326111,50.566116389],[3.088306667,50.566144444],[3.088266111,50.566187778],[3.088250556,50.566236111],[3.088244167,50.566273333],[3.088243056,50.566306111],[3.091041944,50.573022778],[3.091065,50.573037778],[3.091109444,50.573066389],[3.0911475,50.573096667],[3.091194722,50.573127778],[3.091235278,50.573154722],[3.091269722,50.573178056],[3.091317778,50.573178611],[3.091364722,50.573175278],[3.091403333,50.573180556],[3.091467778,50.573201111],[3.091529444,50.573219444],[3.091568056,50.573232222],[3.091616944,50.573245278],[3.091680278,50.5732575],[3.091724444,50.573262222],[3.091769722,50.573261111],[3.091812778,50.573254167],[3.091856111,50.573244722],[3.092211111,50.573193056],[3.092391389,50.573630556],[3.090966111,50.573870556],[3.086684444,50.563611667],[3.085183611,50.563398611]]]}},{"type":"Feature","id":"LFQQ-c98dd284916fe04094c7","properties":{"airport":"LFQQ","name":"LFQQ AVISO","layer":"Surface markings","category":"Stopbars","object_type":"Area","style_id":"polygon.stopbar.7e0000","source_group":"LFQQ AVISO","vsmr_group_ids":[],"geometry_role":"filled_region"},"geometry":{"type":"Polygon","coordinates":[[[3.089431667,50.565678056],[3.089363056,50.565875],[3.089346389,50.565871944],[3.089416944,50.565675833],[3.089431667,50.565678056]]]}},{"type":"Feature","id":"LFQQ-52508aa606478db17475","properties":{"airport":"LFQQ","name":"LFQQ AVISO","layer":"Surface markings","category":"Stopbars","object_type":"Area","style_id":"polygon.stopbar.7e0000","source_group":"LFQQ AVISO","vsmr_group_ids":[],"geometry_role":"filled_region"},"geometry":{"type":"Polygon","coordinates":[[[3.090328056,50.565303889],[3.0903325,50.565291667],[3.090713056,50.565346944],[3.090713056,50.565358611],[3.090328056,50.565303889]]]}},{"type":"Feature","id":"LFQQ-ed48df8fbefb2b4d1dda","properties":{"airport":"LFQQ","name":"LFQQ AVISO","layer":"Surface markings","category":"Stopbars","object_type":"Area","style_id":"polygon.stopbar.7e0000","source_group":"LFQQ AVISO","vsmr_group_ids":[],"geometry_role":"filled_region"},"geometry":{"type":"Polygon","coordinates":[[[3.095864167,50.566094444],[3.095874444,50.566084444],[3.096317778,50.566148611],[3.096315833,50.566160278],[3.095864167,50.566094444]]]}},{"type":"Feature","id":"LFQQ-b50273b4e12cbf0f3131","properties":{"airport":"LFQQ","name":"LFQQ AVISO","layer":"Surface markings","category":"Stopbars","object_type":"Area","style_id":"polygon.stopbar.7e0000","source_group":"LFQQ AVISO","vsmr_group_ids":[],"geometry_role":"filled_region"},"geometry":{"type":"Polygon","coordinates":[[[3.107824444,50.567795833],[3.107623056,50.567765],[3.107628056,50.567754722],[3.107830278,50.567784444],[3.107824444,50.567795833]]]}},{"type":"Feature","id":"LFQQ-5bfe3dcd3d0701989920","properties":{"airport":"LFQQ","name":"LFQQ AVISO","layer":"Surface markings","category":"Stopbars","object_type":"Area","style_id":"polygon.stopbar.7e0000","source_group":"LFQQ AVISO","vsmr_group_ids":[],"geometry_role":"filled_region"},"geometry":{"type":"Polygon","coordinates":[[[3.115743333,50.568920833],[3.115749444,50.568910278],[3.116121389,50.568963333],[3.116115556,50.568976944],[3.115743333,50.568920833]]]}},{"type":"Feature","id":"LFQQ-bee2dd39d0227aeed2d5","properties":{"airport":"LFQQ","name":"LFQQ AVISO","layer":"Surface markings","category":"Stopbars","object_type":"Area","style_id":"polygon.stopbar.7e0000","source_group":"LFQQ AVISO","vsmr_group_ids":[],"geometry_role":"filled_region"},"geometry":{"type":"Polygon","coordinates":[[[3.085991944,50.5619225],[3.086384444,50.561856667],[3.086388333,50.561868889],[3.085997778,50.561935],[3.085991944,50.5619225]]]}},{"type":"Feature","id":"LFQQ-76240a91f9359c728286","properties":{"airport":"LFQQ","name":"LFQQ AVISO","layer":"Surface markings","category":"Stopbars","object_type":"Area","style_id":"polygon.stopbar.7e0000","source_group":"LFQQ AVISO","vsmr_group_ids":[],"geometry_role":"filled_region"},"geometry":{"type":"Polygon","coordinates":[[[3.087660833,50.564929444],[3.087275,50.564994444],[3.087271667,50.5649825],[3.087655278,50.564919167],[3.087660833,50.564929444]]]}},{"type":"Feature","id":"LFQQ-1cfc594663b75344c470","properties":{"airport":"LFQQ","name":"LFQQ AVISO","layer":"Surface markings","category":"Stopbars","object_type":"Area","style_id":"polygon.stopbar.7e0000","source_group":"LFQQ AVISO","vsmr_group_ids":[],"geometry_role":"filled_region"},"geometry":{"type":"Polygon","coordinates":[[[3.092396111,50.573628889],[3.092384444,50.573630833],[3.092200833,50.573194444],[3.092216389,50.5731925],[3.092396111,50.573628889]]]}},{"type":"Feature","id":"LFQQ-9296b65289d1831a7776","properties":{"airport":"LFQQ","name":"LFQQ AVISO","layer":"Airfield surfaces","category":"white","object_type":"Area","style_id":"polygon.white","source_group":"LFQQ AVISO","vsmr_group_ids":[],"geometry_role":"filled_region"},"geometry":{"type":"Polygon","coordinates":[[[3.082801389,50.564541944],[3.082803333,50.564535833],[3.083216944,50.564591111],[3.083213889,50.564597222],[3.082801389,50.564541944]]]}},{"type":"Feature","id":"LFQQ-795ded3e559d8da6f17e","properties":{"airport":"LFQQ","name":"LFQQ AVISO","layer":"Airfield surfaces","category":"white","object_type":"Area","style_id":"polygon.white","source_group":"LFQQ AVISO","vsmr_group_ids":[],"geometry_role":"filled_region"},"geometry":{"type":"Polygon","coordinates":[[[3.086644444,50.565475833],[3.086702778,50.565297222],[3.086711667,50.565298889],[3.086651389,50.565477778],[3.086644444,50.565475833]]]}},{"type":"Feature","id":"LFQQ-8aa8eb9478dc4ae37ab4","properties":{"airport":"LFQQ","name":"LFQQ AVISO","layer":"Airfield surfaces","category":"white","object_type":"Area","style_id":"polygon.white","source_group":"LFQQ AVISO","vsmr_group_ids":[],"geometry_role":"filled_region"},"geometry":{"type":"Polygon","coordinates":[[[3.08408,50.560999444],[3.084251111,50.561029167],[3.084249722,50.561035],[3.084077778,50.561003611],[3.08408,50.560999444]]]}},{"type":"Feature","id":"LFQQ-23091ae17c20feb9aa03","properties":{"airport":"LFQQ","name":"LFQQ AVISO","layer":"Airfield surfaces","category":"white","object_type":"Area","style_id":"polygon.white","source_group":"LFQQ AVISO","vsmr_group_ids":[],"geometry_role":"filled_region"},"geometry":{"type":"Polygon","coordinates":[[[3.084532222,50.560416111],[3.084676111,50.560486389],[3.084668056,50.5604925],[3.084522222,50.560422222],[3.084532222,50.560416111]]]}},{"type":"Feature","id":"LFQQ-83e57f0b7ff9d52497c2","properties":{"airport":"LFQQ","name":"LFQQ AVISO","layer":"Airfield surfaces","category":"white","object_type":"Area","style_id":"polygon.white","source_group":"LFQQ AVISO","vsmr_group_ids":[],"geometry_role":"filled_region"},"geometry":{"type":"Polygon","coordinates":[[[3.086452778,50.559925278],[3.0864425,50.559818056],[3.086453333,50.559817778],[3.086466667,50.559924167],[3.086452778,50.559925278]]]}},{"type":"Feature","id":"LFQQ-bacd6b535d7344d47ccd","properties":{"airport":"LFQQ","name":"LFQQ AVISO","layer":"Airfield surfaces","category":"white","object_type":"Area","style_id":"polygon.white","source_group":"LFQQ AVISO","vsmr_group_ids":[],"geometry_role":"filled_region"},"geometry":{"type":"Polygon","coordinates":[[[3.108628889,50.5651525],[3.108806667,50.565201111],[3.108799167,50.565206944],[3.108625278,50.565157222],[3.108628889,50.5651525]]]}},{"type":"Feature","id":"LFQQ-d0376b704768d48d19fd","properties":{"airport":"LFQQ","name":"LFQQ AVISO","layer":"Airfield surfaces","category":"white","object_type":"Area","style_id":"polygon.white","source_group":"LFQQ AVISO","vsmr_group_ids":[],"geometry_role":"filled_region"},"geometry":{"type":"Polygon","coordinates":[[[3.095779167,50.563598333],[3.095782778,50.563590833],[3.095865556,50.563604167],[3.095858056,50.563609722],[3.095779167,50.563598333]]]}},{"type":"Feature","id":"LFQQ-c497b095f5e406f86abf","properties":{"airport":"LFQQ","name":"LFQQ AVISO","layer":"Airfield surfaces","category":"white","object_type":"Area","style_id":"polygon.white","source_group":"LFQQ AVISO","vsmr_group_ids":[],"geometry_role":"filled_region"},"geometry":{"type":"Polygon","coordinates":[[[3.091276667,50.562677222],[3.091280278,50.562668056],[3.091450278,50.562694444],[3.091445556,50.562700278],[3.091276667,50.562677222]]]}},{"type":"Feature","id":"LFQQ-58936ffd68ca4c147d4e","properties":{"airport":"LFQQ","name":"LFQQ AVISO","layer":"Airfield surfaces","category":"white","object_type":"Area","style_id":"polygon.white","source_group":"LFQQ AVISO","vsmr_group_ids":[],"geometry_role":"filled_region"},"geometry":{"type":"Polygon","coordinates":[[[3.083661111,50.563035],[3.083865,50.563064167],[3.083875833,50.563040278],[3.083709722,50.563017222],[3.0836675,50.563010833],[3.083673611,50.562996389],[3.083922778,50.563031389],[3.083901389,50.563085556],[3.083655278,50.563051111],[3.083661111,50.563035]]]}},{"type":"Feature","id":"LFQQ-901a4f9dfe03ca4377d2","properties":{"airport":"LFQQ","name":"LFQQ AVISO","layer":"Airfield surfaces","category":"white","object_type":"Area","style_id":"polygon.white","source_group":"LFQQ AVISO","vsmr_group_ids":[],"geometry_role":"filled_region"},"geometry":{"type":"Polygon","coordinates":[[[3.083713611,50.563015],[3.083701944,50.563042778],[3.083655,50.563050833],[3.083674167,50.562996667],[3.083713611,50.563015]]]}},{"type":"Feature","id":"LFQQ-a2bd9a2c543031dc0e1d","properties":{"airport":"LFQQ","name":"LFQQ AVISO","layer":"Airfield surfaces","category":"white","object_type":"Area","style_id":"polygon.white","source_group":"LFQQ AVISO","vsmr_group_ids":[],"geometry_role":"filled_region"},"geometry":{"type":"Polygon","coordinates":[[[3.083686667,50.562957222],[3.083708611,50.562903056],[3.083836944,50.562921389],[3.083844444,50.562936389],[3.083858889,50.562925],[3.083956944,50.562939444],[3.083935556,50.562995278],[3.083841111,50.562980833],[3.083833611,50.562963333],[3.08385,50.562964722],[3.083895556,50.562972222],[3.083905833,50.562948056],[3.083744167,50.562925556],[3.083734444,50.562948333],[3.083811111,50.56296],[3.083813889,50.562976111],[3.083686667,50.562957222]]]}},{"type":"Feature","id":"LFQQ-3dac966e2e718049bf04","properties":{"airport":"LFQQ","name":"LFQQ AVISO","layer":"Airfield surfaces","category":"white","object_type":"Area","style_id":"polygon.white","source_group":"LFQQ AVISO","vsmr_group_ids":[],"geometry_role":"filled_region"},"geometry":{"type":"Polygon","coordinates":[[[3.083808889,50.56296],[3.083820556,50.562936389],[3.083857778,50.562940556],[3.083851111,50.562966111],[3.083834167,50.562963611],[3.083813889,50.562975278],[3.083808889,50.56296]]]}},{"type":"Feature","id":"LFQQ-d561cf78670c88d709a7","properties":{"airport":"LFQQ","name":"LFQQ AVISO","layer":"Airfield surfaces","category":"white","object_type":"Area","style_id":"polygon.white","source_group":"LFQQ AVISO","vsmr_group_ids":[],"geometry_role":"filled_region"},"geometry":{"type":"Polygon","coordinates":[[[3.085600556,50.5607],[3.085533611,50.560545833],[3.085621944,50.560528056],[3.085685556,50.560686667],[3.085615,50.560666667],[3.085649722,50.560660556],[3.085608333,50.560558333],[3.0855675,50.560565278],[3.085626111,50.560696111],[3.085600556,50.5607]]]}},{"type":"Feature","id":"LFQQ-2c3968a612d3a9a9c777","properties":{"airport":"LFQQ","name":"LFQQ AVISO","layer":"Airfield surfaces","category":"white","object_type":"Area","style_id":"polygon.white","source_group":"LFQQ AVISO","vsmr_group_ids":[],"geometry_role":"filled_region"},"geometry":{"type":"Polygon","coordinates":[[[3.085588056,50.560669722],[3.085673889,50.560656111],[3.085687222,50.560685833],[3.085600556,50.560699722],[3.085588056,50.560669722]]]}},{"type":"Feature","id":"LFQQ-223f04090c80901b5ee6","properties":{"airport":"LFQQ","name":"LFQQ AVISO","layer":"Airfield surfaces","category":"white","object_type":"Area","style_id":"polygon.white","source_group":"LFQQ AVISO","vsmr_group_ids":[],"geometry_role":"filled_region"},"geometry":{"type":"Polygon","coordinates":[[[3.085742222,50.560646111],[3.0856875,50.560515556],[3.085712778,50.56051],[3.085777778,50.560669167],[3.085744722,50.560674167],[3.085731667,50.560649167],[3.085742222,50.560646111]]]}},{"type":"Feature","id":"LFQQ-324512de10f326adf3c9","properties":{"airport":"LFQQ","name":"LFQQ AVISO","layer":"Airfield surfaces","category":"white","object_type":"Area","style_id":"polygon.white","source_group":"LFQQ AVISO","vsmr_group_ids":[],"geometry_role":"filled_region"},"geometry":{"type":"Polygon","coordinates":[[[3.085769444,50.561425278],[3.0858625,50.561409167],[3.086026944,50.561799444],[3.085935278,50.561816667],[3.085769444,50.561425278]]]}},{"type":"Feature","id":"LFQQ-26e36b395322ff5d7038","properties":{"airport":"LFQQ","name":"LFQQ AVISO","layer":"Airfield surfaces","category":"white","object_type":"Area","style_id":"polygon.white","source_group":"LFQQ AVISO","vsmr_group_ids":[],"geometry_role":"filled_region"},"geometry":{"type":"Polygon","coordinates":[[[3.0861025,50.561368611],[3.086180278,50.561354722],[3.086345833,50.561748611],[3.086271944,50.561759167],[3.0861025,50.561368611]]]}},{"type":"Feature","id":"LFQQ-4d1c31b25c187ec94cb1","properties":{"airport":"LFQQ","name":"LFQQ AVISO","layer":"Airfield surfaces","category":"white","object_type":"Area","style_id":"polygon.white","source_group":"LFQQ AVISO","vsmr_group_ids":[],"geometry_role":"filled_region"},"geometry":{"type":"Polygon","coordinates":[[[3.089093889,50.563913889],[3.088476389,50.563826389],[3.088501111,50.563748611],[3.089124444,50.563834722],[3.089093889,50.563913889]]]}},{"type":"Feature","id":"LFQQ-6a903618314147198114","properties":{"airport":"LFQQ","name":"LFQQ AVISO","layer":"Airfield surfaces","category":"white","object_type":"Area","style_id":"polygon.white","source_group":"LFQQ AVISO","vsmr_group_ids":[],"geometry_role":"filled_region"},"geometry":{"type":"Polygon","coordinates":[[[3.088556111,50.563588333],[3.088585833,50.563510556],[3.089206389,50.563601111],[3.089176389,50.563676667],[3.088556111,50.563588333]]]}},{"type":"Feature","id":"LFQQ-05494b8d9467071229a9","properties":{"airport":"LFQQ","name":"LFQQ AVISO","layer":"Airfield surfaces","category":"white","object_type":"Area","style_id":"polygon.white","source_group":"LFQQ AVISO","vsmr_group_ids":[],"geometry_role":"filled_region"},"geometry":{"type":"Polygon","coordinates":[[[3.090363611,50.572449722],[3.090200556,50.572057222],[3.090288333,50.572042222],[3.090455833,50.572434722],[3.090363611,50.572449722]]]}},{"type":"Feature","id":"LFQQ-c7b0a3914fbe227a72ad","properties":{"airport":"LFQQ","name":"LFQQ AVISO","layer":"Airfield surfaces","category":"white","object_type":"Area","style_id":"polygon.white","source_group":"LFQQ AVISO","vsmr_group_ids":[],"geometry_role":"filled_region"},"geometry":{"type":"Polygon","coordinates":[[[3.090702778,50.572391389],[3.090528333,50.572001389],[3.090613611,50.571986389],[3.090780833,50.572378889],[3.090702778,50.572391389]]]}},{"type":"Feature","id":"LFQQ-22b419a6566892e14536","properties":{"airport":"LFQQ","name":"LFQQ AVISO","layer":"Airfield surfaces","category":"white","object_type":"Area","style_id":"polygon.white","source_group":"LFQQ AVISO","vsmr_group_ids":[],"geometry_role":"filled_region"},"geometry":{"type":"Polygon","coordinates":[[[3.090875833,50.573305556],[3.090892778,50.573346389],[3.090930833,50.573340278],[3.090913333,50.573298333],[3.090900833,50.573270556],[3.090926944,50.573265278],[3.090968056,50.573362222],[3.090905278,50.573373333],[3.090916111,50.573401389],[3.090965833,50.573417222],[3.090972778,50.573436111],[3.090893889,50.573413333],[3.090839722,50.573281667],[3.090865278,50.573276667],[3.090875833,50.573305556]]]}},{"type":"Feature","id":"LFQQ-caa4bd2b5e27b21ab6d7","properties":{"airport":"LFQQ","name":"LFQQ AVISO","layer":"Airfield surfaces","category":"white","object_type":"Area","style_id":"polygon.white","source_group":"LFQQ AVISO","vsmr_group_ids":[],"geometry_role":"filled_region"},"geometry":{"type":"Polygon","coordinates":[[[3.090938889,50.573293611],[3.090851111,50.573308056],[3.090840278,50.5732825],[3.0909275,50.573265556],[3.090938889,50.573293611]]]}},{"type":"Feature","id":"LFQQ-c9a13e83f03249ed1cda","properties":{"airport":"LFQQ","name":"LFQQ AVISO","layer":"Airfield surfaces","category":"white","object_type":"Area","style_id":"polygon.white","source_group":"LFQQ AVISO","vsmr_group_ids":[],"geometry_role":"filled_region"},"geometry":{"type":"Polygon","coordinates":[[[3.091046389,50.573414167],[3.090984167,50.573256944],[3.091007222,50.573251667],[3.091019167,50.573256389],[3.091026389,50.573277778],[3.091018056,50.573281111],[3.091075833,50.573409722],[3.091046389,50.573414167]]]}},{"type":"Feature","id":"LFQQ-75d77eb13a9af5e41c98","properties":{"airport":"LFQQ","name":"LFQQ AVISO","layer":"Airfield surfaces","category":"white","object_type":"Area","style_id":"polygon.white","source_group":"LFQQ AVISO","vsmr_group_ids":[],"geometry_role":"filled_region"},"geometry":{"type":"Polygon","coordinates":[[[3.095958889,50.567145556],[3.095540833,50.567088333],[3.09554,50.567081944],[3.095964444,50.567140278],[3.095958889,50.567145556]]]}},{"type":"Feature","id":"LFQQ-2087b6e7702c211c9ac4","properties":{"airport":"LFQQ","name":"LFQQ AVISO","layer":"Airfield surfaces","category":"white","object_type":"Area","style_id":"polygon.white","source_group":"LFQQ AVISO","vsmr_group_ids":[],"geometry_role":"filled_region"},"geometry":{"type":"Polygon","coordinates":[[[3.097074722,50.567306944],[3.097076111,50.567301111],[3.097317778,50.567331944],[3.097313889,50.567339444],[3.097074722,50.567306944]]]}},{"type":"Feature","id":"LFQQ-43820c0cd1a3ce4523aa","properties":{"airport":"LFQQ","name":"LFQQ AVISO","layer":"Airfield surfaces","category":"white","object_type":"Area","style_id":"polygon.white","source_group":"LFQQ AVISO","vsmr_group_ids":[],"geometry_role":"filled_region"},"geometry":{"type":"Polygon","coordinates":[[[3.103234167,50.569331667],[3.102843056,50.569276111],[3.102845556,50.56927],[3.103236944,50.569325],[3.103234167,50.569331667]]]}},{"type":"Feature","id":"LFQQ-795f20aff30a9a374b3f","properties":{"airport":"LFQQ","name":"LFQQ AVISO","layer":"Airfield surfaces","category":"white","object_type":"Area","style_id":"polygon.white","source_group":"LFQQ AVISO","vsmr_group_ids":[],"geometry_role":"filled_region"},"geometry":{"type":"Polygon","coordinates":[[[3.107231667,50.569651389],[3.106896944,50.569605],[3.106899722,50.569598611],[3.107233333,50.569645],[3.107231667,50.569651389]]]}},{"type":"Feature","id":"LFQQ-55866475648d51acf311","properties":{"airport":"LFQQ","name":"LFQQ AVISO","layer":"Airfield surfaces","category":"white","object_type":"Area","style_id":"polygon.white","source_group":"LFQQ AVISO","vsmr_group_ids":[],"geometry_role":"filled_region"},"geometry":{"type":"Polygon","coordinates":[[[3.116272222,50.569963056],[3.115458611,50.569848889],[3.115460278,50.569844167],[3.116267778,50.569957778],[3.116272222,50.569963056]]]}},{"type":"Feature","id":"LFQQ-a886d0cb5de4ef833a10","properties":{"airport":"LFQQ","name":"LFQQ AVISO","layer":"Airfield surfaces","category":"white","object_type":"Area","style_id":"polygon.white","source_group":"LFQQ AVISO","vsmr_group_ids":[],"geometry_role":"filled_region"},"geometry":{"type":"Polygon","coordinates":[[[3.112489444,50.567243056],[3.1125175,50.567162222],[3.113142778,50.567251389],[3.113113056,50.56733],[3.112489444,50.567243056]]]}},{"type":"Feature","id":"LFQQ-fd50fa28ec611492db2a","properties":{"airport":"LFQQ","name":"LFQQ AVISO","layer":"Airfield surfaces","category":"white","object_type":"Area","style_id":"polygon.white","source_group":"LFQQ AVISO","vsmr_group_ids":[],"geometry_role":"filled_region"},"geometry":{"type":"Polygon","coordinates":[[[3.112571944,50.567005278],[3.112596667,50.566925556],[3.113221944,50.567014444],[3.113192222,50.567093056],[3.112571944,50.567005278]]]}},{"type":"Feature","id":"LFQQ-a2cc315b3767163839d0","properties":{"airport":"LFQQ","name":"LFQQ AVISO","layer":"Airfield surfaces","category":"white","object_type":"Area","style_id":"polygon.white","source_group":"LFQQ AVISO","vsmr_group_ids":[],"geometry_role":"filled_region"},"geometry":{"type":"Polygon","coordinates":[[[3.117418611,50.567716944],[3.117387778,50.567713056],[3.117285,50.567737778],[3.117199167,50.567725833],[3.117215,50.567673056],[3.117283056,50.567680556],[3.117276111,50.567696111],[3.117255556,50.567693056],[3.117244444,50.567715],[3.117291111,50.567721389],[3.117396667,50.567696111],[3.117466944,50.567708889],[3.117445278,50.567759722],[3.117406667,50.567755278],[3.117418611,50.567716944]]]}},{"type":"Feature","id":"LFQQ-e5c2def153abfa3364c3","properties":{"airport":"LFQQ","name":"LFQQ AVISO","layer":"Airfield surfaces","category":"white","object_type":"Area","style_id":"polygon.white","source_group":"LFQQ AVISO","vsmr_group_ids":[],"geometry_role":"filled_region"},"geometry":{"type":"Polygon","coordinates":[[[3.117224167,50.567769722],[3.117434444,50.567800833],[3.117428889,50.567815278],[3.117231944,50.567786944],[3.117188611,50.567807778],[3.117156111,50.567803056],[3.117224167,50.567769722]]]}},{"type":"Feature","id":"LFQQ-2e4f4edb2be42755ba78","properties":{"airport":"LFQQ","name":"LFQQ AVISO","layer":"Airfield surfaces","category":"white","object_type":"Area","style_id":"polygon.white","source_group":"LFQQ AVISO","vsmr_group_ids":[],"geometry_role":"filled_region"},"geometry":{"type":"Polygon","coordinates":[[[3.117319444,50.5677975],[3.117309722,50.567821111],[3.117377778,50.567831111],[3.117389722,50.567806667],[3.117429444,50.567812222],[3.117414444,50.567854167],[3.117262222,50.567831389],[3.117277222,50.567791389],[3.117319444,50.5677975]]]}},{"type":"Feature","id":"LFQQ-0720aa29c916b718aaa8","properties":{"airport":"LFQQ","name":"Fret","layer":"Labels","category":"Gates","object_type":"Label","style_id":"label.gates","source_group":"LFQQ Gates","vsmr_group_ids":[],"geometry_role":"text_label","text-field":"Fret"},"geometry":{"type":"Point","coordinates":[3.115383056,50.572002778]}},{"type":"Feature","id":"LFQQ-312581b100ffd1f64840","properties":{"airport":"LFQQ","name":"Terminal","layer":"Labels","category":"Gates","object_type":"Label","style_id":"label.gates","source_group":"LFQQ Gates","vsmr_group_ids":[],"geometry_role":"text_label","text-field":"Terminal"},"geometry":{"type":"Point","coordinates":[3.105936944,50.571765]}},{"type":"Feature","id":"LFQQ-3ba1bcb027cfbe367b13","properties":{"airport":"LFQQ","name":"Aviation Generale","layer":"Labels","category":"Gates","object_type":"Label","style_id":"label.gates","source_group":"LFQQ Gates","vsmr_group_ids":[],"geometry_role":"text_label","text-field":"Aviation Generale"},"geometry":{"type":"Point","coordinates":[3.095265278,50.568915556]}},{"type":"Feature","id":"LFQQ-8626c2aebde7a2359f8c","properties":{"airport":"LFQQ","name":"H","layer":"Labels","category":"Gates","object_type":"Label","style_id":"label.gates","source_group":"LFQQ Gates","vsmr_group_ids":[],"geometry_role":"text_label","text-field":"H"},"geometry":{"type":"Point","coordinates":[3.094158333,50.573956111]}},{"type":"Feature","id":"LFQQ-da4d57712619e0295651","properties":{"airport":"LFQQ","name":"Parking E","layer":"Labels","category":"Gates","object_type":"Label","style_id":"label.gates","source_group":"LFQQ Gates","vsmr_group_ids":[],"geometry_role":"text_label","text-field":"Parking E"},"geometry":{"type":"Point","coordinates":[3.094589444,50.573086111]}},{"type":"Feature","id":"LFQQ-3cd0da8f8cd2c8d56911","properties":{"airport":"LFQQ","name":"B01","layer":"Labels","category":"Gates","object_type":"Label","style_id":"label.gates","source_group":"LFQQ Gates","vsmr_group_ids":[],"geometry_role":"text_label","text-field":"B01"},"geometry":{"type":"Point","coordinates":[3.102211389,50.570300556]}},{"type":"Feature","id":"LFQQ-71dba7fa193fc2697763","properties":{"airport":"LFQQ","name":"B02","layer":"Labels","category":"Gates","object_type":"Label","style_id":"label.gates","source_group":"LFQQ Gates","vsmr_group_ids":[],"geometry_role":"text_label","text-field":"B02"},"geometry":{"type":"Point","coordinates":[3.102852778,50.570395833]}},{"type":"Feature","id":"LFQQ-a131653ee3962cc87829","properties":{"airport":"LFQQ","name":"B03","layer":"Labels","category":"Gates","object_type":"Label","style_id":"label.gates","source_group":"LFQQ Gates","vsmr_group_ids":[],"geometry_role":"text_label","text-field":"B03"},"geometry":{"type":"Point","coordinates":[3.103433889,50.570478056]}},{"type":"Feature","id":"LFQQ-ebcf88a9b2d2f7c26772","properties":{"airport":"LFQQ","name":"B04","layer":"Labels","category":"Gates","object_type":"Label","style_id":"label.gates","source_group":"LFQQ Gates","vsmr_group_ids":[],"geometry_role":"text_label","text-field":"B04"},"geometry":{"type":"Point","coordinates":[3.104005,50.570566667]}},{"type":"Feature","id":"LFQQ-e1dd6eb8ed380d0dadee","properties":{"airport":"LFQQ","name":"B06","layer":"Labels","category":"Gates","object_type":"Label","style_id":"label.gates","source_group":"LFQQ Gates","vsmr_group_ids":[],"geometry_role":"text_label","text-field":"B06"},"geometry":{"type":"Point","coordinates":[3.104596111,50.570661944]}},{"type":"Feature","id":"LFQQ-681f149ad8378d98537c","properties":{"airport":"LFQQ","name":"B07","layer":"Labels","category":"Gates","object_type":"Label","style_id":"label.gates","source_group":"LFQQ Gates","vsmr_group_ids":[],"geometry_role":"text_label","text-field":"B07"},"geometry":{"type":"Point","coordinates":[3.105417778,50.570846111]}},{"type":"Feature","id":"LFQQ-5885fed397fa64473b18","properties":{"airport":"LFQQ","name":"B08","layer":"Labels","category":"Gates","object_type":"Label","style_id":"label.gates","source_group":"LFQQ Gates","vsmr_group_ids":[],"geometry_role":"text_label","text-field":"B08"},"geometry":{"type":"Point","coordinates":[3.105903889,50.570908611]}},{"type":"Feature","id":"LFQQ-1c993410932bbe05e562","properties":{"airport":"LFQQ","name":"B09","layer":"Labels","category":"Gates","object_type":"Label","style_id":"label.gates","source_group":"LFQQ Gates","vsmr_group_ids":[],"geometry_role":"text_label","text-field":"B09"},"geometry":{"type":"Point","coordinates":[3.106219444,50.570957778]}},{"type":"Feature","id":"LFQQ-881d4d8b3cb7de505761","properties":{"airport":"LFQQ","name":"B10","layer":"Labels","category":"Gates","object_type":"Label","style_id":"label.gates","source_group":"LFQQ Gates","vsmr_group_ids":[],"geometry_role":"text_label","text-field":"B10"},"geometry":{"type":"Point","coordinates":[3.106735556,50.571072778]}},{"type":"Feature","id":"LFQQ-84684cc85fd22c63d1ff","properties":{"airport":"LFQQ","name":"B11","layer":"Labels","category":"Gates","object_type":"Label","style_id":"label.gates","source_group":"LFQQ Gates","vsmr_group_ids":[],"geometry_role":"text_label","text-field":"B11"},"geometry":{"type":"Point","coordinates":[3.107186389,50.571125278]}},{"type":"Feature","id":"LFQQ-1a85e57d5957af16ac0d","properties":{"airport":"LFQQ","name":"B12","layer":"Labels","category":"Gates","object_type":"Label","style_id":"label.gates","source_group":"LFQQ Gates","vsmr_group_ids":[],"geometry_role":"text_label","text-field":"B12"},"geometry":{"type":"Point","coordinates":[3.107501944,50.571178056]}},{"type":"Feature","id":"LFQQ-b22e213bc9b36149cfad","properties":{"airport":"LFQQ","name":"B13","layer":"Labels","category":"Gates","object_type":"Label","style_id":"label.gates","source_group":"LFQQ Gates","vsmr_group_ids":[],"geometry_role":"text_label","text-field":"B13"},"geometry":{"type":"Point","coordinates":[3.107963056,50.571243611]}},{"type":"Feature","id":"LFQQ-997a1574a1f0586c5587","properties":{"airport":"LFQQ","name":"B14","layer":"Labels","category":"Gates","object_type":"Label","style_id":"label.gates","source_group":"LFQQ Gates","vsmr_group_ids":[],"geometry_role":"text_label","text-field":"B14"},"geometry":{"type":"Point","coordinates":[3.108268611,50.571286389]}},{"type":"Feature","id":"LFQQ-f26cf6e021f7de2afba2","properties":{"airport":"LFQQ","name":"B15","layer":"Labels","category":"Gates","object_type":"Label","style_id":"label.gates","source_group":"LFQQ Gates","vsmr_group_ids":[],"geometry_role":"text_label","text-field":"B15"},"geometry":{"type":"Point","coordinates":[3.108544167,50.571194444]}},{"type":"Feature","id":"LFQQ-cabe4b2cbc6056031158","properties":{"airport":"LFQQ","name":"B16","layer":"Labels","category":"Gates","object_type":"Label","style_id":"label.gates","source_group":"LFQQ Gates","vsmr_group_ids":[],"geometry_role":"text_label","text-field":"B16"},"geometry":{"type":"Point","coordinates":[3.108965,50.5713225]}},{"type":"Feature","id":"LFQQ-af1bab7b940d64b348bd","properties":{"airport":"LFQQ","name":"B17","layer":"Labels","category":"Gates","object_type":"Label","style_id":"label.gates","source_group":"LFQQ Gates","vsmr_group_ids":[],"geometry_role":"text_label","text-field":"B17"},"geometry":{"type":"Point","coordinates":[3.109190278,50.571355556]}},{"type":"Feature","id":"LFQQ-5355fd3750c5594557e9","properties":{"airport":"LFQQ","name":"C1W","layer":"Labels","category":"Gates","object_type":"Label","style_id":"label.gates","source_group":"LFQQ Gates","vsmr_group_ids":[],"geometry_role":"text_label","text-field":"C1W"},"geometry":{"type":"Point","coordinates":[3.098078056,50.568827222]}},{"type":"Feature","id":"LFQQ-345d396e8f6f36fbeb93","properties":{"airport":"LFQQ","name":"C1E","layer":"Labels","category":"Gates","object_type":"Label","style_id":"label.gates","source_group":"LFQQ Gates","vsmr_group_ids":[],"geometry_role":"text_label","text-field":"C1E"},"geometry":{"type":"Point","coordinates":[3.098113333,50.568735278]}},{"type":"Feature","id":"LFQQ-935f0e3dd5f68726dc57","properties":{"airport":"LFQQ","name":"C2W","layer":"Labels","category":"Gates","object_type":"Label","style_id":"label.gates","source_group":"LFQQ Gates","vsmr_group_ids":[],"geometry_role":"text_label","text-field":"C2W"},"geometry":{"type":"Point","coordinates":[3.098143333,50.568603889]}},{"type":"Feature","id":"LFQQ-a401057787fdbdf50675","properties":{"airport":"LFQQ","name":"C2E","layer":"Labels","category":"Gates","object_type":"Label","style_id":"label.gates","source_group":"LFQQ Gates","vsmr_group_ids":[],"geometry_role":"text_label","text-field":"C2E"},"geometry":{"type":"Point","coordinates":[3.098183333,50.568525]}},{"type":"Feature","id":"LFQQ-8a7779fae7cae25bbee7","properties":{"airport":"LFQQ","name":"C3W","layer":"Labels","category":"Gates","object_type":"Label","style_id":"label.gates","source_group":"LFQQ Gates","vsmr_group_ids":[],"geometry_role":"text_label","text-field":"C3W"},"geometry":{"type":"Point","coordinates":[3.098223333,50.568386944]}},{"type":"Feature","id":"LFQQ-a19a6b0df57e8904f1fc","properties":{"airport":"LFQQ","name":"C3E","layer":"Labels","category":"Gates","object_type":"Label","style_id":"label.gates","source_group":"LFQQ Gates","vsmr_group_ids":[],"geometry_role":"text_label","text-field":"C3E"},"geometry":{"type":"Point","coordinates":[3.098258611,50.568311389]}},{"type":"Feature","id":"LFQQ-41e135e99179385079e7","properties":{"airport":"LFQQ","name":"C4W","layer":"Labels","category":"Gates","object_type":"Label","style_id":"label.gates","source_group":"LFQQ Gates","vsmr_group_ids":[],"geometry_role":"text_label","text-field":"C4W"},"geometry":{"type":"Point","coordinates":[3.098303611,50.56818]}},{"type":"Feature","id":"LFQQ-a0df8ce70c949aedb894","properties":{"airport":"LFQQ","name":"C4E","layer":"Labels","category":"Gates","object_type":"Label","style_id":"label.gates","source_group":"LFQQ Gates","vsmr_group_ids":[],"geometry_role":"text_label","text-field":"C4E"},"geometry":{"type":"Point","coordinates":[3.098338611,50.568094444]}},{"type":"Feature","id":"LFQQ-28b635e336a2a96ef3d0","properties":{"airport":"LFQQ","name":"C5W","layer":"Labels","category":"Gates","object_type":"Label","style_id":"label.gates","source_group":"LFQQ Gates","vsmr_group_ids":[],"geometry_role":"text_label","text-field":"C5W"},"geometry":{"type":"Point","coordinates":[3.098383889,50.567953333]}},{"type":"Feature","id":"LFQQ-f687125d0cec234357a1","properties":{"airport":"LFQQ","name":"C5E","layer":"Labels","category":"Gates","object_type":"Label","style_id":"label.gates","source_group":"LFQQ Gates","vsmr_group_ids":[],"geometry_role":"text_label","text-field":"C5E"},"geometry":{"type":"Point","coordinates":[3.098418889,50.567880833]}},{"type":"Feature","id":"LFQQ-c6a7c22b9fb6bbd67f3a","properties":{"airport":"LFQQ","name":"C6W","layer":"Labels","category":"Gates","object_type":"Label","style_id":"label.gates","source_group":"LFQQ Gates","vsmr_group_ids":[],"geometry_role":"text_label","text-field":"C6W"},"geometry":{"type":"Point","coordinates":[3.097311667,50.568689444]}},{"type":"Feature","id":"LFQQ-716c62bde6898c849a33","properties":{"airport":"LFQQ","name":"C6E","layer":"Labels","category":"Gates","object_type":"Label","style_id":"label.gates","source_group":"LFQQ Gates","vsmr_group_ids":[],"geometry_role":"text_label","text-field":"C6E"},"geometry":{"type":"Point","coordinates":[3.097346667,50.568603889]}},{"type":"Feature","id":"LFQQ-96131347b07ea1132ac9","properties":{"airport":"LFQQ","name":"C7W","layer":"Labels","category":"Gates","object_type":"Label","style_id":"label.gates","source_group":"LFQQ Gates","vsmr_group_ids":[],"geometry_role":"text_label","text-field":"C7W"},"geometry":{"type":"Point","coordinates":[3.097406944,50.568433056]}},{"type":"Feature","id":"LFQQ-13a9b8ecdf1e4790df4b","properties":{"airport":"LFQQ","name":"C7E","layer":"Labels","category":"Gates","object_type":"Label","style_id":"label.gates","source_group":"LFQQ Gates","vsmr_group_ids":[],"geometry_role":"text_label","text-field":"C7E"},"geometry":{"type":"Point","coordinates":[3.097446944,50.568354167]}},{"type":"Feature","id":"LFQQ-dc330ab6fc69f92436d4","properties":{"airport":"LFQQ","name":"C8W","layer":"Labels","category":"Gates","object_type":"Label","style_id":"label.gates","source_group":"LFQQ Gates","vsmr_group_ids":[],"geometry_role":"text_label","text-field":"C8W"},"geometry":{"type":"Point","coordinates":[3.097491944,50.568193056]}},{"type":"Feature","id":"LFQQ-0d30d8d14a016929f42b","properties":{"airport":"LFQQ","name":"C8E","layer":"Labels","category":"Gates","object_type":"Label","style_id":"label.gates","source_group":"LFQQ Gates","vsmr_group_ids":[],"geometry_role":"text_label","text-field":"C8E"},"geometry":{"type":"Point","coordinates":[3.097532222,50.568094444]}},{"type":"Feature","id":"LFQQ-c4f0a7015aee487d1761","properties":{"airport":"LFQQ","name":"C9W","layer":"Labels","category":"Gates","object_type":"Label","style_id":"label.gates","source_group":"LFQQ Gates","vsmr_group_ids":[],"geometry_role":"text_label","text-field":"C9W"},"geometry":{"type":"Point","coordinates":[3.097567222,50.567936667]}},{"type":"Feature","id":"LFQQ-0d26a6e618980e53b5f3","properties":{"airport":"LFQQ","name":"C9E","layer":"Labels","category":"Gates","object_type":"Label","style_id":"label.gates","source_group":"LFQQ Gates","vsmr_group_ids":[],"geometry_role":"text_label","text-field":"C9E"},"geometry":{"type":"Point","coordinates":[3.097617222,50.567838056]}},{"type":"Feature","id":"LFQQ-4b51842ed48bbd8263f5","properties":{"airport":"LFQQ","name":"C10","layer":"Labels","category":"Gates","object_type":"Label","style_id":"label.gates","source_group":"LFQQ Gates","vsmr_group_ids":[],"geometry_role":"text_label","text-field":"C10"},"geometry":{"type":"Point","coordinates":[3.096435278,50.568163611]}},{"type":"Feature","id":"LFQQ-c62ec2ad60b6fb2d2a03","properties":{"airport":"LFQQ","name":"C11","layer":"Labels","category":"Gates","object_type":"Label","style_id":"label.gates","source_group":"LFQQ Gates","vsmr_group_ids":[],"geometry_role":"text_label","text-field":"C11"},"geometry":{"type":"Point","coordinates":[3.095629722,50.568053056]}},{"type":"Feature","id":"LFQQ-d1e327f16f869ad9c595","properties":{"airport":"LFQQ","name":"C12","layer":"Labels","category":"Gates","object_type":"Label","style_id":"label.gates","source_group":"LFQQ Gates","vsmr_group_ids":[],"geometry_role":"text_label","text-field":"C12"},"geometry":{"type":"Point","coordinates":[3.095269167,50.567679722]}},{"type":"Feature","id":"LFQQ-820bab109186ced0d679","properties":{"airport":"LFQQ","name":"C13","layer":"Labels","category":"Gates","object_type":"Label","style_id":"label.gates","source_group":"LFQQ Gates","vsmr_group_ids":[],"geometry_role":"text_label","text-field":"C13"},"geometry":{"type":"Point","coordinates":[3.094808056,50.567948056]}},{"type":"Feature","id":"LFQQ-0260b62aec2cd0e10dab","properties":{"airport":"LFQQ","name":"D01W","layer":"Labels","category":"Gates","object_type":"Label","style_id":"label.gates","source_group":"LFQQ Gates","vsmr_group_ids":[],"geometry_role":"text_label","text-field":"D01W"},"geometry":{"type":"Point","coordinates":[3.114848333,50.570640278]}},{"type":"Feature","id":"LFQQ-115756dfc6e520cfdf8a","properties":{"airport":"LFQQ","name":"D01E","layer":"Labels","category":"Gates","object_type":"Label","style_id":"label.gates","source_group":"LFQQ Gates","vsmr_group_ids":[],"geometry_role":"text_label","text-field":"D01E"},"geometry":{"type":"Point","coordinates":[3.1149325,50.570731944]}},{"type":"Feature","id":"LFQQ-8981535097468c99c9e7","properties":{"airport":"LFQQ","name":"D02W","layer":"Labels","category":"Gates","object_type":"Label","style_id":"label.gates","source_group":"LFQQ Gates","vsmr_group_ids":[],"geometry_role":"text_label","text-field":"D02W"},"geometry":{"type":"Point","coordinates":[3.114786667,50.570812778]}},{"type":"Feature","id":"LFQQ-afb218ce3ee5b5a23fd0","properties":{"airport":"LFQQ","name":"D02E","layer":"Labels","category":"Gates","object_type":"Label","style_id":"label.gates","source_group":"LFQQ Gates","vsmr_group_ids":[],"geometry_role":"text_label","text-field":"D02E"},"geometry":{"type":"Point","coordinates":[3.114876944,50.570909444]}},{"type":"Feature","id":"LFQQ-c00f0cd0c54fa9d0e3f8","properties":{"airport":"LFQQ","name":"D03W","layer":"Labels","category":"Gates","object_type":"Label","style_id":"label.gates","source_group":"LFQQ Gates","vsmr_group_ids":[],"geometry_role":"text_label","text-field":"D03W"},"geometry":{"type":"Point","coordinates":[3.114723056,50.570996944]}},{"type":"Feature","id":"LFQQ-21a587ec13e1bd096ca4","properties":{"airport":"LFQQ","name":"D03E","layer":"Labels","category":"Gates","object_type":"Label","style_id":"label.gates","source_group":"LFQQ Gates","vsmr_group_ids":[],"geometry_role":"text_label","text-field":"D03E"},"geometry":{"type":"Point","coordinates":[3.114819444,50.571084444]}},{"type":"Feature","id":"LFQQ-557cb07bb8d34c32608b","properties":{"airport":"LFQQ","name":"D04W","layer":"Labels","category":"Gates","object_type":"Label","style_id":"label.gates","source_group":"LFQQ Gates","vsmr_group_ids":[],"geometry_role":"text_label","text-field":"D04W"},"geometry":{"type":"Point","coordinates":[3.115693611,50.570466667]}},{"type":"Feature","id":"LFQQ-ef891a8d59f5d6b2f3ad","properties":{"airport":"LFQQ","name":"D04E","layer":"Labels","category":"Gates","object_type":"Label","style_id":"label.gates","source_group":"LFQQ Gates","vsmr_group_ids":[],"geometry_role":"text_label","text-field":"D04E"},"geometry":{"type":"Point","coordinates":[3.115907222,50.570635]}},{"type":"Feature","id":"LFQQ-a7ea000f8fe7398b4470","properties":{"airport":"LFQQ","name":"D05W","layer":"Labels","category":"Gates","object_type":"Label","style_id":"label.gates","source_group":"LFQQ Gates","vsmr_group_ids":[],"geometry_role":"text_label","text-field":"D05W"},"geometry":{"type":"Point","coordinates":[3.115599167,50.57074]}},{"type":"Feature","id":"LFQQ-7b60199b184fadced3b9","properties":{"airport":"LFQQ","name":"D05E","layer":"Labels","category":"Gates","object_type":"Label","style_id":"label.gates","source_group":"LFQQ Gates","vsmr_group_ids":[],"geometry_role":"text_label","text-field":"D05E"},"geometry":{"type":"Point","coordinates":[3.115829167,50.5708975]}},{"type":"Feature","id":"LFQQ-0a59de9e33284c231fbf","properties":{"airport":"LFQQ","name":"D06W","layer":"Labels","category":"Gates","object_type":"Label","style_id":"label.gates","source_group":"LFQQ Gates","vsmr_group_ids":[],"geometry_role":"text_label","text-field":"D06W"},"geometry":{"type":"Point","coordinates":[3.115506944,50.571014444]}},{"type":"Feature","id":"LFQQ-1b17eb834b9805b93a65","properties":{"airport":"LFQQ","name":"D06E","layer":"Labels","category":"Gates","object_type":"Label","style_id":"label.gates","source_group":"LFQQ Gates","vsmr_group_ids":[],"geometry_role":"text_label","text-field":"D06E"},"geometry":{"type":"Point","coordinates":[3.115724444,50.571182778]}},{"type":"Feature","id":"LFQQ-472172afbb3512b4787f","properties":{"airport":"LFQQ","name":"D07W","layer":"Labels","category":"Gates","object_type":"Label","style_id":"label.gates","source_group":"LFQQ Gates","vsmr_group_ids":[],"geometry_role":"text_label","text-field":"D07W"},"geometry":{"type":"Point","coordinates":[3.116467222,50.571010556]}},{"type":"Feature","id":"LFQQ-2141b95c3f220eed1e9d","properties":{"airport":"LFQQ","name":"D07E","layer":"Labels","category":"Gates","object_type":"Label","style_id":"label.gates","source_group":"LFQQ Gates","vsmr_group_ids":[],"geometry_role":"text_label","text-field":"D07E"},"geometry":{"type":"Point","coordinates":[3.116818333,50.571314722]}},{"type":"Feature","id":"LFQQ-37086641a05dc903b41c","properties":{"airport":"LFQQ","name":"LFQQ Groundlayout AVISO","layer":"Guidance lines","category":"gate","object_type":"Line","style_id":"line.gate","source_group":"LFQQ Groundlayout AVISO","vsmr_group_ids":[],"geometry_role":"linework"},"geometry":{"type":"MultiLineString","coordinates":[[[3.085318889,50.560188611],[3.085425,50.560449722]],[[3.085361667,50.560180278],[3.085467778,50.560440556]],[[3.085403056,50.560175278],[3.085509444,50.560433889]],[[3.085443333,50.560166944],[3.085552222,50.560426667]],[[3.085503056,50.560157222],[3.085610556,50.560415]],[[3.085543056,50.560150556],[3.085655833,50.560406667]],[[3.085587222,50.560143333],[3.085697222,50.560400278]],[[3.085628611,50.560135833],[3.085738889,50.560392778]],[[3.086056389,50.562091667],[3.085779444,50.561419167],[3.085268333,50.560170833],[3.086513889,50.563180556],[3.083087778,50.5626925],[3.082953056,50.563077778],[3.086691667,50.563606944],[3.090965556,50.573871111]],[[3.090988889,50.573814722],[3.090878333,50.573553611]],[[3.091030556,50.573806111],[3.090921667,50.573547222]],[[3.091071944,50.573801111],[3.090963333,50.573541111]],[[3.091111667,50.573793611],[3.091004722,50.573533611]],[[3.091172778,50.573783333],[3.091066111,50.573521111]],[[3.091216389,50.573775833],[3.091107778,50.573513333]],[[3.091255833,50.573768333],[3.091149167,50.573508333]],[[3.0912975,50.573762222],[3.091190833,50.573500833]],[[3.091099722,50.573168056],[3.088051944,50.565854167],[3.088051944,50.565833889],[3.088057778,50.565812778],[3.088073611,50.56579],[3.088089444,50.5657725],[3.088109167,50.5657575],[3.088136944,50.565739722],[3.088176389,50.565728611],[3.088214167,50.565722222],[3.0882575,50.565719722],[3.088303056,50.565723611],[3.089356111,50.565876667]],[[3.088185556,50.565495278],[3.087884444,50.5654525],[3.08714,50.563672778],[3.090320833,50.5641275],[3.090355,50.564152778],[3.090393611,50.564181944],[3.090423611,50.564207222],[3.090447778,50.564230833],[3.090473611,50.564258056],[3.090486389,50.5642825],[3.090500556,50.564310556],[3.090515,50.564347778],[3.090523889,50.564382778],[3.090528056,50.56442],[3.0905325,50.5644725],[3.090533889,50.564528056],[3.090530833,50.5645625],[3.090526667,50.564615833],[3.090513889,50.564674722],[3.0905025,50.564740833],[3.090486111,50.564825556],[3.090473333,50.564885556],[3.0904575,50.564940833],[3.090450278,50.564974444],[3.090436111,50.565017778],[3.090423333,50.565051389],[3.090404722,50.565111111],[3.090380556,50.565176389],[3.090335278,50.565292222],[3.090242222,50.5655475],[3.090223611,50.565582778],[3.090188333,50.565618333],[3.090147222,50.565646667],[3.090093333,50.565678611],[3.090018889,50.565702222],[3.089946389,50.565718889],[3.0898925,50.565731667],[3.089821667,50.565736389],[3.089782778,50.565729444],[3.089447778,50.5656775]],[[3.091679722,50.565976944],[3.0915,50.565944722],[3.0914075,50.565925278],[3.091320278,50.565905],[3.091229722,50.565883333],[3.091136944,50.565853333],[3.091061389,50.565828056],[3.090995,50.565802778],[3.090953333,50.565786111],[3.090887222,50.565752222],[3.090834167,50.565716389],[3.090788889,50.565683889],[3.090753056,50.565638333],[3.090730278,50.565575833],[3.090715278,50.565497778],[3.090703889,50.56544],[3.090717222,50.565314444],[3.090723056,50.565271667],[3.09073,50.565223611],[3.090741389,50.565165556],[3.090754444,50.565115],[3.090767222,50.565064167],[3.090781389,50.565014167],[3.090805833,50.564953611],[3.090832778,50.564896389],[3.09089,50.564773056],[3.090933889,50.564690556],[3.090976667,50.564621667],[3.091022222,50.564553611],[3.091062222,50.564501111],[3.091112222,50.564453889],[3.091159444,50.564412222],[3.091213611,50.564373333],[3.091277778,50.564343333],[3.091337778,50.564324444],[3.091416111,50.564305278],[3.091486111,50.5642925],[3.095814167,50.564908889],[3.095857778,50.564925],[3.095921944,50.5649525],[3.095988333,50.564994722],[3.096052778,50.565051667],[3.096107778,50.565115833],[3.09614,50.565165278],[3.096162778,50.565230833],[3.096169722,50.565289167],[3.096169722,50.565354722],[3.096158333,50.565426111],[3.096123056,50.565554167],[3.096093056,50.565666389],[3.096063333,50.565751111],[3.096031111,50.565828333],[3.095976111,50.565921667],[3.095909444,50.566033889],[3.095879722,50.566083333],[3.095820278,50.566176389],[3.095778611,50.5662275],[3.095726389,50.566279444],[3.095663056,50.566324444],[3.095591111,50.566362778],[3.095493611,50.566394167],[3.095408889,50.566411389],[3.095331389,50.566421944],[3.095243889,50.566428333],[3.095176111,50.566433611],[3.095049167,50.566432778],[3.094901111,50.566428333],[3.094826389,50.566424722],[3.094754722,50.566421111]],[[3.094922778,50.566438889],[3.096568889,50.566595556],[3.096541944,50.566580278],[3.096503889,50.566560556],[3.096457222,50.566533611],[3.096429167,50.566506667],[3.096389722,50.566476389],[3.096355833,50.566434167],[3.096326111,50.566375833],[3.096316111,50.5663375],[3.096309167,50.566288889],[3.096311944,50.5661825],[3.096323889,50.565934444],[3.096426944,50.565633611],[3.0964775,50.565511944],[3.096521944,50.565419722],[3.0965575,50.5653675],[3.096594167,50.565325556],[3.096678333,50.565262778],[3.096773056,50.565203889],[3.096871944,50.565159722],[3.096987778,50.565127778],[3.097095278,50.565109167],[3.097179444,50.5651025],[3.115741667,50.567742778],[3.115762778,50.567761389],[3.115798611,50.567792222],[3.115836389,50.567824444],[3.115885,50.567871111],[3.115918611,50.567911111],[3.115941667,50.567960556],[3.115962778,50.568039444],[3.115965,50.568143889],[3.115958611,50.568258889],[3.115948333,50.568388611],[3.115915556,50.568511667],[3.115886111,50.568628056],[3.115858889,50.568700278],[3.115831389,50.568765556],[3.115806389,50.568819167],[3.115781111,50.568867222],[3.115750833,50.568911944],[3.115712778,50.568975],[3.115674444,50.569025278],[3.115635,50.569075833],[3.115592222,50.569111667],[3.115529722,50.569161111],[3.115465556,50.569191111],[3.115401667,50.569213333]],[[3.116202778,50.569859167],[3.116126944,50.569715833],[3.1160875,50.569623333],[3.116051111,50.569536389],[3.116033611,50.569469722],[3.116028611,50.569405278],[3.116043056,50.5692925],[3.116098333,50.569054722],[3.116143056,50.568878056],[3.116174444,50.568796667],[3.116214444,50.568696389],[3.116258611,50.568597222],[3.116300833,50.568495833],[3.116330278,50.568426111],[3.116366111,50.568372778],[3.116406111,50.568311111],[3.116450278,50.568248333],[3.116496389,50.568188056],[3.116544722,50.568137222],[3.116601667,50.568073056],[3.116658611,50.568028889],[3.116713333,50.567995556],[3.116782778,50.567974167],[3.116885833,50.567951389],[3.116959444,50.567941944],[3.117043611,50.567933889],[3.117085833,50.567933889],[3.1218725,50.568613333],[3.122011111,50.568226944],[3.086958611,50.56324],[3.085669444,50.560130278]],[[3.083040278,50.563067222],[3.083456111,50.563127222]],[[3.0830525,50.563035278],[3.083466667,50.563096389]],[[3.083063056,50.563005278],[3.083478889,50.5630675]],[[3.083068056,50.562976389],[3.083489444,50.563036389]],[[3.083082222,50.562946389],[3.083499722,50.5630075]],[[3.083092778,50.5629175],[3.083503333,50.562976389]],[[3.083106111,50.562873611],[3.083522222,50.562931944]],[[3.083119444,50.5628425],[3.083532778,50.562903611]],[[3.08313,50.562811389],[3.083544444,50.5628725]],[[3.083140278,50.562781389],[3.083553611,50.562841667]],[[3.083153611,50.562751111],[3.083566944,50.5628125]],[[3.083163889,50.562723056],[3.083575833,50.562781389]],[[3.082954167,50.563078056],[3.082931111,50.563156667],[3.082924722,50.563238611],[3.082951389,50.563323056],[3.082998611,50.563398333],[3.083050833,50.563454444],[3.083116667,50.563504167],[3.083212222,50.563554444],[3.083295278,50.563588333],[3.083385278,50.563609444],[3.083458889,50.563622222],[3.084073889,50.563503056],[3.084346389,50.563451667],[3.084530556,50.563418889],[3.084683333,50.563394444],[3.084856389,50.563371111]],[[3.089180833,50.561823333],[3.089133333,50.561812778],[3.089108333,50.561791389],[3.089097222,50.561756111],[3.089116667,50.561718889],[3.089169722,50.5616975],[3.089233889,50.561702778],[3.089267222,50.561727778],[3.089283889,50.561759444],[3.089258889,50.561801944],[3.089228333,50.561816111],[3.089180833,50.561823333]],[[3.119905278,50.568333889],[3.120153333,50.568460556],[3.120302778,50.568538056],[3.120430833,50.568610556],[3.120590278,50.568698333],[3.121063611,50.56897],[3.121135278,50.568978333],[3.121236389,50.568980556],[3.121315278,50.568974722],[3.121405556,50.568959444],[3.121491944,50.568939722],[3.121568889,50.568911667],[3.121631389,50.568884722],[3.121693889,50.568850833],[3.12174,50.568814722],[3.121776667,50.568780833],[3.121807778,50.568749444],[3.121833611,50.568714167],[3.121850833,50.568679167],[3.121872222,50.568612222]],[[3.118025833,50.568067778],[3.118163611,50.567680278]],[[3.117546111,50.567976667],[3.117960278,50.568033611]],[[3.1175575,50.567944722],[3.117967778,50.568002778]],[[3.117565,50.567915],[3.117980833,50.567974167]],[[3.117576111,50.567885556],[3.117990278,50.567945833]],[[3.117587222,50.567855833],[3.118003333,50.567913889]],[[3.117596667,50.567825],[3.1180125,50.567885278]],[[3.117615278,50.5677825],[3.1180275,50.567840278]],[[3.1176225,50.567751667],[3.118036667,50.567811944]],[[3.117633889,50.567720833],[3.118051667,50.56778]],[[3.117643056,50.567692222],[3.118062778,50.567750278]],[[3.1176525,50.567662778],[3.118070278,50.567720556]],[[3.117665556,50.567633056],[3.118081389,50.567692222]],[[3.115676667,50.5676825],[3.115986111,50.567727778]],[[3.115688889,50.567652778],[3.115993611,50.567695]],[[3.115696389,50.567623056],[3.116008333,50.567666667]],[[3.115755278,50.56745],[3.116062222,50.567491944]],[[3.1157625,50.567420278],[3.116076944,50.567463889]],[[3.115777222,50.567390556],[3.116084444,50.567435833]],[[3.113611389,50.567385],[3.113920278,50.567431389]],[[3.1136225,50.567356111],[3.113931667,50.567401667]],[[3.113631944,50.567328611],[3.113939167,50.567371667]],[[3.113686667,50.567153889],[3.114001389,50.567199167]],[[3.113699722,50.567125],[3.1140125,50.567171667]],[[3.113711111,50.5670975],[3.114018333,50.567141944]],[[3.109484444,50.566768889],[3.109797222,50.566811944]],[[3.109497778,50.566741389],[3.109808611,50.566784444]],[[3.109556111,50.566567778],[3.109868889,50.566611944]],[[3.109569167,50.566537778],[3.109878333,50.566583333]],[[3.107432778,50.5664475],[3.107741667,50.566490833]],[[3.107491389,50.566274444],[3.107803333,50.566318611]],[[3.105365833,50.566152778],[3.105673056,50.566197778]],[[3.105425556,50.565980278],[3.105737222,50.566025]],[[3.121879722,50.568409167],[3.121943889,50.568418611]],[[3.121881944,50.568397778],[3.121747222,50.568390833],[3.121874722,50.568421667]],[[3.121189444,50.568311389],[3.121460556,50.568351389]],[[3.121189444,50.568299167],[3.121057222,50.568293611],[3.121184722,50.568322222]],[[3.120499444,50.568214444],[3.120775278,50.568254444]],[[3.120500833,50.568201944],[3.120365833,50.568195833],[3.120493333,50.568224444]],[[3.119811944,50.568106389],[3.119674722,50.568097222],[3.119805833,50.568128889]],[[3.119808333,50.568117222],[3.120085278,50.568156667]],[[3.119120556,50.568006944],[3.118986944,50.568],[3.119114722,50.568030278]],[[3.119120556,50.568018611],[3.119397778,50.568058611]],[[3.118434167,50.567920833],[3.11871,50.567959167]],[[3.118434167,50.5679075],[3.118299444,50.567902222],[3.118430556,50.567931389]],[[3.084093333,50.563036667],[3.084513889,50.5630975]],[[3.084930278,50.563154722],[3.085340833,50.563214167]],[[3.085761389,50.563273889],[3.086183889,50.563333611]],[[3.086600278,50.563391944],[3.087014722,50.563451667]],[[3.087431111,50.563511111],[3.087841667,50.563569444]],[[3.088264167,50.563627778],[3.088678611,50.563688889]],[[3.089095,50.563747222],[3.089515556,50.563808056]],[[3.08993,50.563867778],[3.090338333,50.563928611]],[[3.090765,50.563985833],[3.091181667,50.564048056]],[[3.091602222,50.564105],[3.092014444,50.564163333]],[[3.092433056,50.564223056],[3.0928475,50.5642825]],[[3.093266111,50.564338333],[3.0936825,50.564404444]],[[3.094099167,50.564461389],[3.094519722,50.564519722]],[[3.094934167,50.564578056],[3.095346389,50.564635278]],[[3.095765,50.564697222],[3.096179444,50.564755556]],[[3.096598056,50.564813889],[3.097018611,50.5648775]],[[3.097433056,50.564934444],[3.097849444,50.564994167]],[[3.098272222,50.5650525],[3.098684444,50.565111944]],[[3.099103056,50.565174167],[3.099519722,50.5652325]],[[3.099931944,50.565290833],[3.100348611,50.565351667]],[[3.100767222,50.5654075],[3.101185556,50.565466944]],[[3.101604167,50.565526667],[3.102020556,50.5655875]],[[3.102439167,50.565645833],[3.102851667,50.565704167]],[[3.103276389,50.565766389],[3.103686667,50.565825833]],[[3.104099167,50.565884167],[3.104521944,50.565941111]],[[3.104941111,50.566001389],[3.105355556,50.566060833]],[[3.105771944,50.566119167],[3.106186389,50.56618]],[[3.106605,50.566239722],[3.107019444,50.566299167]],[[3.10744,50.5663575],[3.107856667,50.566417222]],[[3.108275278,50.566476667],[3.108689722,50.566533611]],[[3.109108333,50.566597222],[3.109522778,50.566655278]],[[3.109937222,50.566715],[3.110353611,50.566771944]],[[3.110774444,50.566831389],[3.111190833,50.566891111]],[[3.111603333,50.566950556],[3.112026111,50.567011389]],[[3.112444444,50.567068333],[3.112861111,50.567129167]],[[3.113275556,50.5671875],[3.113698333,50.567248333]],[[3.114108611,50.567306667],[3.114525278,50.567368889]],[[3.114943889,50.567424444],[3.1153625,50.567486667]],[[3.115776667,50.567544167],[3.116193056,50.567605]],[[3.116609722,50.567661944],[3.117030278,50.567722778]],[[3.085730556,50.560788889],[3.085840278,50.561044444]],[[3.085915833,50.561219167],[3.086023889,50.561476667]],[[3.086095556,50.561653611],[3.086187778,50.561876944]],[[3.086275278,50.562091944],[3.086381944,50.562345556]],[[3.086455,50.562523611],[3.08656,50.562781111]],[[3.086634722,50.562956944],[3.0867175,50.563156944]],[[3.086976944,50.563779444],[3.087089722,50.564060278]],[[3.087161389,50.564241111],[3.087268056,50.564496944]],[[3.087345833,50.564671667],[3.087460556,50.564930278]],[[3.087530556,50.565101111],[3.087632222,50.565357778]],[[3.087705556,50.565538611],[3.087810556,50.565789167]],[[3.087888333,50.565972222],[3.087993333,50.566225833]],[[3.088068056,50.566401667],[3.088174722,50.566658056]],[[3.088251111,50.566836111],[3.088354444,50.567091667]],[[3.088429444,50.567268611],[3.088540833,50.567525]],[[3.088609167,50.5677],[3.088717222,50.567960556]],[[3.088792222,50.568134444],[3.088897222,50.568393056]],[[3.088970278,50.568568889],[3.08908,50.568825556]],[[3.089151667,50.569001389],[3.08926,50.569261111]],[[3.08933,50.569434722],[3.089438056,50.569693611]],[[3.089511389,50.569870278],[3.089621111,50.570125]],[[3.089691111,50.570302778],[3.089797778,50.5705625]],[[3.089869444,50.570740278],[3.089982222,50.570996944]],[[3.090053889,50.571172778],[3.090163611,50.5714275]],[[3.090233889,50.571601111],[3.090343611,50.571862778]],[[3.090413611,50.572037778],[3.090521667,50.572291389]],[[3.090595,50.572468056],[3.090703333,50.572727778]],[[3.090778056,50.572904722],[3.090881389,50.573161111]],[[3.092871111,50.572698611],[3.093195556,50.572740556],[3.093343611,50.572668056],[3.093381667,50.572568889]],[[3.093083611,50.572516389],[3.093348333,50.572556667]],[[3.093082222,50.572524444],[3.093101944,50.572546667]],[[3.093114444,50.572523611],[3.093136944,50.572553056]],[[3.093149444,50.572527222],[3.093171944,50.572556389]],[[3.093213889,50.572562778],[3.093185833,50.572530833]],[[3.093225278,50.572539722],[3.093244722,50.57257]],[[3.093256111,50.572545],[3.093281111,50.5725725]],[[3.093291111,50.572548611],[3.093316111,50.572579722]],[[3.093328889,50.572555556],[3.093346944,50.572578889]],[[3.092908333,50.572724167],[3.096542222,50.573238333]],[[3.093743056,50.572836389],[3.093723889,50.572878056]],[[3.093954444,50.572771944],[3.093973611,50.572730278]],[[3.0946125,50.572782778],[3.094570278,50.572909167],[3.094475,50.572895556]],[[3.094576667,50.572894167],[3.0962375,50.573129444],[3.09614,50.573415833],[3.09475,50.573222222],[3.094709722,50.573336389]],[[3.0948475,50.572919722],[3.094879167,50.572821667]],[[3.095133056,50.5729575],[3.095166944,50.572858056]],[[3.095399722,50.572989722],[3.095433611,50.572899722]],[[3.095689444,50.573034167],[3.095721111,50.572938611]],[[3.0959625,50.573070278],[3.095994167,50.572980278]],[[3.095794444,50.573367222],[3.095759444,50.573461944]],[[3.095448889,50.573319167],[3.095416667,50.573412778]],[[3.095104722,50.573272778],[3.095071111,50.573365556]],[[3.093337222,50.573140556],[3.093378056,50.573014722],[3.094225278,50.573133333],[3.094221111,50.573144167],[3.094416389,50.573176389],[3.094385278,50.573269167]],[[3.093732222,50.573064722],[3.093696944,50.573173611]],[[3.092445278,50.573150556],[3.092625278,50.573585278]],[[3.092476389,50.573284722],[3.092499167,50.573328056]],[[3.092931389,50.573535556],[3.093022222,50.573341111]],[[3.097467778,50.568774444],[3.097127222,50.568728611],[3.097465278,50.567756111],[3.097810833,50.567806667],[3.097467778,50.568774444]],[[3.097925,50.568840833],[3.098280556,50.567819167],[3.098566389,50.567858889],[3.098198611,50.568880278],[3.097925,50.568840833]],[[3.102731389,50.569890833],[3.107412222,50.570553611]],[[3.102001389,50.570064167],[3.105116667,50.570504444],[3.106164444,50.570652222],[3.106605,50.570714167],[3.106944444,50.570805278],[3.109437778,50.57116]],[[3.114626944,50.571089444],[3.114787778,50.570603889],[3.115036389,50.570636944],[3.114870833,50.5711225],[3.114626944,50.571089444]],[[3.115379722,50.571173611],[3.115625833,50.570420278],[3.1160425,50.570474444],[3.115794167,50.571227778],[3.115379722,50.571173611]],[[3.094039444,50.573218889],[3.094075278,50.573114722]]]}},{"type":"Feature","id":"LFQQ-8aa3fdce8e25366d23cd","properties":{"airport":"LFQQ","name":"LFQQ Groundlayout AVISO","layer":"Guidance lines","category":"Taxiways","object_type":"Line","style_id":"line.taxiway.c0b631","source_group":"LFQQ Groundlayout AVISO","vsmr_group_ids":[],"geometry_role":"linework"},"geometry":{"type":"MultiLineString","coordinates":[[[3.086123056,50.5633325],[3.085354722,50.563225],[3.085265833,50.563214167],[3.085186111,50.563205833],[3.085106389,50.563205833],[3.08504,50.563210556],[3.084954722,50.5632225],[3.083647222,50.563481944],[3.083588333,50.563491389],[3.083525833,50.563498611],[3.083448056,50.563498611],[3.083381667,50.563492778],[3.083309444,50.563476944],[3.0832375,50.563455278],[3.083165556,50.563422778],[3.083114167,50.563386667],[3.083078333,50.563361389],[3.083036389,50.563313056],[3.083011944,50.563270833],[3.082996667,50.563228611],[3.082991111,50.563188889],[3.082996667,50.563144444],[3.083011944,50.563102222],[3.083030833,50.563063611],[3.083068889,50.563017778],[3.083118056,50.562968611],[3.083197778,50.562913056],[3.083285278,50.562872222],[3.0833725,50.562843333],[3.083478611,50.562822778],[3.083586667,50.562815556],[3.083685278,50.562816667],[3.083766944,50.562826389],[3.083848611,50.562843333],[3.083924444,50.562868611],[3.083996389,50.562903611],[3.084064722,50.562950556],[3.084113889,50.562989167],[3.084165278,50.563020556],[3.084223889,50.563045833],[3.084290278,50.563055556],[3.085094444,50.5631725]],[[3.083195556,50.563778056],[3.083125556,50.563711944]],[[3.083104444,50.563765],[3.083208889,50.563720278]],[[3.087091111,50.565474444],[3.087023056,50.565407778]],[[3.087003611,50.565463333],[3.087108889,50.565418889]],[[3.089355833,50.565770278],[3.088194167,50.565605556],[3.088051944,50.565585556],[3.087971667,50.565573889],[3.087924444,50.565566111],[3.087878056,50.565556111],[3.087834167,50.565541667],[3.087795833,50.565525833],[3.087755278,50.565501667],[3.087717778,50.565475],[3.087685278,50.565442778],[3.087656944,50.565393333],[3.087642222,50.5653525]],[[3.088331944,50.565625278],[3.088296667,50.565623056],[3.088240278,50.565624444],[3.088193056,50.565629444],[3.088147778,50.565636944],[3.088106389,50.565649167],[3.088062222,50.565664722],[3.088020833,50.565683889],[3.087974167,50.5657125],[3.087943056,50.565739722],[3.087914722,50.565769722],[3.087894444,50.565804722],[3.0878775,50.565845556],[3.087873056,50.56588],[3.087875278,50.565913056],[3.087887778,50.565945833],[3.087916944,50.566013611],[3.088100278,50.566448333]],[[3.090660556,50.572589444],[3.090825556,50.572990278],[3.0908625,50.573075556],[3.090894722,50.573147778],[3.090913333,50.573181667],[3.090945556,50.573220556],[3.090980833,50.573245833]],[[3.091080556,50.573294167],[3.091148056,50.573319444],[3.091234444,50.573343611],[3.091313333,50.573359444],[3.091385,50.573371389],[3.0914525,50.573376944],[3.091525556,50.573379722],[3.091600278,50.573374167],[3.092215,50.573271111]],[[3.092338056,50.573563056],[3.091566389,50.573694167],[3.091506389,50.573701389],[3.091458333,50.573705278],[3.0914025,50.573701389],[3.091348333,50.573696667],[3.091297222,50.573684722],[3.091244444,50.573668889],[3.091191944,50.573645556],[3.091137778,50.573615833],[3.091108333,50.573591667],[3.091081944,50.573564722],[3.091058611,50.573535833],[3.091039722,50.573501667],[3.090998611,50.5733975]],[[3.092385278,50.573554444],[3.092506944,50.573535],[3.092558333,50.573514444],[3.092596389,50.573492778],[3.092638056,50.573446944],[3.092919444,50.573094444],[3.092953056,50.573053333],[3.092989722,50.573012778],[3.093035,50.572971667],[3.093074722,50.572943611],[3.093121389,50.572915833],[3.093170833,50.572896944],[3.093228611,50.572884444],[3.093310833,50.572877222]],[[3.09226,50.573262778],[3.092728056,50.573181389],[3.092799167,50.573165278],[3.092854722,50.573144722],[3.092883611,50.573126667],[3.092913889,50.573101944],[3.0929325,50.573076111],[3.092946111,50.573038611],[3.092952778,50.572998889],[3.092946111,50.572966667],[3.092929167,50.572936667],[3.092908889,50.5729075],[3.092890278,50.572878611],[3.092876944,50.572845278],[3.092875278,50.572806667],[3.092890278,50.572769167],[3.092913333,50.572730278],[3.092938333,50.572698056],[3.092965833,50.572665556],[3.0930025,50.572638889],[3.093053333,50.572624722],[3.093109722,50.572623333],[3.093155278,50.572630556],[3.093223333,50.572642222],[3.093322778,50.572653889],[3.093415556,50.572663889],[3.093500556,50.572668056],[3.093575,50.572667222],[3.093645833,50.572664722],[3.093708611,50.572656389],[3.093756944,50.572654722],[3.093818333,50.572661389],[3.094043611,50.572693333],[3.094095833,50.572705833],[3.094140278,50.572726667],[3.094171667,50.572755556],[3.0941925,50.572792222],[3.094201667,50.572836111],[3.094203056,50.572886944],[3.094206944,50.572928333],[3.094230556,50.572956667],[3.094267222,50.572982222],[3.094318056,50.573005556],[3.094382222,50.573017222],[3.096141389,50.573267222]],[[3.094290556,50.572992778],[3.093450556,50.5728725],[3.093425556,50.572871111],[3.093403889,50.572868056],[3.093382222,50.572868056],[3.093413056,50.572858611],[3.093443889,50.572848611],[3.09347,50.572835556],[3.093494167,50.572811667],[3.093519167,50.572780556],[3.093547778,50.572744167],[3.093585278,50.572707222],[3.093617222,50.572684722],[3.093646944,50.5726725],[3.093684722,50.572660833],[3.093710833,50.572655833]],[[3.0938975,50.573117778],[3.093843611,50.573131111],[3.093786389,50.573137778],[3.093742778,50.573134167],[3.093373056,50.5730825]],[[3.095277778,50.573276389],[3.095216111,50.573261111],[3.095166389,50.573233333],[3.095135,50.573195278],[3.095122778,50.57316],[3.095130278,50.573122778],[3.095153056,50.573090278],[3.095178611,50.573068333],[3.095220556,50.573044444],[3.095262778,50.573031944],[3.095324444,50.573024444],[3.095383056,50.573029167],[3.095436944,50.573046389],[3.095473056,50.573065556],[3.095504722,50.5730875],[3.095516667,50.573115],[3.095525833,50.573144722],[3.095522778,50.573178056],[3.095498611,50.573213333],[3.095473056,50.573237222],[3.095438611,50.573256389],[3.095390556,50.573271667],[3.095349722,50.573278333],[3.095298611,50.573278333],[3.095277778,50.573276389]],[[3.095309444,50.573204444],[3.095284722,50.573199444],[3.095258333,50.573183611],[3.095245278,50.573166111],[3.095242778,50.573151111],[3.095244167,50.573138611],[3.095259722,50.573118889],[3.095284722,50.573108889],[3.095314722,50.573099722],[3.095339444,50.573098889],[3.095366944,50.573104722],[3.095389167,50.573117222],[3.095406111,50.573136111],[3.095406111,50.573156944],[3.095399722,50.573175278],[3.095374722,50.573191944],[3.095356667,50.573199444],[3.095334167,50.573204444],[3.095309444,50.573204444]],[[3.092876389,50.573310833],[3.092943056,50.573226389]],[[3.089408056,50.565776111],[3.095904444,50.566698333],[3.108290278,50.568461667],[3.114948056,50.569405],[3.115223333,50.569446111],[3.115358333,50.569463611],[3.115465556,50.5694825],[3.115552222,50.569509444],[3.1156225,50.569538889],[3.115696389,50.5695775],[3.115755556,50.569620833],[3.115801944,50.569673889],[3.1158425,50.569727778],[3.115870278,50.569793611],[3.115881389,50.569863889],[3.115873889,50.569913889],[3.115870556,50.569949444],[3.115885,50.569983056],[3.115910556,50.570018611],[3.115953889,50.570045],[3.116013333,50.570069444],[3.11618,50.570140833],[3.1162425,50.570168056],[3.116274444,50.570201667],[3.116316111,50.5702475],[3.11644,50.570416667],[3.117006111,50.571261667]],[[3.090487778,50.565332778],[3.090363611,50.5656725],[3.090335278,50.565709167],[3.090297222,50.565740833],[3.090259167,50.565770278],[3.090212778,50.565793333],[3.090174722,50.565811111],[3.090125,50.565825],[3.090075556,50.5658375],[3.090014167,50.565845833],[3.089967778,50.565848056],[3.089953056,50.565846944]],[[3.090465278,50.565395],[3.090461944,50.565438056],[3.090459444,50.565486944],[3.090461667,50.565534444],[3.090473889,50.565583889],[3.090489722,50.565626944],[3.090513056,50.565672222],[3.090539722,50.565714722],[3.090575278,50.565755],[3.090608889,50.56579],[3.09065,50.565826667],[3.090694722,50.565859167],[3.090741389,50.565890556],[3.090796111,50.565918611],[3.090853889,50.565945556],[3.090903889,50.565965556],[3.090949722,50.565980278],[3.091003056,50.565994444],[3.091046667,50.566005],[3.091091111,50.566015]],[[3.095793333,50.567026944],[3.095807778,50.566999167],[3.095828056,50.566970833],[3.095856944,50.566940278],[3.095887222,50.566914722],[3.095918611,50.566889722],[3.095956667,50.566864167],[3.096000556,50.566841389],[3.096051944,50.566817222],[3.096110278,50.566797222],[3.096173056,50.566783889],[3.096237778,50.566773889],[3.096297222,50.566771667],[3.09637,50.566771667],[3.096421667,50.566773889],[3.096461944,50.566779444]],[[3.096092778,50.566137222],[3.095953611,50.566549722],[3.095846944,50.566865],[3.095761389,50.567125556],[3.095675278,50.567380833],[3.095667222,50.567405556],[3.095656111,50.567433333],[3.095649167,50.567459722],[3.095648056,50.567488333],[3.095653889,50.567519444],[3.095662778,50.567548611],[3.095681667,50.567572778],[3.095858056,50.567756944],[3.095895,50.567786667],[3.095930833,50.567808056],[3.095976667,50.56783],[3.096021667,50.567848611],[3.096070833,50.567862778],[3.096117778,50.567871389],[3.0965075,50.567926944],[3.096558056,50.567938333],[3.096593889,50.567955278],[3.096621944,50.567974444],[3.096645278,50.568002222],[3.096662222,50.568035],[3.096666667,50.568065],[3.096458056,50.568653611],[3.096669722,50.568056389],[3.096675278,50.568038056],[3.096685556,50.568015278],[3.096702222,50.5679925],[3.096721389,50.567968889],[3.096751667,50.567949167],[3.0968075,50.567918611],[3.096981111,50.567828889],[3.097014722,50.567805278],[3.097040556,50.567778333],[3.097055,50.567751944],[3.097100278,50.567622222],[3.097213333,50.567300556],[3.097245556,50.567205],[3.097255556,50.567178889],[3.097264444,50.567155278],[3.097273333,50.567138333],[3.097288056,50.5671175],[3.097304722,50.567096389],[3.097329444,50.567072222],[3.097354167,50.567052778],[3.097376389,50.567034444],[3.097404444,50.567019444],[3.097436944,50.567001667],[3.097471667,50.566989444],[3.097508611,50.566979722],[3.09755,50.566969722],[3.097593889,50.566961944],[3.097630833,50.566956111],[3.09767,50.566953333],[3.097700278,50.566953889]],[[3.096066944,50.566214167],[3.096066111,50.566248333],[3.096066944,50.566294722],[3.09607,50.566341667],[3.096077222,50.566379722],[3.096090278,50.566418333],[3.096103611,50.566451111],[3.096120833,50.566481944],[3.096146944,50.566518333],[3.096174167,50.5665525],[3.096200556,50.566581944],[3.096226944,50.566608611],[3.096260556,50.566638056],[3.096301944,50.566665278],[3.096341667,50.566688889],[3.096387222,50.566712222],[3.096431944,50.566734722],[3.0964775,50.566754167],[3.096518056,50.5667675],[3.096563611,50.566781667],[3.096612222,50.566793333],[3.096653056,50.5668025],[3.096691389,50.566811389]],[[3.096016111,50.566363611],[3.095993889,50.566406111],[3.095962222,50.5664475],[3.095931944,50.566480833],[3.0958975,50.566509167],[3.095858889,50.56653],[3.095824444,50.566551667],[3.095782778,50.566571111],[3.095744167,50.566585833],[3.095701667,50.566598056],[3.095658056,50.566609722],[3.095605278,50.566618056],[3.095564722,50.566623333],[3.09551,50.566626389],[3.095453056,50.566628333],[3.095420833,50.566627778],[3.095387222,50.566624444],[3.095427778,50.566634722],[3.095468333,50.566644444],[3.095515,50.566658056],[3.095558611,50.566675556],[3.095606389,50.566699167],[3.095651944,50.566728889],[3.095688333,50.566756111],[3.095725833,50.566791944],[3.095756389,50.56683],[3.095776667,50.56687],[3.095791944,50.566905556],[3.0958,50.566940833],[3.095801111,50.566980278],[3.095798056,50.567018056]],[[3.095678333,50.567375556],[3.0956625,50.567397778],[3.095641667,50.567419722],[3.0956125,50.567438333],[3.095582222,50.5674525],[3.0955475,50.567463611],[3.095505278,50.567471111],[3.095458611,50.567473611],[3.095420556,50.567470556],[3.0953825,50.567465556],[3.094490833,50.567333056],[3.094452778,50.567328611],[3.094415278,50.567329444],[3.094376389,50.56734],[3.094343889,50.567356111],[3.094305833,50.567381389],[3.094279722,50.567403056],[3.094263889,50.567424167],[3.093963611,50.568276111],[3.094081111,50.567943889],[3.094067778,50.567969722],[3.094043333,50.567995],[3.094011667,50.568017222],[3.093968889,50.568036667],[3.093910556,50.5680475],[3.093358056,50.568131111]],[[3.093584167,50.567954444],[3.093578056,50.567961389],[3.093604722,50.567956944],[3.093584167,50.567945278],[3.093584167,50.567954444],[3.093464722,50.567938889]],[[3.094765556,50.568222222],[3.094548611,50.567826667]],[[3.095249167,50.568113611],[3.094889444,50.567484722]],[[3.095570556,50.568334444],[3.095358611,50.567942222]],[[3.096378611,50.568447778],[3.096165278,50.568054167]],[[3.094848611,50.568423333],[3.095101111,50.567715],[3.095111667,50.567688056],[3.095136389,50.567662222],[3.095155833,50.567642222],[3.0952,50.567621944],[3.095480556,50.567526667],[3.095516667,50.567510833],[3.095553056,50.567489722],[3.095594444,50.567461944],[3.095626111,50.567438056],[3.095654444,50.5674075]],[[3.095662222,50.567548889],[3.095673333,50.56759],[3.095675556,50.567621111],[3.095675556,50.567653889],[3.095669444,50.56767],[3.0953775,50.568499444]],[[3.095851667,50.567751667],[3.095885278,50.567784722],[3.095896667,50.567808611],[3.095901944,50.567833889],[3.095898889,50.567861667],[3.095889444,50.567885],[3.095656111,50.5685375]],[[3.094649722,50.568235556],[3.094651944,50.568225833],[3.094622778,50.568232778],[3.094644444,50.568245833],[3.094649722,50.568235556],[3.094765833,50.568251389]],[[3.094860278,50.567900833],[3.094756111,50.567922778]],[[3.094636944,50.567947778],[3.094646667,50.567930556]],[[3.094658611,50.567915278],[3.094671667,50.567902222]],[[3.094688889,50.567887778],[3.094706111,50.567876111]],[[3.094721389,50.567869167],[3.094733333,50.567876667],[3.094751667,50.567851944],[3.094712778,50.567861667],[3.094721389,50.567869167]],[[3.095091111,50.568145278],[3.095095278,50.568137778],[3.095063889,50.568141111],[3.095086667,50.568153611],[3.095091111,50.568145278],[3.095223333,50.568165278]],[[3.095312222,50.567623333],[3.095208333,50.567645278]],[[3.095458333,50.568349167],[3.095462222,50.568339722],[3.095434167,50.568346111],[3.095453333,50.568356111],[3.095458333,50.568349167],[3.095572778,50.568365833]],[[3.095565833,50.568037222],[3.095670278,50.568012778]],[[3.096367778,50.568151944],[3.096470278,50.568131667]],[[3.096301389,50.568391944],[3.096382778,50.568374167]],[[3.096263333,50.568462778],[3.096268333,50.568454722],[3.096238056,50.568460278],[3.096261389,50.5684725],[3.096263333,50.568462778],[3.096380833,50.56848]],[[3.097178611,50.567398056],[3.097175,50.567431667],[3.097173333,50.567455556],[3.097178611,50.567476944],[3.0971925,50.5675],[3.097212222,50.567521944],[3.0972425,50.56754],[3.0972725,50.567555833],[3.097311389,50.567566389],[3.098648889,50.567756111],[3.098685,50.567763611],[3.098711944,50.567775833],[3.0987325,50.567793889],[3.098743611,50.567813056],[3.098749722,50.567839722],[3.098748056,50.567864444],[3.098741389,50.567883056],[3.098736944,50.567895],[3.098722222,50.567906111],[3.098697222,50.567921389],[3.098673056,50.567933333],[3.098639444,50.567941111],[3.098609444,50.567945],[3.09858,50.567944444],[3.098155556,50.567883611],[3.098128056,50.5678775],[3.098099722,50.567864444],[3.098083333,50.567851667],[3.098068611,50.567836944],[3.098058333,50.56782],[3.098053056,50.567795278],[3.097977222,50.568017222],[3.097983889,50.568033611],[3.097994444,50.568055],[3.098009167,50.568070278],[3.098033056,50.568087222],[3.098061667,50.568096667],[3.098509167,50.568161667],[3.098536944,50.568162778],[3.098573056,50.568156944],[3.098603333,50.568149722],[3.098624722,50.56814],[3.098643056,50.568124444],[3.098660278,50.568110278],[3.098736944,50.567895],[3.098585833,50.568318611],[3.098575556,50.568331667],[3.098559167,50.568348056],[3.098535,50.568361389],[3.098511667,50.568368889],[3.098478056,50.568377222],[3.098452222,50.568379444],[3.098428889,50.568377778],[3.098030556,50.568322222],[3.097994167,50.568316389],[3.097962222,50.568304167],[3.097939167,50.568292778],[3.097922778,50.568276944],[3.097910556,50.5682625],[3.097905556,50.568246111],[3.097901944,50.568233611],[3.097977222,50.568016944],[3.097824722,50.568454167],[3.097830833,50.568471111],[3.097841111,50.568488056],[3.097855,50.5685025],[3.097871389,50.568515556],[3.097889444,50.568526111],[3.097918056,50.568534167],[3.098354444,50.568594444],[3.098381111,50.568596111],[3.098411389,50.568592778],[3.098445,50.568586389],[3.098469167,50.568575278],[3.098490556,50.568561667],[3.098508056,50.568541944],[3.098585556,50.568318333],[3.098441111,50.568734167],[3.098434444,50.5687525],[3.098422222,50.568768333],[3.098405,50.568781389],[3.098386111,50.568793333],[3.098366944,50.568800556],[3.098343889,50.568806667],[3.098315278,50.568811111],[3.098285,50.568812222],[3.097869444,50.568754444],[3.097835833,50.5687475],[3.097811667,50.5687375],[3.097785,50.568723333],[3.097765833,50.568704167],[3.097754722,50.568685],[3.097753056,50.568665278],[3.097758889,50.568638333],[3.097825,50.568454167],[3.097776667,50.568589444],[3.097762778,50.568606389],[3.097742222,50.568625556],[3.097705,50.568649167],[3.097674722,50.568662222],[3.097636944,50.568671111],[3.097593056,50.568678333],[3.097551389,50.568678889],[3.097031667,50.568602778],[3.096997778,50.568593889],[3.096958333,50.568576389],[3.096927222,50.568555556],[3.096901389,50.568529722],[3.0968875,50.568504722],[3.096878889,50.568481667],[3.096884167,50.568453611],[3.096973056,50.568209444],[3.096973889,50.568236389],[3.096983333,50.568262778],[3.096999722,50.568285556],[3.097023056,50.568306944],[3.0970575,50.568326111],[3.097090278,50.568338889],[3.097128333,50.5683475],[3.097626944,50.568422222],[3.097658889,50.568424722],[3.097690556,50.568423333],[3.097724167,50.568418333],[3.097756111,50.568411111],[3.097785556,50.568400278],[3.097810278,50.568386111],[3.097830833,50.568371944],[3.097845556,50.5683575],[3.097861111,50.56834],[3.097870556,50.568325278],[3.0979775,50.568016944],[3.097956944,50.568077778],[3.097944722,50.568094167],[3.097925833,50.568113333],[3.097898333,50.568135278],[3.097868889,50.568146111],[3.097835278,50.568158611],[3.097790556,50.568168056],[3.097753333,50.568170833],[3.097718889,50.568166944],[3.097222778,50.568096111],[3.097186667,50.568089444],[3.097153056,50.568078056],[3.097125278,50.568064722],[3.097108889,50.568053333],[3.097089167,50.568033611],[3.097074444,50.568017222],[3.097065,50.567994722],[3.097059722,50.567971111],[3.097058889,50.567958056],[3.096973611,50.568209444],[3.097140556,50.567718056],[3.097144167,50.567737222],[3.097152778,50.5677575],[3.097170833,50.567779444],[3.097196667,50.567803333],[3.097231111,50.567823611],[3.097270833,50.567836389],[3.097320833,50.567845],[3.097778611,50.567911111],[3.097816667,50.567916111],[3.097844167,50.567916667],[3.097868333,50.567916667],[3.097895833,50.567912222],[3.097925278,50.567905],[3.097953611,50.567895833],[3.097977778,50.567884722],[3.097996944,50.567873333],[3.098015,50.567859167],[3.098030556,50.567843611],[3.09804,50.567827222],[3.098053056,50.567795556],[3.098054722,50.567779167],[3.098051944,50.567765278],[3.098046111,50.567747778],[3.098033889,50.567724167],[3.098015833,50.567703611],[3.097991667,50.567682778],[3.097968333,50.567668889],[3.0979425,50.567658611],[3.097924444,50.567654167]],[[3.0971775,50.567403889],[3.097165833,50.567503889],[3.097140833,50.567718611]],[[3.102082778,50.570464444],[3.102163056,50.570477222]],[[3.102093889,50.570438889],[3.1021675,50.570450278]],[[3.102098333,50.570406389],[3.102183056,50.570419167]],[[3.102243056,50.57047],[3.102450278,50.569854722],[3.102476944,50.569812222],[3.102517222,50.56977],[3.102555,50.569740278],[3.102603889,50.569711944],[3.102666389,50.569686389],[3.102857778,50.569646944]],[[3.102892778,50.569641389],[3.102888611,50.5696375],[3.102871389,50.569645556],[3.102893611,50.569646667],[3.102892778,50.569641389],[3.103003056,50.569619167]],[[3.103120833,50.56974],[3.103111667,50.569765278]],[[3.103103611,50.569792222],[3.103088611,50.569833611]],[[3.103080833,50.569856667],[3.103066944,50.569898889]],[[3.103057778,50.569923611],[3.103043056,50.569967222]],[[3.103178611,50.569873056],[3.103173056,50.56987],[3.103159444,50.569887222],[3.103185833,50.569875833],[3.103178611,50.569873056],[3.103253333,50.569820278]],[[3.103143333,50.569896111],[3.103105833,50.569926111],[3.103079167,50.569951389],[3.103053333,50.569979444],[3.103028611,50.570014167],[3.10284,50.570554444]],[[3.102685,50.570545556],[3.10277,50.5705575]],[[3.102693889,50.570523611],[3.102775833,50.570535]],[[3.102700833,50.570492778],[3.102784722,50.570504167]],[[3.103663333,50.569991389],[3.103656111,50.569990833],[3.103657778,50.570008333],[3.103670556,50.5699925],[3.103663333,50.569991389],[3.103690833,50.569915833]],[[3.103652778,50.5700275],[3.103441667,50.570639722]],[[3.103275,50.570630556],[3.103372222,50.570643333]],[[3.103290278,50.570607222],[3.103372222,50.570619167]],[[3.103298333,50.570578056],[3.103385833,50.570589444]],[[3.103886111,50.570715556],[3.103964722,50.570726944]],[[3.103893056,50.570691667],[3.103971667,50.570703611]],[[3.103898056,50.570661389],[3.103980833,50.570672778]],[[3.104039444,50.570723889],[3.104253056,50.570111111]],[[3.104266111,50.570076389],[3.104256111,50.570075833],[3.104258056,50.570092222],[3.104274167,50.570077778],[3.104266111,50.570076389],[3.104291944,50.570003056]],[[3.10448,50.570801667],[3.104561667,50.570812778]],[[3.10449,50.570778056],[3.10457,50.570791111]],[[3.104498611,50.570746667],[3.104578611,50.570759722]],[[3.104633333,50.570825833],[3.104849167,50.570198056]],[[3.104858611,50.570163056],[3.104848333,50.5701625],[3.104853056,50.570179167],[3.104870556,50.570165556],[3.104858611,50.570163056],[3.1048875,50.570086944]],[[3.1050225,50.570186111],[3.105011111,50.570186111],[3.105015,50.570202778],[3.105031389,50.57019],[3.1050225,50.570186111],[3.105045,50.570112778]],[[3.105023889,50.570223611],[3.105634722,50.571000833]],[[3.1056825,50.571065278],[3.105715278,50.5711075]],[[3.105746667,50.571148333],[3.105774167,50.571181667]],[[3.106134444,50.571358056],[3.106118056,50.571298889]],[[3.106098056,50.571247222],[3.105781111,50.570332778]],[[3.105789722,50.570383056],[3.105759722,50.570348611]],[[3.105721944,50.570304722],[3.105694444,50.570286389],[3.105675556,50.570271389]],[[3.105621667,50.570235556],[3.105596389,50.570222778],[3.105565,50.570209167]],[[3.105499722,50.570181944],[3.105436944,50.570162778]],[[3.105783611,50.570289444],[3.105775833,50.570288889],[3.105776944,50.570309722],[3.105794444,50.570290556],[3.105783611,50.570289444],[3.105810833,50.5702175]],[[3.106099444,50.57026],[3.106152778,50.570282778]],[[3.106204444,50.570316111],[3.106226667,50.570331389],[3.106243611,50.570350556]],[[3.106273611,50.570395556],[3.106278333,50.570413333],[3.106284722,50.570434722]],[[3.106313889,50.570369444],[3.106305278,50.570370556],[3.106313889,50.570386667],[3.106324167,50.57037],[3.106313889,50.570369444],[3.106307222,50.570274444]],[[3.106313889,50.570404444],[3.1060625,50.571121667]],[[3.106041944,50.571173611],[3.106016667,50.571241389]],[[3.106008333,50.571269167],[3.105983889,50.571338056]],[[3.106711111,50.571164444],[3.106812778,50.571148611]],[[3.106959722,50.571308056],[3.106915833,50.571204444]],[[3.106903333,50.571174167],[3.106601944,50.570445833]],[[3.106586111,50.570409167],[3.106573333,50.570412778],[3.106594722,50.570425833],[3.106598611,50.570408333],[3.106586111,50.570409167],[3.106549167,50.570327222]],[[3.106706389,50.570344444],[3.106773333,50.570365278]],[[3.106840278,50.570386944],[3.1069,50.570410833]],[[3.1069525,50.570448056],[3.106975556,50.570460278],[3.106992778,50.570475833]],[[3.107034167,50.570514444],[3.107068333,50.570551667]],[[3.107138056,50.570631111],[3.1071275,50.570628333],[3.107123333,50.570646111],[3.107149444,50.570636667],[3.107138056,50.570631111],[3.107195,50.570576389]],[[3.107542778,50.570777222],[3.107528611,50.570776111],[3.107535,50.570793889],[3.107557778,50.570779444],[3.107542778,50.570777222],[3.107565556,50.570708889],[3.107304444,50.570610556]],[[3.107119722,50.570651667],[3.107431111,50.571558056]],[[3.107280556,50.571516667],[3.107502222,50.570889722]],[[3.107043056,50.571488611],[3.107250556,50.571458056]],[[3.107509167,50.570865],[3.107538056,50.570824444]],[[3.107572222,50.570785833],[3.1076225,50.5707525]],[[3.1076825,50.570729167],[3.107743333,50.570711389]],[[3.107817778,50.570702222],[3.107856389,50.570700833],[3.107883889,50.570701667]],[[3.107701667,50.571231944],[3.107714167,50.571233889],[3.1077075,50.571212778],[3.107685556,50.571229167],[3.107701667,50.571231944],[3.107694167,50.571248333],[3.107692778,50.571277778],[3.107698056,50.571306944],[3.107717778,50.571336389],[3.107746389,50.571362778],[3.107781111,50.571383056],[3.10782,50.571399722],[3.107854722,50.571411111],[3.107894444,50.571416111],[3.107932778,50.571415833],[3.107968056,50.571412778],[3.107996389,50.571409444],[3.108004444,50.571388889],[3.108194722,50.570838056]],[[3.108199167,50.570818056],[3.1081875,50.570816111],[3.108194722,50.570832778],[3.108215278,50.570819444],[3.108199167,50.570818056],[3.108223333,50.570751944]],[[3.107940278,50.571370556],[3.107852222,50.571359167]],[[3.107980556,50.571454444],[3.107965278,50.571498056]],[[3.108013889,50.571309444],[3.108099444,50.571321389]],[[3.108580833,50.571276389],[3.108593889,50.571277778],[3.108583611,50.571256667],[3.108563333,50.571274722],[3.108580833,50.571276389],[3.108574444,50.571294167],[3.108555278,50.571320278],[3.108532222,50.571344444],[3.108498889,50.571366667],[3.108458333,50.571381111],[3.108416111,50.571394167],[3.108378333,50.571399444],[3.108334167,50.571402778],[3.108295556,50.571402222],[3.108250278,50.571394722],[3.108215278,50.571386389],[3.108181389,50.5713725],[3.108158333,50.571359444],[3.108331944,50.570861944]],[[3.108339167,50.570836389],[3.108326389,50.570835833],[3.108332778,50.570853889],[3.108352222,50.570838056],[3.108339167,50.570836389],[3.108361389,50.5707725]],[[3.108120556,50.571463611],[3.1081075,50.571497778]],[[3.108223056,50.5714125],[3.108311111,50.571423333]],[[3.107963889,50.571384722],[3.108039167,50.571394722]],[[3.108333611,50.571438611],[3.108416389,50.57145]],[[3.108354167,50.571507222],[3.108338611,50.571552778]],[[3.108573889,50.570870833],[3.108561111,50.570869722],[3.108567778,50.570888611],[3.108588333,50.570873611],[3.108573889,50.570870833],[3.108596111,50.570806111]],[[3.108649167,50.571476111],[3.108655833,50.571482222],[3.108675556,50.571461944],[3.108639722,50.5714675],[3.108649167,50.571476111],[3.108631944,50.5714825],[3.108601944,50.571491389],[3.108566111,50.571497778],[3.108520833,50.571499444],[3.108471111,50.571497222],[3.108436111,50.571489167],[3.108398333,50.571473889],[3.108378611,50.571465833],[3.108368333,50.571459167],[3.108566944,50.570893333]],[[3.109189722,50.570956111],[3.109176667,50.570957222],[3.109183611,50.570974167],[3.109202222,50.570960556],[3.109189722,50.570956111],[3.109210278,50.5708925]],[[3.109283611,50.570898056],[3.109361667,50.57091]],[[3.108951667,50.571637778],[3.109183056,50.570978056]],[[3.108718889,50.571483611],[3.108731389,50.571479167],[3.108701944,50.571465278],[3.108705,50.57149],[3.108718889,50.571483611],[3.108732778,50.571499444],[3.1087625,50.571517222],[3.108801111,50.571533333],[3.108840833,50.571546111],[3.108877222,50.571551667],[3.108909722,50.571552222],[3.108950278,50.571551111],[3.108983611,50.571547222]],[[3.108681667,50.571292222],[3.108697778,50.571293611],[3.108691389,50.571270556],[3.108665833,50.571289444],[3.108681667,50.571292222],[3.108676944,50.571302222],[3.108674167,50.571323056],[3.108674167,50.571342778],[3.108683056,50.5713675],[3.108699167,50.571396667],[3.108718611,50.571420833],[3.108749167,50.571446389],[3.108792222,50.571466667],[3.108846389,50.571481389],[3.108906667,50.571490278],[3.108948333,50.571489722],[3.108992778,50.571486111],[3.109006667,50.571483889]],[[3.108842222,50.571501667],[3.108919167,50.571513056]],[[3.108863056,50.571431111],[3.10894,50.571444167]],[[3.108953889,50.571525833],[3.109026111,50.571537222]],[[3.108976111,50.571456667],[3.109046944,50.571466667]],[[3.108125556,50.571334167],[3.108205556,50.571345]],[[3.108134444,50.571312778],[3.108212222,50.571324167]],[[3.108136389,50.571301389],[3.108216111,50.571314722]],[[3.108982778,50.571435556],[3.109053889,50.571446389]],[[3.108984444,50.571424722],[3.109061389,50.571435556]],[[3.102901111,50.567694722],[3.102983889,50.567716111],[3.103044444,50.567735278],[3.103104722,50.567760833],[3.103168333,50.567796389],[3.1032225,50.567831389],[3.103274722,50.567874167],[3.103319722,50.567922778],[3.103352778,50.567975278],[3.103373611,50.568020556],[3.103388056,50.568071944],[3.103391944,50.568104167],[3.103391111,50.568141389],[3.103389722,50.568173889],[3.103385833,50.568189444],[3.102998889,50.569289167],[3.103385833,50.568189444],[3.103391111,50.568179167],[3.103401667,50.568160278],[3.103415556,50.568139722],[3.103430833,50.568118333],[3.103450833,50.568095],[3.103474444,50.568070833],[3.103502778,50.568045556],[3.103533333,50.568018889],[3.103571667,50.567995556],[3.10361,50.567973611],[3.1036475,50.567953611],[3.1036925,50.567934722],[3.10374,50.567917778],[3.103792778,50.567903333],[3.103843333,50.567891111],[3.103900833,50.567880833],[3.103950556,50.567875],[3.104000278,50.567870556],[3.104048333,50.567868611],[3.104103611,50.567869167],[3.104147778,50.567873056],[3.104177778,50.567876389]],[[3.102995556,50.569300833],[3.102976111,50.569351389],[3.102964444,50.569400833],[3.10296,50.5694425],[3.102962222,50.569484167],[3.102969722,50.569530278],[3.1029925,50.569581389],[3.103017222,50.569628056],[3.103040833,50.569661389],[3.103075278,50.569698889],[3.103117222,50.569735278],[3.103164722,50.5697675],[3.103223056,50.569800278],[3.103284444,50.569829722],[3.103349167,50.569853611],[3.103423333,50.569874167],[3.103513056,50.569889444],[3.104975,50.570095556],[3.106188056,50.570266111],[3.106686944,50.5703375],[3.10677,50.570354167],[3.106829167,50.570371944],[3.106890556,50.570394444],[3.106947778,50.570419167],[3.106995278,50.570445],[3.107037222,50.5704725],[3.107073889,50.5705025],[3.1071225,50.570532778],[3.107167778,50.570558611],[3.107228056,50.570584167],[3.107291667,50.570605278],[3.107388333,50.570629167],[3.107504722,50.570646944],[3.109019444,50.570860278]],[[3.106151389,50.570261667],[3.106229722,50.570268056],[3.1063,50.57027],[3.106369444,50.570265556],[3.106427222,50.570259722],[3.106493611,50.570248611],[3.106550556,50.570234444],[3.106614722,50.570215],[3.106682778,50.570191111],[3.106746944,50.570156667],[3.106789722,50.570130833],[3.106834722,50.5701],[3.106870278,50.570068889],[3.106898889,50.570039167],[3.106923611,50.570006667],[3.106945,50.569975],[3.106958333,50.569949722],[3.107071667,50.569630833],[3.106726111,50.570613333],[3.10672,50.570638056],[3.106716944,50.570661389],[3.106716111,50.570696111],[3.106718056,50.570726667]],[[3.106905,50.570102222],[3.106896944,50.570141667],[3.106892222,50.570193056],[3.106892222,50.570233056],[3.106901389,50.570275],[3.106915833,50.570315],[3.106932778,50.570350556],[3.106952778,50.5703825],[3.106975278,50.570410556],[3.106990556,50.570429444],[3.107008611,50.570448333],[3.107023056,50.570464444]],[[3.106758889,50.568243611],[3.106820556,50.568259444],[3.106873056,50.568274167],[3.106919167,50.56829],[3.106971667,50.568312778],[3.107025,50.568337222],[3.107069167,50.568362222],[3.107113333,50.568386944],[3.107146944,50.5684125],[3.107186111,50.568443333],[3.107224444,50.568479722],[3.107253889,50.568513056],[3.107282222,50.568554444],[3.107306389,50.568598333],[3.107328056,50.568643611],[3.107343889,50.568688611],[3.107352222,50.568733056],[3.107352222,50.568770556],[3.107352222,50.568805556],[3.107348056,50.568831111],[3.107343056,50.568860833],[3.107074167,50.569617778],[3.107343056,50.568860833],[3.107350556,50.568846944],[3.107362222,50.56882],[3.107384722,50.568788056],[3.107401389,50.568761667],[3.107427222,50.5687325],[3.107461389,50.568701111],[3.107492222,50.568671667],[3.107533056,50.568639722],[3.107575278,50.568613056],[3.107616111,50.568590278],[3.107661944,50.568566389],[3.107708611,50.568544722],[3.10776,50.568525833],[3.1078125,50.568508333],[3.107876667,50.568493056],[3.107945278,50.5684775],[3.108015833,50.568467222],[3.108085278,50.568461389],[3.108164167,50.568458056],[3.108230556,50.568458056],[3.108283611,50.568461389]],[[3.106943611,50.56827],[3.107029167,50.568280278],[3.107088056,50.568281389],[3.107152778,50.568280278],[3.107214722,50.568276111],[3.107271944,50.568265833],[3.107331944,50.568250278],[3.107388333,50.568231944],[3.107444722,50.568208056],[3.107497222,50.568177222],[3.107541111,50.568145556],[3.107571389,50.568115278],[3.107600278,50.568084167],[3.107621944,50.568055556],[3.107635,50.568029444],[3.107723889,50.567780833],[3.107634722,50.568029444],[3.107631667,50.568056667],[3.107630833,50.568089444],[3.107634444,50.568122222],[3.107644722,50.568161389],[3.107664444,50.568199444],[3.107688889,50.568238333],[3.107713333,50.568268056],[3.107745278,50.568297222],[3.107776111,50.568321667],[3.107812778,50.568345556],[3.107853056,50.568368056],[3.107891389,50.568384444],[3.107935556,50.5684],[3.107976667,50.5684125],[3.108016111,50.568422778]],[[3.089263611,50.563779167],[3.090123611,50.563905556],[3.090214722,50.563926944],[3.090290278,50.563950833],[3.090375833,50.563976111],[3.090461111,50.564016389],[3.090546389,50.564071944],[3.090621944,50.564128889],[3.090683611,50.564196944],[3.090727222,50.5642575],[3.090746944,50.564305556],[3.090766944,50.564353333],[3.090774722,50.5644025],[3.090780833,50.564455556],[3.090778889,50.564493333],[3.090770833,50.56453],[3.090498889,50.565297222],[3.090770278,50.564529722],[3.090789444,50.564493889],[3.090812222,50.5644575],[3.090847222,50.564413889],[3.090879722,50.564381667],[3.090913611,50.564351389],[3.090955278,50.564317778],[3.091001667,50.564285556],[3.091056944,50.564254722],[3.09111,50.564230556],[3.091170833,50.564204722],[3.091249722,50.564178889],[3.09134,50.564156944],[3.091435833,50.564140278],[3.091524722,50.564129722],[3.091623056,50.564126111],[3.091749444,50.564138056],[3.092616389,50.564256111]],[[3.094716944,50.564559167],[3.095676111,50.564693056],[3.0958025,50.564716667],[3.095913056,50.564748333],[3.096021111,50.564793611],[3.096121389,50.564847222],[3.096208333,50.564904167],[3.096279444,50.564976111],[3.096329444,50.565048056],[3.096361111,50.565108333],[3.096379444,50.565180278],[3.096387222,50.565243889],[3.096381944,50.565288889],[3.096106111,50.566100556],[3.096381667,50.565288889],[3.096405833,50.565247778],[3.096425833,50.565218889],[3.096455,50.565189167],[3.096480278,50.565163333],[3.096518333,50.565130556],[3.096555,50.565103056],[3.096590556,50.565080556],[3.096638611,50.56505],[3.096713333,50.565018056],[3.096780278,50.564993056],[3.09684,50.564973611],[3.096903056,50.564957778],[3.096976667,50.564943056],[3.0970475,50.564931944],[3.097131111,50.564925556],[3.097211944,50.564923056],[3.097300556,50.564927222],[3.097400278,50.564938889],[3.098212778,50.565054722]],[[3.106808056,50.566277778],[3.107638333,50.566395],[3.107716944,50.566411389],[3.107782778,50.566431667],[3.10784,50.566451667],[3.107884722,50.56648],[3.10794,50.566509722],[3.107984444,50.566550278],[3.108025,50.5665975],[3.108054722,50.566647222],[3.108073611,50.566706667],[3.10808,50.566763333],[3.108073611,50.566798333],[3.107734167,50.567753056],[3.108074167,50.566798611],[3.108090278,50.566764167],[3.1081075,50.566741667],[3.108130556,50.566715556],[3.108155833,50.5666925],[3.10818,50.566668611],[3.108219444,50.566645],[3.108261667,50.566621944],[3.108311111,50.566598889],[3.108365556,50.566578333],[3.108434167,50.566558611],[3.108502778,50.566548056],[3.108575278,50.566541667],[3.108641944,50.566540556],[3.108694444,50.566543611],[3.109281667,50.5666275]],[[3.114908889,50.569399722],[3.115035278,50.569411111],[3.11513,50.569411944],[3.115218056,50.569403056],[3.115306111,50.569391667],[3.115400833,50.569371389],[3.115485,50.569346111],[3.115554167,50.5693225],[3.115606389,50.5693],[3.115667778,50.569266667],[3.115731667,50.569229167],[3.115781667,50.569187778],[3.1158275,50.569141667],[3.115874444,50.569092778],[3.115903889,50.569048889],[3.115946111,50.568958889],[3.115748333,50.569531667],[3.115740556,50.569553611],[3.115739444,50.569575556],[3.115746944,50.569599167],[3.115752222,50.569613611],[3.115761111,50.5696275]],[[3.114774167,50.567410833],[3.115594444,50.567528056],[3.115711944,50.567555],[3.115798611,50.567580556],[3.115883333,50.567613611],[3.1159525,50.567650278],[3.116025833,50.567699167],[3.116096944,50.567759167],[3.116152778,50.567818889],[3.116185556,50.567875278],[3.116218333,50.567943611],[3.116235556,50.568010833],[3.116235556,50.568064722],[3.116235278,50.568101389],[3.116228611,50.568145],[3.115957222,50.568925556],[3.116228333,50.568144722],[3.116242778,50.568119722],[3.116270556,50.568075833],[3.1163025,50.568036389],[3.116343333,50.567991944],[3.116387222,50.567952222],[3.116443889,50.567912778],[3.116506111,50.567875833],[3.116580278,50.567838889],[3.116666667,50.567806667],[3.116776389,50.567777222],[3.116874444,50.567761111],[3.116955278,50.567751944],[3.117035833,50.567746111],[3.117123333,50.567747778],[3.117193333,50.567753611],[3.117254167,50.567761111]],[[3.118843056,50.567987778],[3.119665833,50.568103333],[3.119721944,50.568113889],[3.119802222,50.568135833],[3.119869722,50.568155278],[3.119932222,50.568181944],[3.120020278,50.568230556],[3.120991944,50.568796389],[3.121043056,50.568823056],[3.121091389,50.568843333],[3.121146389,50.568860278],[3.121205,50.568872222],[3.121273889,50.568880556],[3.121346389,50.568880278],[3.121421667,50.568873889],[3.121486667,50.568864167],[3.121551667,50.568847222],[3.121605278,50.568826944],[3.121655,50.5688025],[3.121703333,50.568771944],[3.121741667,50.568735556],[3.121772778,50.568698889],[3.121799444,50.568653611],[3.121812222,50.568611389],[3.121821111,50.568568611],[3.1218225,50.568519167],[3.121808333,50.568470556],[3.121789167,50.568428333],[3.1217625,50.568387222],[3.121735556,50.568351389],[3.121694722,50.568314167],[3.1216325,50.568270556],[3.121567222,50.568235],[3.121502222,50.568211389],[3.12144,50.568191944],[3.1213825,50.56818],[3.121311111,50.568169444],[3.121244722,50.568164444],[3.121176111,50.568163056],[3.121109722,50.568167778],[3.121051111,50.568175833],[3.120996389,50.568187222],[3.120941389,50.568201111],[3.120900556,50.568216389],[3.1208475,50.568229722],[3.120790278,50.568237778],[3.120741667,50.568238611],[3.120701111,50.568234444],[3.119875,50.568118056]],[[3.116871944,50.571285],[3.116848333,50.571356111]],[[3.1167175,50.571243889],[3.116708056,50.571236944],[3.116690556,50.57125],[3.116722222,50.571252778],[3.1167175,50.571243889],[3.116826111,50.571214722]],[[3.116619722,50.571142778],[3.116608611,50.571176944]],[[3.116570833,50.571134722],[3.116556667,50.571171944]],[[3.116430556,50.570969722],[3.116408333,50.571040556]],[[3.116020556,50.571158611],[3.116012778,50.571166667],[3.116044167,50.571161667],[3.116022222,50.571148611],[3.116020556,50.571158611],[3.115903889,50.571141667]],[[3.115636111,50.571118611],[3.115651667,50.571080556]],[[3.115590278,50.571111667],[3.115602778,50.571074444]],[[3.115727222,50.570846389],[3.115743056,50.570810278]],[[3.115678333,50.570838333],[3.115691111,50.570804167]],[[3.115815556,50.570571944],[3.115828056,50.570535]],[[3.115768333,50.570565833],[3.115779167,50.570530833]],[[3.116968611,50.571205278],[3.116210833,50.571106944],[3.116141667,50.571317222],[3.116438333,50.570415833]],[[3.116274722,50.571336111],[3.116483056,50.570717778]],[[3.1158725,50.569934444],[3.115860833,50.569956389],[3.115841111,50.569980833],[3.115818889,50.570001667],[3.115790556,50.570018611],[3.115741389,50.570035],[3.115707778,50.570044167],[3.115653333,50.570055278],[3.115614167,50.570066111],[3.115576667,50.570074167],[3.115539444,50.570089444],[3.115495833,50.570110833],[3.115471667,50.570134722],[3.115453056,50.570157222],[3.115378333,50.570385],[3.115342778,50.570494722],[3.115173333,50.571011667],[3.115155556,50.571033333],[3.115131944,50.571050278],[3.115103333,50.571061667],[3.115076944,50.571070278],[3.115044444,50.571074722],[3.115014722,50.571072222],[3.114631111,50.571023333],[3.114589722,50.571015278],[3.114562222,50.571005833],[3.114538611,50.570987778],[3.114517778,50.570970278],[3.114506944,50.570950278],[3.114503056,50.570934167],[3.114623611,50.570575833],[3.114631389,50.570554167],[3.114647222,50.570532222],[3.114665,50.570517778],[3.114683611,50.570504167],[3.114705278,50.570494167],[3.114733889,50.570489722],[3.114771111,50.570491667],[3.115170556,50.570545833],[3.115211111,50.570548333],[3.1152425,50.570545833],[3.115278056,50.570537778],[3.115298611,50.570528889],[3.115321111,50.570512222],[3.115336111,50.570497222],[3.115349722,50.570477222]],[[3.114624722,50.570571944],[3.114628889,50.570596389],[3.114641111,50.570620278],[3.114665833,50.570644444],[3.114693889,50.570659722],[3.114727222,50.570667222],[3.115131111,50.570720556],[3.1151675,50.5707225],[3.115203611,50.570716111],[3.115238333,50.570704444],[3.115262222,50.570689167],[3.115279444,50.570674444],[3.115290278,50.570655833]],[[3.114570278,50.570735556],[3.114568889,50.570763056],[3.114579167,50.570790278],[3.114599444,50.570814722],[3.114628889,50.570833611],[3.114665833,50.570843611],[3.115090278,50.5708975],[3.115123611,50.570896111],[3.115158611,50.570886944],[3.115184444,50.570878333],[3.115203611,50.570865278],[3.115220833,50.570852222],[3.115230833,50.570837222]],[[3.115389444,50.570350556],[3.115384444,50.570378333],[3.115387222,50.570406667],[3.115399722,50.570434444],[3.1154175,50.570460833],[3.115437778,50.57048],[3.115474722,50.570500278],[3.115523333,50.570514722],[3.115615556,50.570527222],[3.116083056,50.570587778],[3.116122778,50.570588611],[3.116155556,50.5705825],[3.116186944,50.570575],[3.116210833,50.570565],[3.116231944,50.570553333],[3.11626,50.570533889],[3.116279167,50.570514722],[3.116292778,50.570496944],[3.116355556,50.5703025]],[[3.116355833,50.570302778],[3.116120278,50.571028333],[3.116108056,50.571047222],[3.116088611,50.5710725],[3.116066667,50.571090833],[3.116036667,50.5711075],[3.116009444,50.5711175],[3.115971667,50.571126111],[3.115935833,50.571131667],[3.115904167,50.571132222],[3.115868056,50.571128333],[3.115346944,50.571060278],[3.1152975,50.571045556],[3.115267778,50.571031667],[3.115245833,50.571013889],[3.11523,50.570990278],[3.115214167,50.570964167],[3.115206111,50.570935833],[3.115206944,50.570906667]],[[3.115294722,50.570641111],[3.115295833,50.570664444],[3.115299167,50.570686111],[3.1153125,50.570713611],[3.11533,50.570739167],[3.115350278,50.570755833],[3.11538,50.570775],[3.115417778,50.570786667],[3.115500556,50.570797778],[3.115971667,50.570859167],[3.116005833,50.570861667],[3.116046944,50.570858889],[3.116086667,50.57085],[3.116116389,50.57084],[3.116141111,50.570828333],[3.116164722,50.570810278],[3.116190278,50.570788611],[3.116207778,50.5707625]],[[3.1148325,50.571115278],[3.114850833,50.571065556]],[[3.114691389,50.571016111],[3.114712778,50.570966389]],[[3.114891944,50.570941111],[3.1149075,50.570888611]],[[3.114752778,50.57084],[3.114771111,50.570784444]],[[3.114953333,50.570763056],[3.114966944,50.570711389]],[[3.114807778,50.570665833],[3.114826111,50.570615278]],[[3.115671667,50.570438889],[3.115654722,50.570487778]],[[3.115924444,50.570666667],[3.115944444,50.570616944]],[[3.1155675,50.57076],[3.115584444,50.570711389]],[[3.115840278,50.570928333],[3.115858611,50.570878611]],[[3.115475833,50.5710325],[3.115494167,50.570983889]],[[3.115748333,50.5712125],[3.115766667,50.571160833]],[[3.096823333,50.566829167],[3.096891944,50.566844444],[3.096936389,50.566859167],[3.096983889,50.566876944],[3.097030278,50.5668975],[3.0970775,50.566925833],[3.097121944,50.566954167],[3.097158333,50.566989444],[3.097186944,50.567030278],[3.097213889,50.5670725],[3.097234167,50.567116944],[3.097241111,50.567150556],[3.097241111,50.567188333],[3.097238611,50.567216389],[3.097231111,50.567249722]]]}},{"type":"Feature","id":"LFQQ-b84a7fa80d0cbe9cf29b","properties":{"airport":"LFQQ","name":"LFQQ Groundlayout AVISO","layer":"Guidance lines","category":"Taxiway Blue","object_type":"Line","style_id":"line.taxiwayblue.004080","source_group":"LFQQ Groundlayout AVISO","vsmr_group_ids":[],"geometry_role":"linework"},"geometry":{"type":"MultiLineString","coordinates":[[[3.098058056,50.568814722],[3.098037778,50.568808889],[3.098022222,50.568799444],[3.098015278,50.568785833],[3.098016944,50.568769444],[3.098029167,50.568756667],[3.098048611,50.568749167],[3.098072778,50.568748889],[3.098094444,50.568752778],[3.098109167,50.568764444],[3.098116111,50.568778889],[3.098115278,50.568791111],[3.098101389,50.568803889],[3.098088333,50.568811944],[3.098071944,50.568815278],[3.098058056,50.568814722]],[[3.098127222,50.5686025],[3.098109722,50.568596667],[3.098095,50.568588611],[3.098085,50.568576389],[3.098082778,50.568561389],[3.098088056,50.568548333],[3.098105833,50.568533889],[3.098128056,50.568526944],[3.098152222,50.568526667],[3.098173611,50.568531111],[3.098193889,50.568542222],[3.098201389,50.5685575],[3.098200833,50.5685725],[3.098188333,50.568589444],[3.098166667,50.5686],[3.098148333,50.568603611],[3.098136389,50.568603611],[3.098127222,50.5686025]]]}},{"type":"Feature","id":"LFQQ-2291d9b0f2da74f40c3d","properties":{"airport":"LFQQ","name":"P2","layer":"Labels","category":"Taxiways","object_type":"Label","style_id":"label.taxiways","source_group":"LFQQ Taxiways","vsmr_group_ids":[],"geometry_role":"text_label","text-field":"P2"},"geometry":{"type":"Point","coordinates":[3.111595556,50.569290556]}},{"type":"Feature","id":"LFQQ-608d9c4e148e1475cd9a","properties":{"airport":"LFQQ","name":"P3","layer":"Labels","category":"Taxiways","object_type":"Label","style_id":"label.taxiways","source_group":"LFQQ Taxiways","vsmr_group_ids":[],"geometry_role":"text_label","text-field":"P3"},"geometry":{"type":"Point","coordinates":[3.100682778,50.567598333]}},{"type":"Feature","id":"LFQQ-eb146379c8c8bea8974a","properties":{"airport":"LFQQ","name":"P4","layer":"Labels","category":"Taxiways","object_type":"Label","style_id":"label.taxiways","source_group":"LFQQ Taxiways","vsmr_group_ids":[],"geometry_role":"text_label","text-field":"P4"},"geometry":{"type":"Point","coordinates":[3.093038333,50.566670556]}},{"type":"Feature","id":"LFQQ-3d4bfa9afe52b5414992","properties":{"airport":"LFQQ","name":"P5","layer":"Labels","category":"Taxiways","object_type":"Label","style_id":"label.taxiways","source_group":"LFQQ Taxiways","vsmr_group_ids":[],"geometry_role":"text_label","text-field":"P5"},"geometry":{"type":"Point","coordinates":[3.089311389,50.566144167]}},{"type":"Feature","id":"LFQQ-ffc7451bea06fd75e6c7","properties":{"airport":"LFQQ","name":"T2","layer":"Labels","category":"Taxiways","object_type":"Label","style_id":"label.taxiways","source_group":"LFQQ Taxiways","vsmr_group_ids":[],"geometry_role":"text_label","text-field":"T2"},"geometry":{"type":"Point","coordinates":[3.115360556,50.568839444]}},{"type":"Feature","id":"LFQQ-20bcf2aa2ee6996fc792","properties":{"airport":"LFQQ","name":"T3","layer":"Labels","category":"Taxiways","object_type":"Label","style_id":"label.taxiways","source_group":"LFQQ Taxiways","vsmr_group_ids":[],"geometry_role":"text_label","text-field":"T3"},"geometry":{"type":"Point","coordinates":[3.107161667,50.567698611]}},{"type":"Feature","id":"LFQQ-4c75d3f4da8a2f3f1cfb","properties":{"airport":"LFQQ","name":"T4","layer":"Labels","category":"Taxiways","object_type":"Label","style_id":"label.taxiways","source_group":"LFQQ Taxiways","vsmr_group_ids":[],"geometry_role":"text_label","text-field":"T4"},"geometry":{"type":"Point","coordinates":[3.095255278,50.566018889]}},{"type":"Feature","id":"LFQQ-b7c6b02227e70abb59a9","properties":{"airport":"LFQQ","name":"T5","layer":"Labels","category":"Taxiways","object_type":"Label","style_id":"label.taxiways","source_group":"LFQQ Taxiways","vsmr_group_ids":[],"geometry_role":"text_label","text-field":"T5"},"geometry":{"type":"Point","coordinates":[3.091108056,50.565416944]}},{"type":"Feature","id":"LFQQ-053e6a6e50037ba69d79","properties":{"airport":"LFQQ","name":"V1","layer":"Labels","category":"Taxiways","object_type":"Label","style_id":"label.taxiways","source_group":"LFQQ Taxiways","vsmr_group_ids":[],"geometry_role":"text_label","text-field":"V1"},"geometry":{"type":"Point","coordinates":[3.115819444,50.570180833]}},{"type":"Feature","id":"LFQQ-49307f6597c573d914cb","properties":{"airport":"LFQQ","name":"V2","layer":"Labels","category":"Taxiways","object_type":"Label","style_id":"label.taxiways","source_group":"LFQQ Taxiways","vsmr_group_ids":[],"geometry_role":"text_label","text-field":"V2"},"geometry":{"type":"Point","coordinates":[3.106836944,50.569065]}},{"type":"Feature","id":"LFQQ-75dfb0c3705c0ba14ab3","properties":{"airport":"LFQQ","name":"V3","layer":"Labels","category":"Taxiways","object_type":"Label","style_id":"label.taxiways","source_group":"LFQQ Taxiways","vsmr_group_ids":[],"geometry_role":"text_label","text-field":"V3"},"geometry":{"type":"Point","coordinates":[3.102766111,50.568450833]}},{"type":"Feature","id":"LFQQ-4872337eb8f21496490e","properties":{"airport":"LFQQ","name":"V4","layer":"Labels","category":"Taxiways","object_type":"Label","style_id":"label.taxiways","source_group":"LFQQ Taxiways","vsmr_group_ids":[],"geometry_role":"text_label","text-field":"V4"},"geometry":{"type":"Point","coordinates":[3.096669444,50.567234722]}},{"type":"Feature","id":"LFQQ-0a8777eeabb0155e8bcf","properties":{"airport":"LFQQ","name":"V5","layer":"Labels","category":"Taxiways","object_type":"Label","style_id":"label.taxiways","source_group":"LFQQ Taxiways","vsmr_group_ids":[],"geometry_role":"text_label","text-field":"V5"},"geometry":{"type":"Point","coordinates":[3.095140556,50.567021667]}},{"type":"Feature","id":"LFQQ-f828d7f69e020beba53f","properties":{"airport":"LFQQ","name":"V6","layer":"Labels","category":"Taxiways","object_type":"Label","style_id":"label.taxiways","source_group":"LFQQ Taxiways","vsmr_group_ids":[],"geometry_role":"text_label","text-field":"V6"},"geometry":{"type":"Point","coordinates":[3.0918375,50.573255833]}},{"type":"Feature","id":"LFQQ-2c157f94c4cd2dfb7f27","properties":{"airport":"LFQQ","name":"V7","layer":"Labels","category":"Taxiways","object_type":"Label","style_id":"label.taxiways","source_group":"LFQQ Taxiways","vsmr_group_ids":[],"geometry_role":"text_label","text-field":"V7"},"geometry":{"type":"Point","coordinates":[3.091993889,50.573692222]}},{"type":"Feature","id":"LFQQ-d214472221a16c89f631","properties":{"airport":"LFQQ","name":"V8","layer":"Labels","category":"Taxiways","object_type":"Label","style_id":"label.taxiways","source_group":"LFQQ Taxiways","vsmr_group_ids":[],"geometry_role":"text_label","text-field":"V8"},"geometry":{"type":"Point","coordinates":[3.093060556,50.5730825]}},{"type":"Feature","id":"LFQQ-b69b15871baaacbbeeaa","properties":{"airport":"LFQQ","name":"E","layer":"Labels","category":"Taxiways","object_type":"Label","style_id":"label.taxiways","source_group":"LFQQ Taxiways","vsmr_group_ids":[],"geometry_role":"text_label","text-field":"E"},"geometry":{"type":"Point","coordinates":[3.092375556,50.573705]}},{"type":"Feature","id":"LFQQ-eb9cdd1992841e944f30","properties":{"airport":"LFQQ","name":"F","layer":"Labels","category":"Taxiways","object_type":"Label","style_id":"label.taxiways","source_group":"LFQQ Taxiways","vsmr_group_ids":[],"geometry_role":"text_label","text-field":"F"},"geometry":{"type":"Point","coordinates":[3.092414722,50.573063333]}}]}
